Analysis group,Analysis number,Analysis name,Subgroup,Applicability,Study,Study year,GIV Mean,GIV SE,Experimental mean,Experimental SD,Experimental cases,Experimental N,Control mean,Control SD,Control cases,Control N,O-E,Variance,Weight,Mean,CI start,CI end,Footnotes,Bias arising from the randomization process (judgement),Bias arising from the randomization process (support),Bias due to deviations from intended interventions (judgement),Bias due to deviations from intended interventions (support),Bias due to missing outcome data (judgement),Bias due to missing outcome data (support),Bias in measurement of the outcome (judgement),Bias in measurement of the outcome (support),Bias in selection of the reported result (judgement),Bias in selection of the reported result (support),Overall bias (judgement),Overall bias (support)
1,1,Diagnosis of mental disorders at 1-6 months ,,SUBGROUP_AND_OVERALL,George 2020,2020,0.0,0.0,0.0,0.0,9,64,0.0,0.0,18,73,0.0,0.0,100.0,0.570313,0.275841,1.179144,Edinburgh Postnatal Depression Scale (EPDS) as proxy,Low risk,"<p>1a.1: PY; 1a.2: PY. Quote: &quot;The 3 sites were allocated to the arms (1,2,3) employing a lottery method by the epidemiologist (G). The outcome assessors and epidemiologist were blind to both the allocation sequence and nature of intervention.&quot;No information on the sequence of randomization and recruitment is provided; it appears all those involved in recruitment were bilnded, it is therefore unlikely that selection was influenced by knowledge of allocation. Baseline characterisitics were comparable across intervention groups. </p><p>1.3: NI. Note: No useful information is reported to evaluate this element</p><p>1b.1: NI - no information on the sequence of randomization and recruitment is provided; 1b.2: PN -  it appears all those involved in recruitment were bilnded, it is therefore unlikely that selection was influenced by knowledge of allocation; 1b.3: N - baseline characterisitics were comparable across intervention groups. </p>",Low risk,<p>2.1a: NI; 2.1b: PY; 2.2: PY. Note: No useful information is reported to evaluate this element</p><p>2.3: PN. Note: No evidence to suggest deviations from the intended intervention that arose because of the trial context </p><p>2.4: NA.</p><p>2.5: NA.</p><p>2.6: PY. Note: All randomized participants were analyzed.</p><p>2.7: NA.</p><p>Even if participants were most likely aware of allocation there was no evidence to suggest deviations from the trial context. An appropriate analysis to estimate the effect of assignment was conducted.</p>,Low risk,"<p>3.1a PY: all 3 clusters that ecrited participants were analyzed; </p><p>3.1b: PY - n=12 losses occurred over 214 allocated participants (5.6%)</p><p>3.2: NA.</p><p>3.3: NA.</p><p>3.4: NA.</p><p>Data was available for almost all participants, all 3 clusters were analysed.</p>",Some concerns,"<p>4.1: PN. Note: The outcome measure is widely established and adapted for use in Nepal.</p><p>4.2: PN. Note: No evidence to suggest that.</p><p>4.3a: NI; 4.3b: DISCR. Note: no information provided on whether participants knew that they were in a trial, participants were most likely aware of the group allocation due to the nature of the intervention </p><p>4.4: PY; 4.5: PN. Note: Knowledge of the assigned intervention could influence participant-reported outcomes, but there is no reason to believe that it did.</p><p>There is no evidence to suggest that the outcome measure was inappropriate and that measurement could have differed between groups. No information is provided on whether participants were aware that a trial was taking place, but it is likely that they were aware of their assigned intervention. There is no reason to believe that this knowledge would have influenced outcome assessment. </p>",Low risk,"<p>5.1: PY. Note: No evidence to suggest otherwise, methods and results do not show discrepancies. </p><p>5.2: PN. Note: No evidence to suggest outcome selection. All outcomes mentioned in the methods and results were reported.</p><p>5.3: PN. Note: No evidence to suggest analyses selection. All analyses mentioned in the methods and results were reported.</p>",Some concerns,"<p>The study is judged to raise some concerns in one domain (4), but not to be at high risk of bias for any domain.</p>"
1,2,Diagnosis of mental disorders at 7-24 months,,SUBGROUP_AND_OVERALL,Rockers 2018,2018,0.0,0.0,0.0,0.0,25,156,0.0,0.0,40,167,0.0,0.0,100.0,0.669071,0.426823,1.048807, Self-Reporting Questionnaire (SRQ) as proxy,Low risk,<p>1a.1: PY; 1a.2: PY. Quote: &quot;Health zones (clusters) were randomized prior to baseline enrollment with equal probability <br/>1.3: NI. Note: useful information is reported to evaluate this element</p><p>1b.1: N. Note: particpants were recruited after randomization; </p><p>1b.2: PN. Note: there is no evidence to suggest that selection of individual participants was affected by knoweldge of the intervention assigned to the cluster</p><p>1b.3:PN. Note: baseline characteristics were comparable across intervention and control group.</p>,Low risk,"<p>2.1a: NI; 2.1b: PY; 2.2: PY. Note: No information provided on whether participants for which we are analysing the outcome (parents) knew that they were in a trial, due to the nature of the intervention they (as those delivering the intervention) were aware of intervention allocation.</p><p>2.3: PN. Note: No evidence to suggest deviations from the intended intervention that arose because of the trial context.</p><p>2.4: NA.</p><p>2.5: NA.</p><p>2.6: Y. Note: Data was analysed on an intention-to-treat basis.</p><p>2.7: NA</p>",Low risk,<p>3.1a: Y. Note: all 30 clusters that recruited participants were analyzed.</p><p>3.1b: PY. Note: follow up rates osciallted between 82-83% for 12 months and 71-73% at 24 months. No significant differences in attritio between control and intervention. </p><p>3.2: NA.</p><p>3.3: NA.</p><p>3.4: NA.</p>,Some concerns,"<p>4.1: PN. Note: The outcome measure is widely established and validated for use across different contexts.</p><p>4.2: PN. Note: No evidence to suggest that.</p><p>4.3a: NI; 4.3b: PY. Note: No information provided on whether participants knew that they were in a trial, participants were most likely aware of the group allocation due to the nature of the intervention.</p><p>4.4: PY; 4.5: PN. Note: Knowledge of the assigned intervention could influence participant-reported outcomes, but there is no reason to believe that it did.</p>",Low risk,"<p>5.1: PY. Note: No evidence to suggest otherwise, methods and results do not show discrepancies. </p><p>5.2: PN. Note: No evidence to suggest outcome selection. All outcomes mentioned in the methods and results were reported.</p><p>5.3: PN. Note: No evidence to suggest analyses selection. All analyses mentioned in the methods and results were reported.</p>",Some concerns,"<p>The study is judged to raise some concerns in one domain (4), but not to be at high risk of bias for any domain.</p>"
1,3,Quality of life at 0-1 months,,SUBGROUP_AND_OVERALL,Duan 2019,2019,0.0,0.0,-3.99,0.51,0,19,-3.43,0.77,0,19,0.0,0.0,12.206836,-0.8395,-1.505913,-0.173086,Brief Inventory of Thriving (BIT) ,Some concerns,<p>1.1: PY; 1.2: NI.  Quote: &quot;Randomization<br/>was conducted through computer random number<br/>generators.&quot;</p><p>1.3: PN.  Quote: &quot;no significant difference<br/>in the preassessment variables between the two groups&quot;</p>,Some concerns,<p>2.1: PY; 2.2: PY. Note: Due to the nature of the intervention participants and personnel were most likely aware of allocation</p><p>2.3: PN.  Note: No evidence to suggest issues to implement intervention</p><p>2.4: NA.</p><p>2.5: NA.</p><p>2.6: NI. Note: No explicit mention of the analysis used to estimate the effect of assignment to intervention. Data was analyzed for participants whose follow-up data was available (73%)</p><p>2.7: PN.  No evidence to suggest analysis in the wrong group or exclusion of participants that could have had a substantial impact on the results</p>,Some concerns,"<p>3.1: PN.  Note: Out of the 52 randomized participants, 14 (27%) were lost at follow-up (1 week after intervention). At post-intervention, the rate was of 21%.</p><p>3.2: PN.  Note: No information to suggest that results were not biased by missing outcome data. </p><p>3.3: PY. Note: Missing data occurred for reasons that could be related to at least one of the assessed outcomes.The dropouts were balanced across comparison groups. Quote: &quot;the dropout rate was 27% because<br/>the data were collected by means of online questionnaire and a<br/>few students forgot to complete the measures in time&quot;. </p><p>3.4: PN.</p>",High risk,"<p>4.1: N. Note: The selected outcome method (BIT) is established, validated for the local context, and assessed in its psychometric properties for this sample. </p><p>4.2: PY. Note: It appears that different data collection methods were used at post-intervention for the control and intervention group. Quote: &quot;At the end of the lesson, the intervention group was<br/>asked to fill out the postintervention test immediately, and<br/>the data of control group were obtained through online<br/>questionnaires within the same day.&quot;</p><p>4.3: NA. Note: Outcome assessors (participants) were most likely aware of intervention allocation.</p><p>4.4: NA.</p><p>4.5: NA. </p>",Some concerns,<p>5.1: NI.  Note: Information provided is insufficient to make a judgment on this item as a specific method section for statistical procedures is missing.</p><p>5.2: NI. Note: Information provided is insufficient to make a judgment on this item as a specific method section for statistical procedures is missing.</p><p>5.3: NI. Note: Information provided is insufficient to make a judgment on this item as a specific method section for statistical procedures is missing.</p>,High risk,<p>The study is judged to be at high risk of bias<b> </b>in one domain (4).</p>
1,3,Quality of life at 0-1 months,,SUBGROUP_AND_OVERALL,Hendriks 2019,2019,0.0,0.0,-3.78,0.96,0,80,-3.49,0.94,0,78,0.0,0.0,27.757753,-0.303735,-0.617452,0.009981,Total Score of the Mental Health Continuum—Short Form (MHC-SF),Low risk,"<p>1.1: Y; 1.2: PY. Note: Quote: &quot;Participants were randomly assigned to either the intervention<br/>group (n = 87) or the wait-list control group<br/>(n = 86), using the online program research randomizer<br/>(https://www.randomizer.org).&quot;; &quot;At the end of the session they received a sealed opaque<br/>envelope containing their given group number, which<br/>corresponded to one of the conditions. This procedure<br/>was performed by a different independent party to maximize<br/>allocation concealment.&quot;</p><p>1.3: PN. Quote: &quot;No<br/>significant differences of socio-demographics between<br/>groups were found, except for gender and ethnicity,<br/>with an overrepresentation of male participants from<br/>Javanese descent in the intervention group.&quot;</p><p> </p>",Low risk,"<p>2.1: PY; 2.2: PY. Note: Due to the nature of the intervention participants and personnel were most likely aware of allocation. </p><p>2.3: PN. Note: No evidence to suggest issues to implement intervention.</p><p>2.4: NA.</p><p>2.5: NA.</p><p>2.6: Y. Quote: &quot;Of the 173 randomized participants, 15 did not attend the<br/>baseline assessment due to work-related scheduling conflicts.<br/>These absences were unrelated to the randomization<br/>itself and were the result of workflow processes, not<br/>individual volition. Due to these initial drop-outs,<br/>a modified intention-to-treat (mITT) analysis was used&quot;</p><p>2.7: NA.</p>",Low risk,"<p>3.1: PY. Quote: &quot;In total, 158 participants completed the baseline assessment<br/>and started the intervention, 144 (91%) participants<br/>completed the post-test at seven weeks, and 120<br/>(76%) the three month follow-up assessment.&quot;</p><p>3.2: NA.</p><p>3.3: NA.</p><p>3.4: NA.</p>",Some concerns,"<p>4.1: PN. Quote: &quot;Cronbach’s alpha in the present study was<br/>.89 at pretest, .92 at post-test, and .94 at follow-up.&quot;</p><p>4.2: PN. Note: no evidence to suggest differences in measurement between intervention and control. </p><p>4.3: PY. Note: Outcome assessors (participants) were most likely aware of intervention allocation. The investigators in the trial were blinded. </p><p>4.4: PY; 4.5: PN. Note: Knowledge of the assigned intervention could influence participant-reported outcomes, but there is no reason to believe that it did.</p>",Low risk,"<p>5.1: PN. Note: No evidence to suggest otherwise, methods and results do not show discrepancies. </p><p>5.2: PN. Note: no evidence to suggest outcome selection. All outcomes mentioned in the methods and results were reported.</p><p>5.3: PN. Note: No evidence to suggest analyses selection. All analyses mentioned in the methods and results were reported. </p>",Some concerns,"<p>The study is judged to raise some concerns in one domain (4), but not to be at high risk of bias for any domain.</p>"
1,3,Quality of life at 0-1 months,,SUBGROUP_AND_OVERALL,Hirani 2018,2018,0.0,0.0,-77.5,14.33,0,60,-74.58,14.18,0,60,0.0,0.0,24.968224,-0.203533,-0.562328,0.155263,World Health Organization Quality-of-Life Scale (WHOQOL-BREF),Low risk,"<p>1.1: Y; 1.2: Y.  Quote: &quot;All women were randomly assigned to either the intervention(n = 60) or the control group (n = 60) using acomputer random number generator program. The randomnumbers were generated prior to recruitment and placed inconsecutively numbered, sealed, opaque envelopes by thefirst author and given to the CHW. To minimize the risk ofbias, the first author was not involved in participantrecruitment or allocation to group&quot;</p><p>1.3: N. Quote: &quot;There were no statistically significant differences in thedemographic characteristics of participants in the interventionand control groups&quot;</p>",High risk,"<p>2.1: PY; 2.2: PY. Note:Due to the nature of the intervention participants and personnel were most likely aware of allocation. Community health workers responsible for data collection were blinded. </p><p>2.3: PY; 2.4: PY. Quote: &quot;Women in the control group also showed slightimprovements in their post-intervention mean scores ofresilience and QOL measures. It is possible that the singlesession on mental health awareness offered to the controlgroup provided the women with an opportunity to meetwith other women and to talk about issues affecting theirmental health&quot;</p><p>2.5: PN. Note: This changes affect the control participants, hence they are not balanced across groups. </p><p>2.6: Y. Quote: &quot;All analyses were performed based on intent-to-treat&quot;</p><p>2.7: NA.</p>",Low risk,<p>3.1: Y.  Quote: &quot;All analyses were performed based on intent-to-treat&quot;</p><p>3.2: NA.</p><p>3.3: NA.</p><p>3.4: NA.</p>,Some concerns,"<p>4.1: N. Note: The selected outcome method (WHOQOL-BREF) is widely validated and established, appropriate for the local context, and demonstrated good psychometric properties for this sample. </p><p>4.2: PN. Note: No evidence to suggest differences in measurement between intervention and control. </p><p>4.3: PY. Note: Outcome assessors (participants) were most likely aware of intervention allocation. CHWs collecting data were blinded.</p><p>4.4: PY; 4.5: PN. Note: Knowledge of the assigned intervention could influence participant-reported outcomes, but there is no reason to believe that it did</p>",Low risk,"<p>5.1: PY. Note: no evidence to suggest otherwise, methods and results do not show discrepancies. </p><p>5.2: PN. Note: No evidence to suggest outcome selection. All outcomes mentioned in the methods are reported.</p><p>5.3: PN. Note: No evidence to suggest analyses selection. All analyses mentioned in the methods were reported. </p>",High risk,<p>The study is judged to be at high risk of bias<b> </b>in one domain (2).</p>
1,3,Quality of life at 0-1 months,,SUBGROUP_AND_OVERALL,Latina 2019,2019,0.0,0.0,-2.39,1.0,0,193,-2.41,1.1,0,175,0.0,0.0,35.067187,0.019032,-0.185558,0.223621,Short Form Health Survey (SF-36),Low risk,<p>1.1: PY; 1.2: PY: Quote: &quot;Individuals were then randomized in a 1:1 allocation to<br/>the peer group intervention or the self-management<br/>control group stratified by parish; the stratification<br/>preventing imbalance between the treatment groups in<br/>each parish&quot;</p><p>1.3: PN. Note: Baseline characteristics are comparable across groups. Formal testing is reported for non-demographic characteristics only. </p>,Low risk,<p>2.1:Y; 2.2:Y. Note: The trial was open label</p><p>2.3: PN. Note: No evidence to suggest issues to implement intervention</p><p>2.4: NA.</p><p>2.5: NA. </p><p>2.6: PY. Quote: &quot;A complete-case intention-to-treat analysis was performed as main analysis&quot;</p><p>2.7: NA. </p>,Low risk,<p>3.1: PY. Note: 34 out of the 402 randomized participants were lost at follow-up (8.45%)</p><p>3.2: NA.</p><p>3.3: NA.</p><p>3.4: NA.</p>,Some concerns,"<p>4.1: PN. Note: The selected outcome method is widely validated and established.</p><p>4.2: PN. Note: No evidence to suggest differences in measurement between intervention and control. </p><p>4.3:PY . Note: Outcome assessors (participants) were most likely aware of intervention allocation. </p><p>4.4: PY; 4.5: PN. Note: Knowledge of the assigned intervention could influence participant-reported outcomes, but there is no reason to believe that it did.</p>",High risk,"<p>5.1: PY. Note: No evidence to suggest otherwise, methods and results do not show discrepancies. </p><p>5.2: PY. Note: The outcomes mentioned in the NCT protocol are reported in the manuscript, but aggregated differently (instead of a Composite GHP outcomes health score including QoL, the latter was presented independently as a secondary outcome. CV health was also reported differently than planned, with the Fuster-BEWAT<br/>score)</p><p>5.3: PN. Note: No evidence to suggest analyses selection. All analyses mentioned in the methods were reported. </p>",High risk,<p>The study is judged to be at high risk of bias<b> </b>in one domain (5).</p>
1,4,Quality of life at 7-24 months ,,SUBGROUP_AND_OVERALL,Zhou 2010,2010,0.0,0.0,-74.7,18.1,0,122,-67.4,19.4,0,100,0.0,0.0,100.0,-7.3,-12.277277,-2.322723,Short Form Health Survey (SF-36),Low risk,<p>1a.1: PY; 1a.2: PY. Quote: &quot;Towns or villages were randomly selected and assigned using a random<br/>number table. For&quot;</p><p>1.3: NI. No useful information is reported to evaluate this element.</p><p>1b.1: N. particpants were recruited after randomization;</p><p>1b.2: PY. significant baseline differences were observed for more than hald of the varaibles assessed. Overall: Some concerns</p>,Some concerns,"<p>2.1a: NI; 2.1b: PY; 2.2: PY. Note: No information provided on whether participants knew that they were in a trial, due to the nature of the intervention they (as those delivering the intervention) were most likely aware of intervention allocation.</p><p>2.3: PN. Note: No evidence to suggest deviations from the intended intervention that arose because of the trial context </p><p>2.4: NA.</p><p>2.5: NA. </p><p>2.6: NI. Note: Not enough information provided to give a judjment on this item</p><p>2.7: PN. Note: No evidence to suggest that failure to analyzed participants in randomized groups could a substantial impact on the results</p>",Low risk,<p>3.1a: PY: Note: no evidence to suggest cluster loss; </p><p>3.2b: PY. Note: data were avaiable for almost all</p><p>3.2: NA.</p><p>3.3: NA.</p>,Some concerns,"<p>4.1: PN. Note: The selected outcome method  is widely validated and established across for use across different contexts</p><p>4.2: PN. Note: No evidence to suggest that.</p><p>4.3a: NI; 4.3b:PY . Note: No information provided on whether participants knew that they were in a trial, participants were most likely aware of the group allocation due to the nature of the intervention </p><p>4.4: PY; 4.5: PN. Note: Knowledge of the assigned intervention could influence participant-reported outcomes, but there is no reason to believe that it did.</p>",Low risk,"<p>5.1: PY. Note: No evidence to suggest otherwise, methods and results do not show discrepancies. </p><p>5.2: PN. Note: No evidence to suggest outcome selection. All outcomes mentioned in the methods and results were reported. </p><p>5.3: PN. Note: No evidence to suggest analyses selection. All analyses mentioned in the methods were reported. </p>",Some concerns,"<p>The study is judged to raise some concerns in two domains (2 and 4), but not to be at high risk of bias for any domain.</p>"
1,5,Depressive symptoms at 0-1 months,,SUBGROUP_AND_OVERALL,Duan 2019,2019,0.0,0.0,1.19,0.27,0,19,1.64,0.67,0,19,0.0,0.0,23.706585,-0.862517,-1.530586,-0.194447,Depression Anxiety Stress Scale (DASS-21),Some concerns,<p>1.1: PY; 1.2: NI.  Quote: &quot;Randomization<br/>was conducted through computer random number<br/>generators.&quot;</p><p>1.3: PN.  Quote: &quot;no significant difference<br/>in the preassessment variables between the two groups&quot;</p>,Some concerns,<p>2.1: PY; 2.2: PY. Note: Due to the nature of the intervention participants and personnel were most likely aware of allocation</p><p>2.3: PN.  Note: No evidence to suggest issues to implement intervention</p><p>2.4: NA.</p><p>2.5: NA.</p><p>2.6: NI. Note: No explicit mention of the analysis used to estimate the effect of assignment to intervention. Data was analyzed for participants whose follow-up data was available (73%)</p><p>2.7: PN.  Note: No evidence to suggest analysis in the wrong group or exclusion of participants that could have had a substantial impact on the results</p>,Some concerns,"<p>3.1: PN.  Note: Out of the 52 randomized participants, 14 (27%) were lost at follow-up (1 week after intervention). At post-intervention, the rate was of 21%.</p><p>3.2: PN.  Note: No information to suggest that results were not biased by missing outcome data. </p><p>3.3: PY. Note: Missing data occurred for reasons that could be related to at least one of the assessed outcomes.The dropouts were balanced across comparison groups. Quote: &quot;the dropout rate was 27% because<br/>the data were collected by means of online questionnaire and a<br/>few students forgot to complete the measures in time&quot;. </p><p>3.4: PN.</p>",High risk,"<p>4.1: N. Note: The selected outcome method (BIT) is established, validated for the local context, and assessed in its psychometric properties for this sample. </p><p>4.2: PY. Note: It appears that different data collection methods were used at post-intervention for the control and intervention group. Quote: &quot;At the end of the lesson, the intervention group was<br/>asked to fill out the postintervention test immediately, and<br/>the data of control group were obtained through online<br/>questionnaires within the same day.&quot;</p><p>4.3: NA. Note: Outcome assessors (participants) were most likely aware of intervention allocation.</p><p>4.4: NA.</p><p>4.5: NA. </p>",Some concerns,<p>5.1: NI.  Note: Information provided is insufficient to make a judgment on this item as a specific method section for statistical procedures is missing.</p><p>5.2: NI. Note: Information provided is insufficient to make a judgment on this item as a specific method section for statistical procedures is missing.</p><p>5.3: NI. Note: Information provided is insufficient to make a judgment on this item as a specific method section for statistical procedures is missing.</p>,High risk,<p>The study is judged to be at high risk of bias<b> </b>in one domain (4).</p>
1,5,Depressive symptoms at 0-1 months,,SUBGROUP_AND_OVERALL,Hendriks 2019,2019,0.0,0.0,1.5,0.33,0,80,1.64,0.41,0,78,0.0,0.0,38.204452,-0.374889,-0.689563,-0.060215,Depression Anxiety Stress Scale (DASS-21),Low risk,"<p>1.1: Y; 1.2: PY. Note: Quote: &quot;Participants were randomly assigned to either the intervention<br/>group (n = 87) or the wait-list control group<br/>(n = 86), using the online program research randomizer<br/>(https://www.randomizer.org).&quot;; &quot;At the end of the session they received a sealed opaque<br/>envelope containing their given group number, which<br/>corresponded to one of the conditions. This procedure<br/>was performed by a different independent party to maximize<br/>allocation concealment.&quot;</p><p>1.3: PN. Quote: &quot;No<br/>significant differences of socio-demographics between<br/>groups were found, except for gender and ethnicity,<br/>with an overrepresentation of male participants from<br/>Javanese descent in the intervention group.&quot;</p><p> </p>",Low risk,"<p>2.1: PY; 2.2: PY. Note: Due to the nature of the intervention participants and personnel were most likely aware of allocation. </p><p>2.3: PN. Note: No evidence to suggest issues to implement intervention.</p><p>2.4: NA.</p><p>2.5: NA.</p><p>2.6: Y. Quote: &quot;Of the 173 randomized participants, 15 did not attend the<br/>baseline assessment due to work-related scheduling conflicts.<br/>These absences were unrelated to the randomization<br/>itself and were the result of workflow processes, not<br/>individual volition. Due to these initial drop-outs,<br/>a modified intention-to-treat (mITT) analysis was used&quot;</p><p>2.7: NA.</p>",Low risk,"<p>3.1: PY. Quote: &quot;In total, 158 participants completed the baseline assessment<br/>and started the intervention, 144 (91%) participants<br/>completed the post-test at seven weeks, and 120<br/>(76%) the three month follow-up assessment.&quot;</p><p>3.2: NA.</p><p>3.3: NA.</p><p>3.4: NA.</p>",Some concerns,"<p>4.1: PN. Quote: &quot;Cronbach’s alpha in the present study was<br/>.89 at pretest, .92 at post-test, and .94 at follow-up.&quot;</p><p>4.2: PN. Note: no evidence to suggest differences in measurement between intervention and control. </p><p>4.3: PY. Note: Outcome assessors (participants) were most likely aware of intervention allocation. The investigators in the trial were blinded. </p><p>4.4: PY; 4.5: PN. Note: Knowledge of the assigned intervention could influence participant-reported outcomes, but there is no reason to believe that it did.</p>",Low risk,"<p>5.1: PN. Note: No evidence to suggest otherwise, methods and results do not show discrepancies. </p><p>5.2: PN. Note: no evidence to suggest outcome selection. All outcomes mentioned in the methods and results were reported.</p><p>5.3: PN. Note: No evidence to suggest analyses selection. All analyses mentioned in the methods and results were reported. </p>",Some concerns,"<p>The study is judged to raise some concerns in one domain (4), but not to be at high risk of bias for any domain.</p>"
1,5,Depressive symptoms at 0-1 months,,SUBGROUP_AND_OVERALL,Yusoff 2015,2015,0.0,0.0,4.85,6.05,0,73,4.36,4.97,0,80,0.0,0.0,38.088963,0.088464,-0.228935,0.405862,Beck’s Depression Inventory (BDI),Low risk,"<p>1.1: PY ; 1.2: PY.  Quote: &quot;We performed random selection by Statistical Package for Social Sciences (SPSS) version 18&quot;. Quote: &quot;We preformed stratified randomization method to allocate the consenting students into intervention and control groups by draw lots&quot;</p><p>1.3: N. Quote: &quot;At baseline, the intervention and control groups were equal except for active coping and denial. Even though there is no significant difference between the study groups, the baseline scores were controlled during the statistical analysis.&quot;</p>",Low risk,"<p>2.1: PY; 2.2: PY.  Note: Due to the nature of the intervention participants and personnel were most likely aware of allocation</p><p>2.3: PN. Note: No evidence to suggest issues to implement intervention</p><p>2.4: NA.</p><p>2.5: NA.</p><p>2.6: PY. Note: No explicit mention of the analysis used to estimate the effect of assignment to intervention. Data was analyzed for participants whose data was available at follow-up (153 out of 171, 89.5%).</p><p>2.7: NA.</p>",Low risk,<p>3.1: PY.  Note: Data was missing for 10.5% of the randomized participants (18 out of 153)</p><p>3.2: NA.</p><p>3.3: NA.</p><p>3.4: NA.</p>,Some concerns,"<p>4.1: PN.  Note: The selected outcome method (BDI) is well established and validated across contexts. </p><p>4.2: PN. Note: No evidence to suggest differences in measurement between intervention and control. </p><p>4.3: PY. Note: Outcome assessors (participants) were most likely aware of intervention allocation.</p><p>4.4: PY. Note: Knowledge of the assigned intervention could influence participant-reported outcomes, but there is no reason to believe that it did</p><p>4.5: PN. </p>",Low risk,"<p>5.1: PY. Note: No evidence to suggest otherwise, methods and results do not show discrepancies. </p><p>5.2: PN. Note: No evidence to suggest outcome selection. All outcomes mentioned in the methods are reported.</p><p>5.3: PN. Note: No evidence to suggest analyses selection. All analyses mentioned in the methods were reported. </p>",Some concerns,"<p>The study is judged to raise some concerns in one domain (4), but not to be at high risk of bias for any domain.</p>"
1,6,Depressive symptoms at 1-6 months,,SUBGROUP_AND_OVERALL,Yusoff 2015,2015,0.0,0.0,4.74,5.68,0,73,5.99,7.11,0,80,0.0,0.0,100.0,-1.25,-3.281048,0.781048,Beck’s Depression Inventory (BDI),Low risk,"<p>1.1: PY ; 1.2: PY.  Quote: &quot;We performed random selection by Statistical Package for Social Sciences (SPSS) version 18&quot;. Quote: &quot;We preformed stratified randomization method to allocate the consenting students into intervention and control groups by draw lots&quot;</p><p>1.3: N. Quote: &quot;At baseline, the intervention and control groups were equal except for active coping and denial. Even though there is no significant difference between the study groups, the baseline scores were controlled during the statistical analysis.&quot;</p>",Low risk,"<p>2.1: PY; 2.2: PY.  Note: Due to the nature of the intervention participants and personnel were most likely aware of allocation</p><p>2.3: PN. Note: No evidence to suggest issues to implement intervention</p><p>2.4: NA.</p><p>2.5: NA.</p><p>2.6: PY. Note: No explicit mention of the analysis used to estimate the effect of assignment to intervention. Data was analyzed for participants whose data was available at follow-up (153 out of 171, 89.5%).</p><p>2.7: NA.</p>",Low risk,<p>3.1: PY.  Note: Data was missing for 10.5% of the randomized participants (18 out of 153)</p><p>3.2: NA.</p><p>3.3: NA.</p><p>3.4: NA.</p>,Some concerns,"<p>4.1: PN.  Note: The selected outcome method (BDI) is well established and validated across contexts. </p><p>4.2: PN. Note: No evidence to suggest differences in measurement between intervention and control. </p><p>4.3: PY. Note: Outcome assessors (participants) were most likely aware of intervention allocation.</p><p>4.4: PY. Note: Knowledge of the assigned intervention could influence participant-reported outcomes, but there is no reason to believe that it did</p><p>4.5: PN. </p>",Low risk,"<p>5.1: PY. Note: No evidence to suggest otherwise, methods and results do not show discrepancies. </p><p>5.2: PN. Note: No evidence to suggest outcome selection. All outcomes mentioned in the methods are reported.</p><p>5.3: PN. Note: No evidence to suggest analyses selection. All analyses mentioned in the methods were reported. </p>",Some concerns,"<p>The study is judged to raise some concerns in one domain (4), but not to be at high risk of bias for any domain.</p>"
1,7,Depressive symptoms at 7-24 months,,SUBGROUP_AND_OVERALL,Jewkes 2008,2008,0.0,0.0,8.23,8.62,0,531,9.29,9.87,0,523,0.0,0.0,87.414856,-0.114372,-0.235217,0.006472,Center for Epidemiologic Studies Depression Scale (CES-D),High risk,"<p>1a.1: PY; 1a.2: PN. Quote: &quot;Clusters were grouped into seven strata, with one stratum comprising the townships and six having the villages grouped according to proximity to particular roads. Within each stratum, equal numbers of clusters were allocated to each arm. The study statistician (JL) based in Pretoria, who had no knowledge of the study area, randomly generated the allocation sequence for each stratum.&quot;; &quot;There was no blinding and for logistical reasons randomisation was done before village recruitment.&quot;</p><p>1.3: NA. Note:  No useful information is reported to evaluate this element</p><p>1b.1: N- clusters were first allocated to the intervention or control arm, then participants were recruited; </p><p>b.2 PY: Quote &quot;No villages declined to participate in the study because of their allocation but some individuals did. &quot;; </p><p>1.3b: PN - Baseline characteristics were comparable across intervention and control. </p>",Low risk,"<p>2.1a: Y; 2.1b: PY. Quote: &quot;Informed written consent for participation was obtained from both parents and children. All participants were informed about the nature of the study, research objectives and confidentiality of data&quot;.</p><p>2.2: PY. Due to the nature of the intervention, people delivering the intervention were most likely aware of their assigned intervention.</p><p>2.3: PN.  Note: No evidence to suggest deviations from the intended intervention that arose because of the trial context </p><p>2.4: NA.</p><p>2.5: NA.</p><p>2.6: DISCR. Note:  Data was analysed on an intention-to-treat basis.</p><p>2.7: NA.</p>",Low risk,<p>3.1a Y: all 70 clusters that recruited participants were analyzed; </p><p>3.1b: PY - follow up rates osciallted between 69.5% for 24 months and 75.8% at 12 months</p><p>3.2: PN. Note: No evidence that the result was not biased by missing data</p><p>3.3: PN; 3.4: NA. Note: Most loss at follow-up were attributable to causes unrelated to the assessed outcomes. Quote: &quot; Loss to follow-up was mainly because participants had moved and could not be located.&quot;</p>,Some concerns,"<p>4.1: PN. Note: The outcome measure is widely established and adapted for use in Nepal.</p><p>4.2: PN. Note: No evidence to suggest that.</p><p>4.3a: NI; 4.3b: DISCR. Note: no information provided on whether participants knew that they were in a trial, participants were most likely aware of the group allocation due to the nature of the intervention </p><p>4.4: PY; 4.5: PN. Note: Knowledge of the assigned intervention could influence participant-reported outcomes, but there is no reason to believe that it did.</p>",Low risk,"<p>5.1: PY. Note: No evidence to suggest otherwise, methods and results do not show discrepancies. </p><p>5.2: PN. Note: No evidence to suggest outcome selection. All outcomes mentioned in the methods and results were reported.</p><p>5.3: PN. Note: No evidence to suggest analyses selection. All analyses mentioned in the methods and results were reported.</p>",High risk,<p>The study is judged to be at high risk of bias<b> </b>in one domain (1).</p>
1,7,Depressive symptoms at 7-24 months,,SUBGROUP_AND_OVERALL,Yusoff 2015,2015,0.0,0.0,4.73,5.17,0,73,6.29,7.11,0,80,0.0,0.0,12.585144,-0.247945,-0.566431,0.07054,Beck’s Depression Inventory (BDI),Low risk,"<p>1.1: PY ; 1.2: PY.  Quote: &quot;We performed random selection by Statistical Package for Social Sciences (SPSS) version 18&quot;. Quote: &quot;We preformed stratified randomization method to allocate the consenting students into intervention and control groups by draw lots&quot;</p><p>1.3: N. Quote: &quot;At baseline, the intervention and control groups were equal except for active coping and denial. Even though there is no significant difference between the study groups, the baseline scores were controlled during the statistical analysis.&quot;</p>",Low risk,"<p>2.1: PY; 2.2: PY.  Note: Due to the nature of the intervention participants and personnel were most likely aware of allocation</p><p>2.3: PN. Note: No evidence to suggest issues to implement intervention</p><p>2.4: NA.</p><p>2.5: NA.</p><p>2.6: PY. Note: No explicit mention of the analysis used to estimate the effect of assignment to intervention. Data was analyzed for participants whose data was available at follow-up (153 out of 171, 89.5%).</p><p>2.7: NA.</p>",Low risk,<p>3.1: PY.  Note: Data was missing for 10.5% of the randomized participants (18 out of 153)</p><p>3.2: NA.</p><p>3.3: NA.</p><p>3.4: NA.</p>,Some concerns,"<p>4.1: PN.  Note: The selected outcome method (BDI) is well established and validated across contexts. </p><p>4.2: PN. Note: No evidence to suggest differences in measurement between intervention and control. </p><p>4.3: PY. Note: Outcome assessors (participants) were most likely aware of intervention allocation.</p><p>4.4: PY. Note: Knowledge of the assigned intervention could influence participant-reported outcomes, but there is no reason to believe that it did</p><p>4.5: PN. </p>",Low risk,"<p>5.1: PY. Note: No evidence to suggest otherwise, methods and results do not show discrepancies. </p><p>5.2: PN. Note: No evidence to suggest outcome selection. All outcomes mentioned in the methods are reported.</p><p>5.3: PN. Note: No evidence to suggest analyses selection. All analyses mentioned in the methods were reported. </p>",Some concerns,"<p>The study is judged to raise some concerns in one domain (4), but not to be at high risk of bias for any domain.</p>"
1,8,Anxiety symptoms at 0-1 months,,SUBGROUP_AND_OVERALL,Hendriks 2019,2019,0.0,0.0,1.49,0.37,0,80,1.63,0.46,0,78,0.0,0.0,100.0,-0.14,-0.270364,-0.009636,Depression Anxiety Stress Scale (DASS-21),Low risk,"<p>1.1: Y; 1.2: PY. Note: Quote: &quot;Participants were randomly assigned to either the intervention<br/>group (n = 87) or the wait-list control group<br/>(n = 86), using the online program research randomizer<br/>(https://www.randomizer.org).&quot;; &quot;At the end of the session they received a sealed opaque<br/>envelope containing their given group number, which<br/>corresponded to one of the conditions. This procedure<br/>was performed by a different independent party to maximize<br/>allocation concealment.&quot;</p><p>1.3: PN. Quote: &quot;No<br/>significant differences of socio-demographics between<br/>groups were found, except for gender and ethnicity,<br/>with an overrepresentation of male participants from<br/>Javanese descent in the intervention group.&quot;</p><p> </p>",Low risk,"<p>2.1: PY; 2.2: PY. Note: Due to the nature of the intervention participants and personnel were most likely aware of allocation. </p><p>2.3: PN. Note: No evidence to suggest issues to implement intervention.</p><p>2.4: NA.</p><p>2.5: NA.</p><p>2.6: Y. Quote: &quot;Of the 173 randomized participants, 15 did not attend the<br/>baseline assessment due to work-related scheduling conflicts.<br/>These absences were unrelated to the randomization<br/>itself and were the result of workflow processes, not<br/>individual volition. Due to these initial drop-outs,<br/>a modified intention-to-treat (mITT) analysis was used&quot;</p><p>2.7: NA.</p>",Low risk,"<p>3.1: PY. Quote: &quot;In total, 158 participants completed the baseline assessment<br/>and started the intervention, 144 (91%) participants<br/>completed the post-test at seven weeks, and 120<br/>(76%) the three month follow-up assessment.&quot;</p><p>3.2: NA.</p><p>3.3: NA.</p><p>3.4: NA.</p>",Some concerns,"<p>4.1: PN. Quote: &quot;Cronbach’s alpha in the present study was<br/>.89 at pretest, .92 at post-test, and .94 at follow-up.&quot;</p><p>4.2: PN. Note: no evidence to suggest differences in measurement between intervention and control. </p><p>4.3: PY. Note: Outcome assessors (participants) were most likely aware of intervention allocation. The investigators in the trial were blinded. </p><p>4.4: PY; 4.5: PN. Note: Knowledge of the assigned intervention could influence participant-reported outcomes, but there is no reason to believe that it did.</p>",Low risk,"<p>5.1: PN. Note: No evidence to suggest otherwise, methods and results do not show discrepancies. </p><p>5.2: PN. Note: no evidence to suggest outcome selection. All outcomes mentioned in the methods and results were reported.</p><p>5.3: PN. Note: No evidence to suggest analyses selection. All analyses mentioned in the methods and results were reported. </p>",Some concerns,"<p>The study is judged to raise some concerns in one domain (4), but not to be at high risk of bias for any domain.</p>"
1,9,Distress/PTSD symptoms at 0-1 months,,SUBGROUP_AND_OVERALL,Baker-Henningham 2019,2019,0.0,0.0,33.8,11.8,0,24,34.2,12.2,0,24,0.0,0.0,8.157366,-0.032782,-0.598617,0.533052,Teacher Burnout Scale,Low risk,"<p>1a.1: PY; 1a.2: Y. Quote: &quot;Schools were randomised to intervention or control group in the summer preceding the intervention<br/>selected child.<br/>year. Randomisation was conducted by an independent statistician who was blind to the identity of<br/>Schools were randomised to intervention or control group in the summer preceding the<br/>the schools.&quot;</p><p>1a.3: NI. Note: No useful information is reported to evaluate this element.</p><p>1b.1: PY; Note:  schools and teachers were identified and rectruited before the randomization of clusters, children from the teacher's classes were randomly selected at a later stage (outcome of interest refers to teachers); </p><p>1b.2 NA; </p><p>1b.3 NA; </p>",Low risk,"<p>2.1a: NI; 2.1b: PY; 2.2: PY. Note: No information provided on whether participants knew that they were in a trial, due to the nature of the intervention they (as those delivering the intervention) were most likely aware of intervention allocation.</p><p>2.3: PN. Note: No evidence to suggest deviations from the intended intervention that arose because of the trial context </p><p>2.4: NA.</p><p>2.5: NA.</p><p>2.6: Y. Note: Data was analysed on an intention-to-treat basis.</p><p>2.7: NA.</p>",Low risk,"<p>3.1a PY. Note: all 14 clusters, schools, that recruited participants were analyzed; 3.1b: Y. Note:there was 1 loss among teachers (out of 54), no reported loss among children .</p><p>3.2: NA.</p><p>3.3: NA; 3.4: NA.</p>",Some concerns,"<p>4.1: PN.  The outcome measure (CES-D) is widely established and used across contexts. </p><p>4.2: PN. Note: no evidence to suggest differences in measurement between intervention and control groups. </p><p>4.3a: NI; 4.3b: PY. Note: No information provided on whether participants knew that they were in a trial, participants (outcome assessors) were most likely aware of the group allocation due to the nature of the intervention. Research assistants that were involved in data collection were blind to allocation. </p><p>4.4: PY; 4.5: PN. Note: Knowledge of the assigned interventio could influence participant-reported outcomes, but there is no reason to believe that it did.</p>",Low risk,"<p>5.1: PY. Note:No evidence to suggest otherwise, protocol and paper do not show discrepancies.</p><p>5.2: PN. Note:No evidence to suggest outcome selection. All outcomes mentioned in the protocol, methods and results were reported.</p><p>5.3: PN. Note: No evidence to suggest analyses selection. All analyses mentioned in the protocol, methods and results were reported.</p>",Some concerns,"<p>The study is judged to raise some concerns in one domain (4), but not to be at high risk of bias for any domain.</p>"
1,9,Distress/PTSD symptoms at 0-1 months,,SUBGROUP_AND_OVERALL,Bell 2008,2008,0.0,0.0,0.68,12.37,0,245,2.96,12.06,0,233,0.0,0.0,61.263004,-0.186287,-0.366028,-0.006546,General Health Questionnaire (GHQ-12),Low risk,"<p>1a.1: Y;1.2: PY. Title mentions RCT design. <br/>Quote: &quot;A school was then assigned an experimental school status on the basis of a random pick of all participating schools. A second pick was done of the remaining schools in the area for a control school.&quot;</p><p>1.3: NI.  Note: No information provided about baseline characterists. </p><p>1b.1: Y. Quote: &quot;CHAMPSA staff would explain the CHAMPSA program and chools were then requested to indicate if they wished to participate.&quot; Then, the schools were randomized for intervention or control group.Overall comment: Low risk.</p>",Some concerns,"<p>2.1a: PY; 2.1b: PY. Due to the nature of the intervention, participants were most likely aware that they were in a trial and were aware of their assigned intevrention.Quote: &quot;Active caregiver consent and student assent were obtained before study participation&quot;.</p><p>2.2: Y. School teachers, health educators and community caregivers were trained as facilitators for the program.</p><p>2.3: NI. Note: No information provided.</p><p>2.4: NA.</p><p>2.5: NA.</p><p>2.6: NI. Note: No explicit mention of the analyses used to estimate the effect pf assignment to intervention.</p><p>2.7: PN.  Note: No evidence to suggest that this had a substantial impact on the results.</p>",Low risk,<p>3.1a: NI. No information provided. <br/>3.1b: Y. Quote: &quot;Ninety-four percent of families who begna the CHAMPSA HIV prevention intervention completed the netire program. Twenty children and 14 adults did not finish.&quot;</p><p>3.2: NA.</p><p>3.3: NA.</p><p>3.4: NA.</p>,Some concerns,"<p>4.1: N. Note:The selected outcome method (Social Capital) is validated and established. </p><p>4.2: PN. Quote: &quot;Measures were obtained before and once after participation in the intervention&quot;. No evidence to suggest differences in measurement between intervention and control.</p><p>4.3a: Y. The outcome assessors (caregiver) were aware that the trial was taking place. </p><p>4.3b: Y. The outcome assessors (caregiver) were aware of the intervention received by study participation.</p><p>4.4: PY; 4.5: PN. Note: Knowledge of the assigned intervention could influence participant-reported outcomes, but there is no reason to believe that it did. </p>",Some concerns,<p>5.1: PN. Note: The data were collected n additional sessions before and after the program session due the loe-literacy levels of by reading aloud the items by adult participants. </p><p>5.2: PN.  Note: no protocol available.No evidence to suggest outcome selection. All outcome mentioned in the methods and results were reported. </p><p>5.3: PN. No protocol available. No evdience to suggest analyses selection. All outcomes mentioned in the methods and results were reported.</p>,Some concerns,"<p>The study is judged to raise some concerns in three domains (2, 4, 5), but not to be at high risk of bias for any domain.</p>"
1,9,Distress/PTSD symptoms at 0-1 months,,SUBGROUP_AND_OVERALL,Duan 2019,2019,0.0,0.0,1.42,0.5,0,19,1.82,0.57,0,19,0.0,0.0,6.068836,-0.730417,-1.389545,-0.071289,Depression Anxiety Stress Scale (DASS-21),Some concerns,<p>1.1: PY; 1.2: NI.  Quote: &quot;Randomization<br/>was conducted through computer random number<br/>generators.&quot;</p><p>1.3: PN.  Quote: &quot;no significant difference<br/>in the preassessment variables between the two groups&quot;</p>,Some concerns,<p>2.1: PY; 2.2: PY. Note: Due to the nature of the intervention participants and personnel were most likely aware of allocation</p><p>2.3: PN.  Note: No evidence to suggest issues to implement intervention</p><p>2.4: NA.</p><p>2.5: NA.</p><p>2.6: NI. Note: No explicit mention of the analysis used to estimate the effect of assignment to intervention. Data was analyzed for participants whose follow-up data was available (73%)</p><p>2.7: PN.  No evidence to suggest analysis in the wrong group or exclusion of participants that could have had a substantial impact on the results</p><p> </p>,Some concerns,"<p>3.1: PN.  Note: Out of the 52 randomized participants, 14 (27%) were lost at follow-up (1 week after intervention). At post-intervention, the rate was of 21%.</p><p>3.2: PN.  Note: No information to suggest that results were not biased by missing outcome data. </p><p>3.3: PY. Note: Missing data occurred for reasons that could be related to at least one of the assessed outcomes.The dropouts were balanced across comparison groups. Quote: &quot;the dropout rate was 27% because<br/>the data were collected by means of online questionnaire and a<br/>few students forgot to complete the measures in time&quot;. </p><p>3.4: PN.</p>",High risk,"<p>4.1: N. Note: The selected outcome method (BIT) is established, validated for the local context, and assessed in its psychometric properties for this sample. </p><p>4.2: PY. Note: It appears that different data collection methods were used at post-intervention for the control and intervention group. Quote: &quot;At the end of the lesson, the intervention group was<br/>asked to fill out the postintervention test immediately, and<br/>the data of control group were obtained through online<br/>questionnaires within the same day.&quot;</p><p>4.3: NA. Note: Outcome assessors (participants) were most likely aware of intervention allocation.</p><p>4.4: NA.</p><p>4.5: NA. </p>",Some concerns,<p>5.1: NI.  Note: Information provided is insufficient to make a judgment on this item as a specific method section for statistical procedures is missing.</p><p>5.2: NI. Note: Information provided is insufficient to make a judgment on this item as a specific method section for statistical procedures is missing.</p><p>5.3: NI. Note: Information provided is insufficient to make a judgment on this item as a specific method section for statistical procedures is missing.</p>,High risk,<p>The study is judged to be at high risk of bias<b> </b>in one domain (4).</p>
1,9,Distress/PTSD symptoms at 0-1 months,,SUBGROUP_AND_OVERALL,Hendriks 2019,2019,0.0,0.0,1.69,0.42,0,80,1.83,0.43,0,78,0.0,0.0,24.510793,-0.327852,-0.641871,-0.013833,Depression Anxiety Stress Scale (DASS-21),Low risk,"<p>1.1: Y; 1.2: PY. Note: Quote: &quot;Participants were randomly assigned to either the intervention<br/>group (n = 87) or the wait-list control group<br/>(n = 86), using the online program research randomizer<br/>(https://www.randomizer.org).&quot;; &quot;At the end of the session they received a sealed opaque<br/>envelope containing their given group number, which<br/>corresponded to one of the conditions. This procedure<br/>was performed by a different independent party to maximize<br/>allocation concealment.&quot;</p><p>1.3: PN. Quote: &quot;No<br/>significant differences of socio-demographics between<br/>groups were found, except for gender and ethnicity,<br/>with an overrepresentation of male participants from<br/>Javanese descent in the intervention group.&quot;</p><p> </p>",Low risk,"<p>2.1: PY; 2.2: PY. Note: Due to the nature of the intervention participants and personnel were most likely aware of allocation. </p><p>2.3: PN. Note: No evidence to suggest issues to implement intervention.</p><p>2.4: NA.</p><p>2.5: NA.</p><p>2.6: Y. Quote: &quot;Of the 173 randomized participants, 15 did not attend the<br/>baseline assessment due to work-related scheduling conflicts.<br/>These absences were unrelated to the randomization<br/>itself and were the result of workflow processes, not<br/>individual volition. Due to these initial drop-outs,<br/>a modified intention-to-treat (mITT) analysis was used&quot;</p><p>2.7: NA.</p>",Low risk,"<p>3.1: PY. Quote: &quot;In total, 158 participants completed the baseline assessment<br/>and started the intervention, 144 (91%) participants<br/>completed the post-test at seven weeks, and 120<br/>(76%) the three month follow-up assessment.&quot;</p><p>3.2: NA.</p><p>3.3: NA.</p><p>3.4: NA.</p>",Some concerns,"<p>4.1: PN. Quote: &quot;Cronbach’s alpha in the present study was<br/>.89 at pretest, .92 at post-test, and .94 at follow-up.&quot;</p><p>4.2: PN. Note: no evidence to suggest differences in measurement between intervention and control. </p><p>4.3: PY. Note: Outcome assessors (participants) were most likely aware of intervention allocation. The investigators in the trial were blinded. </p><p>4.4: PY; 4.5: PN. Note: Knowledge of the assigned intervention could influence participant-reported outcomes, but there is no reason to believe that it did.</p>",Low risk,"<p>5.1: PN. Note: No evidence to suggest otherwise, methods and results do not show discrepancies. </p><p>5.2: PN. Note: no evidence to suggest outcome selection. All outcomes mentioned in the methods and results were reported.</p><p>5.3: PN. Note: No evidence to suggest analyses selection. All analyses mentioned in the methods and results were reported. </p>",Some concerns,"<p>The study is judged to raise some concerns in one domain (4), but not to be at high risk of bias for any domain.</p>"
1,10,Social outcomes at 0-1 months,,SUBGROUP_AND_OVERALL,Hendriks 2019,2019,0.0,0.0,-3.39,1.19,0,80,-2.94,1.2,0,78,0.0,0.0,100.0,-0.45,-0.822717,-0.077283,Social Wellbeing Subscale of the Mental Health Continuum—Short Form (MHC-SF),Low risk,"<p>1.1: Y; 1.2: PY. Note: Quote: &quot;Participants were randomly assigned to either the intervention<br/>group (n = 87) or the wait-list control group<br/>(n = 86), using the online program research randomizer<br/>(https://www.randomizer.org).&quot;; &quot;At the end of the session they received a sealed opaque<br/>envelope containing their given group number, which<br/>corresponded to one of the conditions. This procedure<br/>was performed by a different independent party to maximize<br/>allocation concealment.&quot;</p><p>1.3: PN. Quote: &quot;No<br/>significant differences of socio-demographics between<br/>groups were found, except for gender and ethnicity,<br/>with an overrepresentation of male participants from<br/>Javanese descent in the intervention group.&quot;</p><p> </p>",Low risk,"<p>2.1: PY; 2.2: PY. Note: Due to the nature of the intervention participants and personnel were most likely aware of allocation. </p><p>2.3: PN. Note: No evidence to suggest issues to implement intervention.</p><p>2.4: NA.</p><p>2.5: NA.</p><p>2.6: Y. Quote: &quot;Of the 173 randomized participants, 15 did not attend the<br/>baseline assessment due to work-related scheduling conflicts.<br/>These absences were unrelated to the randomization<br/>itself and were the result of workflow processes, not<br/>individual volition. Due to these initial drop-outs,<br/>a modified intention-to-treat (mITT) analysis was used&quot;</p><p>2.7: NA.</p>",Low risk,"<p>3.1: PY. Quote: &quot;In total, 158 participants completed the baseline assessment<br/>and started the intervention, 144 (91%) participants<br/>completed the post-test at seven weeks, and 120<br/>(76%) the three month follow-up assessment.&quot;</p><p>3.2: NA.</p><p>3.3: NA.</p><p>3.4: NA.</p>",Some concerns,"<p>4.1: PN. Quote: &quot;Cronbach’s alpha in the present study was<br/>.89 at pretest, .92 at post-test, and .94 at follow-up.&quot;</p><p>4.2: PN. Note: no evidence to suggest differences in measurement between intervention and control. </p><p>4.3: PY. Note: Outcome assessors (participants) were most likely aware of intervention allocation. The investigators in the trial were blinded. </p><p>4.4: PY; 4.5: PN. Note: Knowledge of the assigned intervention could influence participant-reported outcomes, but there is no reason to believe that it did.</p>",Low risk,"<p>5.1: PN. Note: No evidence to suggest otherwise, methods and results do not show discrepancies. </p><p>5.2: PN. Note: no evidence to suggest outcome selection. All outcomes mentioned in the methods and results were reported.</p><p>5.3: PN. Note: No evidence to suggest analyses selection. All analyses mentioned in the methods and results were reported. </p>",Some concerns,"<p>The study is judged to raise some concerns in one domain (4), but not to be at high risk of bias for any domain.</p>"
2,1,Diagnosis of mental disorders at 7-24 months,,SUBGROUP_AND_OVERALL,Tripathy 2010,2010,0.0,0.0,0.0,0.0,2,183,0.0,0.0,1,166,0.0,0.0,100.0,1.814208,0.166028,19.824021,Kessler 10-Item Scale (K10),Low risk,"<p>1a.1: PY; 1a.2: Y. Note: Randomization was obtained through the drawing of folded papers in the presence of extrnal observers in order to convince local communities to participate.</p><p>1.3: NI. Note: No useful information is reported to evaluate this element</p><p>1b.1: N: particpants were recruited after randomization; </p><p>1b.2: PN. Note: there is no evidence to suggest that selection of individual participants was affected by knoweldge of the intervention assigned to the cluster;</p><p>1b.3:PN. Note: groups were comparable at baseline, the observed differences are compatible with chance in a cluster design. </p>",Low risk,"<p>2.1a: NI; 2.1b: PY; 2.2: PY. Note: No information provided on whether participants knew that they were in a trial, due to the nature of the intervention they (as those delivering the intervention) were aware of intervention allocation.</p><p>2.3: PN. Note: No evidence to suggest deviations from the intended intervention that arose because of the trial context </p><p>2.4: NA.</p><p>2.5: NA.</p><p>2.6: Y. Note: Data was analysed on an intention-to-treat basis.</p><p>2.7: NA. </p>",Low risk,"<p>3.1a: PY. Note: data was available for all clusters; 3.1b: Y . Note: data was available for nearly all participants within clusters, Quote: &quot;All 18 selected clusters<br/>had the intervention. Loss to follow-up after birth as a result of migration or refusal of interview was 86 (&lt;1%)<br/>of 9770 women in intervention clusters and 173 (2%) of 9260 in control clusters.&quot;</p><p>3.2: NA. </p><p>3.3: NA.</p>",Some concerns,"<p>4.1: PN. Note: The outcome measure is widely established and validated for use across different contexts, included the one of the trial.</p><p>4.2: PN. No evidence to suggest that.</p><p>4.3a: NI; 4.3b: PY. Note: No information provided on whether participants knew that they were in a trial, participants were most likely aware of the group allocation due to the nature of the intervention </p><p>4.4: PY, 4.5: PN. Note: Knowledge of the assigned intervention could influence participant-reported outcomes, but there is no reason to believe that it did.</p>",Low risk,"<p>5.1: PY. Note: No evidence to suggest otherwise, protocol and final article not show discrepancies. </p><p>5.2: PN. Note: No evidence to suggest outcome selection. Further outcomes than those mentioned in the protocol were reported.</p><p>5.3: PN. Note: No evidence to suggest analyses selection. All analyses mentioned in the methods and results were reported.</p>",Some concerns,"<p>The study is judged to raise some concerns in one domain (4), but not to be at high risk of bias for any domain.</p>"
2,2,Quality of life at 0-1 months,,SUBGROUP_AND_OVERALL,McCann 2015,2015,0.0,0.0,-41.5,11.4,0,27,-32.2,5.71,0,27,0.0,0.0,36.57463,-1.016589,-1.585979,-0.447199,Positive Subscale of the Experience of Caregiving Inventory (ECI) ,Low risk,"<p>1.1: Y; 1.2: Y.  Quote: &quot;Participants were randomly assigned to either the intervention or the control group by means of independent random allocation, using a computer generated randomisation list. This process was carried out by a researcher who was not directly involved in the recruitment process for the study.&quot;; &quot;Allocation was concealed. Allocation, which was o-site, was carried out by a researcher who was not directly involved in the recruitment process for the study. Randomisation was then emailed to the researcher allocating participants to intervention and control groups in Thailand.&quot;</p><p>1.3: PN.  Note: Baseline characteristics were comparable across groups.</p>",Low risk,<p>2.1: Y; 2.2: PY.  Note: The trial was open label. Quote: &quot;Open (masking not used)&quot;</p><p>2.3: Note:  No evidence to suggest issues to implement intervention</p><p>2.4: NA.</p><p>2.5: NA.</p><p>2.6: PY. Note: All randomized participants were analysed. </p><p>2.7: NA.</p>,Low risk,<p>3.1: Y.  Note: All 54 randomized participants were assessed post-intervention and analyzed.</p><p>3.2: NA. </p><p>3.3: NA.</p><p>3.4: NA.</p>,Some concerns,"<p>4.1: PN. Note: The selected outcome method (RS) is validated and established, appropriate for the local context, and assessed in its psychometric properties for this sample (α =0.87).. </p><p>4.2: PN. Note: No evidence to suggest differences in measurement between intervention and control. </p><p>4.3: PY. Outcome assessors (participants) were most likely aware of intervention allocation. </p><p>4.4: PY. Note: Knowledge of the assigned intervention could influence participant-reported outcomes, but there is no reason to believe that it did</p><p>4.5: PN.</p>",Low risk,"<p>5.1: PY.  Note: No evidence to suggest otherwise, NCT protocol, methods and results do not show discrepancies. </p><p>5.2: N. Note: No evidence to suggest outcome selection. All outcomes mentioned in the NCT protocol, methods  were reported in the results. </p><p>5.3: N. Note: No evidence to suggest analyses selection. All analyses mentioned in the NCT protocol, methods  were reported in the results. </p>",Some concerns,"<p>The study is judged to raise some concerns in one domain (4), but not to be at high risk of bias for any domain.</p>"
2,2,Quality of life at 0-1 months,,SUBGROUP_AND_OVERALL,Miller 2020,2020,0.0,0.0,-52.44,7.59,0,78,-49.24,8.56,0,73,0.0,0.0,38.325048,-0.39437,-0.716711,-0.07203,Warwick-Edinburgh Mental Wellbeing Scale (WEMWBS),Low risk,"<p>1.1: PY; 1.2: Y.  Quote: &quot;After participants had completed the baseline assessment, our research<br/>coordinator explained the randomization process to participants, inviting them to draw a lollipop out of an opaque bag containing an<br/>equal number of red and green lollipops, corresponding to the number of participants at the assessment.&quot;</p><p>1.3: N. Quote: &quot;Randomization resulted in balanced groups on demographic and outcome variables. A between-groups t-test was conducted<br/>following randomization, and we found no significant differences on any demographic or outcome variable.&quot;</p><p> </p>",Low risk,"<p>2.1: PY; 2.2: PY.  Quote: &quot;The PI, co-investigators and research assistants remained blind throughout the study. The Lebanon-based research coordinator<br/>was not blind, nor, by necessity, were participants blind to their group assignment.&quot;</p><p>2.3: PN. Note: No evidence to suggest issues to implement intervention</p><p>2.4: NA.</p><p>2.5: NA.</p><p>2.6: PY.  Note: All randomized participants were included in the analysis. </p><p>2.7: NA.</p>",Low risk,"<p>3.1: PY.  Quote: &quot;Retention of participants in the study was excellent: of the 151 caregivers who completed the baseline assessment, 149 or 99 %<br/>completed the endline assessment.&quot;</p><p>3.2: NA.</p><p>3.3: NA.</p><p>3.4: NA.</p>",Some concerns,"<p>4.1: PN.  Note: The selected outcome method  (WEMWBS) is widely validated and established, appropriate for the local context, and assessed in its psychometric properties for this sample. </p><p>4.2: PN. Note: No evidence to suggest differences in measurement between intervention and control. </p><p>4.3: PY. Note: Outcome assessors (participants) were most likely aware of intervention allocation. </p><p>4.4: PY. Note: Knowledge of the assigned intervention could influence participant-reported outcomes, but there is no reason to believe that it did. Quote: &quot;Although we were unable to control for such potential bias, the stories of change shared in the focus groups we conducted with<br/>CSI participants following the intervention were consistent with the self-reported changes we found in the questionnaire data&quot;</p><p>4.5: PN.</p>",Low risk,"<p>5.1: PY. Note: no evidence to suggest otherwise, methods and results do not show discrepancies. </p><p>5.2: PN.  Note: no evidence to suggest outcome selection. All outcomes mentioned in the methods are reported.</p><p>5.3: PN Note: No evidence to suggest analyses selection. All analyses mentioned in the methods were reported. </p>",Some concerns,"<p>The study is judged to raise some concerns in one domain (4), but not to be at high risk of bias for any domain.</p>"
2,2,Quality of life at 0-1 months,,SUBGROUP_AND_OVERALL,Rahimi 2021a,2021,0.0,0.0,-49.16,3.3,0,12,-26.6,6.1,0,12,0.0,0.0,25.100322,-4.441622,-6.031963,-2.851281,Positive Relationship with Others Subscale of the Warwick-Edinburgh Mental Wellbeing Scale (WEMWBS) ,Some concerns,"<p>1a.1: PY; 1a.2: PY. Quote: &quot;Then, 2 hospitals were randomly assigned to intervention and control groups from 4 educational hospitals using the flip the coin method&quot;;&quot; Finally, for the selection of patients in the intervention and the control group, from the list of patients in each of these two hospitals according to the eligible criteria (58 patients in hospital A and 61 patients in hospital B), 30 male and female patients were enrolled in the study by block randomization method&quot;; &quot;In order to prevent possible bias, the statistician and peer group that participated in the data analysis and implementation of intervention and data collection, respectively, were blinded&quot;.</p><p>1a.3: NI. No useful information is reported to evaluate this element. </p><p>1b.1: PN. It appears the randomization was conducted prior to the recruitment of participants:</p><p>1b.2: PN. It is unlikely that the selection of inidividual participants was affected by knowledge of the intervention assigned to the cluster.</p><p>1b.3: PN. There is no evidence to indicate imbalances in baseline values to indicate differentail identification or recruitment of individual participants.</p>",Low risk,"<p>2.1 a: NI; 2.1b: PY; 2.2: PY. No information provided on whether participants knew that they were in a trial, due to the nature of the intervention they (as those delivering the intervention) were most likely aware of intervention allocation.</p><p>2.3: PN. No evidence to indicate deviations from protocol.</p><p>2.4: NA.</p><p>2.5: NA.</p><p>2.6: PY. Data were analysed for all randomized participants. </p><p>2.7: NA.</p>",Low risk,<p>3.1a: PY. No evidence to suggest cluster loss.</p><p>3.1b: PY. There were no losses at follow-up.</p><p>3.2: NA. 3.3: NA. 3.4: NA.</p>,Some concerns,"<p>4.1: N. The outcome measure is widely established and validated for use across different contexts.</p><p>4.2: PN. No evidence to suggest that measurement or ascertainment of the outcome differed between intervention groups.</p><p>4.3a: NI; 4.3b: PY. No information provided on whether participants knew that they were in a trial, participants (outcome assessors) were most likely aware of the group allocation due to the nature of the intervention.</p><p>4.4: PY; 4.5: PN. Knowledge of the assigned intervention could influence participant-reported outcomes, but there is no reason to believe that it did.</p>",Low risk,"<p>5.1: PY. No evidence to suggest otherwise, methods and results do not show discrepancies.</p><p>5.2: PN. No evidence to suggest outcomes selection. All outcomes mentioned in the methods and results were reported.</p><p>5.3: PN. No evidence to suggest analyses selection. All outcomes mentioned in the methods and results were reported<b>.</b></p>",Some concerns,"<p>The study is judged to raise some concerns in two domains (1 and 4), but not to be at high risk of bias for any domain.</p>"
2,3,Quality of life at 1-6 months ,,SUBGROUP_AND_OVERALL,Hamdani 2021a,2021,0.0,0.0,-65.56,23.25,0,189,-62.17,22.63,0,203,0.0,0.0,20.968831,-0.147551,-0.345935,0.050834,Pediatric Quality of Life Inventory (PedsQL),Low risk,"<p>1a.1: Y; 1a.2: Y. Quote: &quot;Thirty UCs were randomized to intervention and control arms on a 1:1 allocation ratio using a permuted-block randomization method (...) by an independent researcher not involved in the conduct of the trialbefore the recruitment of participants in the study&quot;. Quote: &quot;The outcome assessment team, trial statistician and principal investigator were blind to the allocation status of trial participants.&quot; </p><p>1a.3: N. Quote: &quot;There was no significant difference  between the intervention and control arms in demographic characteristics&quot;. </p><p>1b.1: PN. It seems that all the individual participants were identified and recruited after randomization of clusters.</p><p>1b.2: PN. There is no evidence to suggest that selection was affected by knowledge of the intervention assigned to the cluster.</p><p>1b.3: PN. Some baseline imbalances are presents but compatible with chance.</p>",Low risk,"<p>2.1 a: PY; 2.1b: Y; 2.2: Y. Quote: &quot;The trained research team along with LHW will approach the families within the evaluation zones of the UCs to seek informed consent for participation in the trial.&quot;; Quote: &quot;Given the nature of WHO PST programme intervention, it is not possible tom ask the participants and facilitators, as well as the qualitative research team staff&quot;.</p><p>2.3: PN. No evidence to indicate deviations from protocol.</p><p>2.4: NA.</p><p>2.5: NA. </p><p>2.6: Y. Quote: &quot;The data was analysed using SAS 9.3 on intentiont to treat basis&quot;. </p><p>2.7: NA.</p>",Low risk,<p>3.1a: Y. No evidence to suggest cluster loss.; 3.1b: PY. Quote: &quot;We were able to collect primary endpoint data at 6 months’ post-intervention from 460/540 (85.18%) trial. participants.&quot;3.2: NA. 3.3: NA. 3.4: NA.</p>,Low risk,<p>4.1: N. The selected outcome method (Pediatric Quality of Life - Peds-QL) is widely validated and established. Peds-QL has shown sound psychometric properties in different cultures.</p><p>4.2: PN. No evidence to suggest that measurement or ascertainment of the outcome differed between intervention groups.</p><p>4.3a: PN; 4.3b: NA. Quote: &quot;All researchers conducting pre-post quantitative outcome assessments will be masked in the trial.&quot;.</p><p>4.4: NA; 4.5: NA</p>,Low risk,"<p>5.1: PY. Protocol is available. No evidence to suggest otherwise, protocol and manuscript do not show discrepancies.</p><p>5.2: PN. No evidence to suggest outcomes selection. All outcomes mentioned in the methods and protocol were reported.</p><p>5.3: PN. No evidence to suggest analyses selection. All outcomes mentioned in the methods and protocol were reported<b>.</b></p>",Low risk,<p>The study is judged to be at low risk of bias for all domains.</p>
2,3,Quality of life at 1-6 months ,,SUBGROUP_AND_OVERALL,McCann 2015,2015,0.0,0.0,-44.3,9.11,0,27,-33.0,5.84,0,27,0.0,0.0,18.883992,-1.455389,-2.060222,-0.850556,Positive Subscale of the Experience of Caregiving Inventory (ECI) ,Low risk,"<p>1.1: Y; 1.2: Y.  Quote: &quot;Participants were randomly assigned to either the intervention or the control group by means of independent random allocation, using a computer generated randomisation list. This process was carried out by a researcher who was not directly involved in the recruitment process for the study.&quot;; &quot;Allocation was concealed. Allocation, which was o-site, was carried out by a researcher who was not directly involved in the recruitment process for the study. Randomisation was then emailed to the researcher allocating participants to intervention and control groups in Thailand.&quot;</p><p>1.3: PN.  Note: Baseline characteristics were comparable across groups.</p>",Low risk,<p>2.1: Y; 2.2: PY.  Note: The trial was open-label. Quote: &quot;Open (masking not used)&quot;</p><p>2.3: Note:  No evidence to suggest issues to implement intervention</p><p>2.4: NA.</p><p>2.5: NA.</p><p>2.6: PY. Note: All randomized participants were analysed. </p><p>2.7: NA.</p>,Low risk,<p>3.1: Y.  Note: All 54 randomized participants were assessed post-intervention and analyzed.</p><p>3.2: NA. </p><p>3.3: NA.</p><p>3.4: NA.</p>,Some concerns,"<p>4.1: PN. Note: The selected outcome method (RS) is validated and established, appropriate for the local context, and assessed in its psychometric properties for this sample (α =0.87). </p><p>4.2: PN. Note: No evidence to suggest differences in measurement between intervention and control. </p><p>4.3: PY. Outcome assessors (participants) were most likely aware of intervention allocation. </p><p>4.4: PY. Note: Knowledge of the assigned intervention could influence participant-reported outcomes, but there is no reason to believe that it did</p><p>4.5: PN.</p>",Low risk,"<p>5.1: PY.  Note: No evidence to suggest otherwise, NCT protocol, methods, and results do not show discrepancies. </p><p>5.2: N. Note: No evidence to suggest outcome selection. All outcomes mentioned in the NCT protocol, methods were reported in the results. </p><p>5.3: N. Note: No evidence to suggest analyses selection. All analyses mentioned in the NCT protocol, methods were reported in the results. </p>",Some concerns,"<p>The study is judged to raise some concerns in one domain (4), but not to be at high risk of bias for any domain.</p>"
2,3,Quality of life at 1-6 months ,,SUBGROUP_AND_OVERALL,Ozcan 2020,2020,0.0,0.0,-73.18,14.4,0,55,-37.12,13.61,0,55,0.0,0.0,19.525212,-2.555856,-3.063784,-2.047929,Psychological Health Subscale of the World Health Organization Quality-of-Life Scale (WHOQOL),Low risk,<p>1.1: PY. 1.2: PY. Quote: &quot;a 2-group randomized controlled trial with a prospective pretest-posttest experimental design was conducted to evaluate the model’s effectiveness. (...) A sealed envelope method was used in randomization; half of the women were randomly assigned to the intervention group (n1⁄458) and the other half to the control group (n1⁄459). &quot;</p><p>1.2: PN: Note: Baseline characteristics were overall comparable across groups.</p>,High risk,"<p>2.1: PY; 2.2: PY. Note: Due to the nature of the intervention, participants and personnel were aware of their assigned intervention. </p><p>2.3: PN. No evidence to suggest issues in recruitment and engagement, nor failures to implement intervention allowed by the protocol. </p><p>2.4: NA</p><p>2.5: NA</p><p>2.6: PN. Quote: &quot;The exclusion criteria were as follows: (i) being lost to follow-up (…)&quot;</p><p>2.7: PY. Note: 7/110 (6% circa) of participants were excluded from the analysis because they were lost at follow-up.</p>",Low risk,<p>3.1: Y. Note: Data were available for almost all randomized participants (6% were lost at follow up and excluded from analyses). </p><p>3.2: NA</p><p>3.3: NA</p><p>3.4: NA</p>,Some concerns,"<p>4.1: PN. Note: The selected outcome method is widely validated and established and demonstrated good psychometric properties in the study. </p><p>4.2: PN. Note: No evidence to suggest differences in measurement between intervention and control.</p><p>4.3: PY. Note: Outcome assessors (participants) were most likely aware of intervention allocation. Staff involved in data collection were not blinded to the allocation.</p><p>4.4: PY. 4.5: PN. Note: Knowledge of the assigned intervention could influence participant-reported outcomes, but there is no reason to believe that it did.</p>",Low risk,"<p>5.1: PY. Note: No evidence to suggest otherwise, methods and results do not show discrepancies.</p><p>5.2: PN. Note: No evidence to suggest outcome selection.</p><p>5.3: PN. Note: No evidence to suggest analyses selection. All analyses mentioned in the methods were reported.</p>",High risk,<p>The study is judged to be at high risk of bias<b> </b>in one domain (2).</p>
2,3,Quality of life at 1-6 months ,,SUBGROUP_AND_OVERALL,Rachasrimuang 2018,2018,0.0,0.0,-74.29,13.84,0,57,-70.8,16.08,0,59,0.0,0.0,20.322403,-0.230803,-0.596065,0.13446,Health-related QoL (ED-SQ-5L VAS),Low risk,<p>1.1: Y; 1.2: PY. Quote: &quot; Using free<br/>randomization software(24) a random selection from a<br/>total of 9 clusters chose clusters No. 3 and No. 6 for<br/>intervention and clusters No. 2 and No. 7 for control&quot;</p><p>1.3: NI. Note: No useful information is reported to evaluate this element</p><p>1b.1: NI - no information on the sequence of randomization and recruitment is provided; </p><p>1b.2: PN - to evidence to suggest that selection was influenced by knowledge of allocation; </p><p>1b.3: N - baseline characterisitics were comparable across intervention groups. Overall: Low risk</p>,High risk,"<p>2.1a: NI; 2.1b: PY; 2.2: PY. Note: No information provided on whether participants knew that they were in a trial, due to the nature of the intervention they (as those delivering the intervention) were most likely aware of intervention allocation.</p><p>2.3: PY.  Quote: &quot;Some youth volunteers needed to travel from<br/>community to work with their parents in the city<br/>during the school holidays, and this made coverage of<br/>intervention less than expected. This&quot;</p><p>2.4: PY. Note:These deviations could have been influencing the outcomes</p><p>2.5: PN. Note: Deviations affected the intervention group only</p><p>2.6: NI. Note: Not enough information provided to give a judjment on this item</p><p>2.7: PN. Note: No evidence to suggest that failure to analyzed participants in randomized groups could a substantial impact on the results</p>",High risk,"<p>3.1a NI: no information provided on how many clusters with available data were analyzed; 3.1b: no information provided on how many participants were assessed at baseline or follow-up, the manuscript does not mention losses or withdrawals</p><p>3.2: NI. Note: No evidence that the result was not biased by missing data</p><p>3.3: NI; 3.4: NI. Note: No information on missing data provided</p>",Some concerns,"<p>4.1: PN. Note: The outcome measure is widely established and adapted for use in Nepal.</p><p>4.2: PN. Note: No evidence to suggest that.</p><p>4.3a: NI; 4.3b: PY. Note: no information provided on whether participants knew that they were in a trial, participants were most likely aware of the group allocation due to the nature of the intervention </p><p>4.4: PY; 4.5: PN. Note: Knowledge of the assigned intervention could influence participant-reported outcomes, but there is no reason to believe that it did.</p>",Low risk,"<p>5.1: PY. Note: No evidence to suggest otherwise, methods and results do not show discrepancies. </p><p>5.2: PN. Note: No evidence to suggest outcome selection. All outcomes mentioned in the methods and results were reported.</p><p>5.3: PN. Note: No evidence to suggest analyses selection. All analyses mentioned in the methods and results were reported.</p>",High risk,<p>The study is judged to be at high risk of bias<b> </b>in two domains (2 and 3).</p>
2,3,Quality of life at 1-6 months ,,SUBGROUP_AND_OVERALL,Yang 2022,2022,0.0,0.0,-31.95,7.55,0,65,-24.58,7.57,0,61,0.0,0.0,20.299562,-0.969,-1.338932,-0.599068,Quality of life,Low risk,"<p>1.1: PY; 1.2: PY. Quote: &quot; The research leader generated the random allocation sequence and assigned participants to interventions, physicians and nurses enrolled participants. Random allocation sequence was generated by random numbers tables, all patients were randomly selected by the researchers and assigned to each group using random number tables.&quot;</p><p>1.3: PN. Baseline characteristics were overall comparable across groups as demonstrated by Table 1.</p>",Low risk,<p>2.1: PY; 2.2: PY.  Due to the nature of the intervention participants and personnel were moslt likely aware of their assigned intervention.</p><p>2.3: PN. No evidence to suggest issues in recruitment and engagement nor failures to implement intervention allowed by the protocol</p><p>2.4: NA.</p><p>2.5: NA.</p><p>2.6: PY. No explicit mention of the analysis used to estimate the effect of assignment to intervention. Data was analyzed for almost all randomized participants (84% response rate).</p><p>2.7: NA.</p>,Low risk,<p>3.1: PY.  Data was availalble for almost all randomized participants (84% response rate).</p><p>3.2: NA. </p><p>3.3: NA.</p><p>3.4: NA.</p>,Some concerns,"<p>4.1: PN. The selected outcome method is widely validated and established and demonstrated good psychometric properties in the study.</p><p>4.2: PN. Note: No evidence to suggest differences in measurement between intervention and control. </p><p>4.3: PY. Outcome assessors (participants) were most likely aware of intervention allocation. </p><p>4.4: PY. Knowledge of the assigned intervention could influence participant-reported outcomes, but there is no reason to believe that it did</p><p>4.5: PN.</p>",Low risk,"<p>5.1: PY.  No evidence to suggest otherwise, methods and results do not show discrepancies.. </p><p>5.2: PN. No evidence to suggest outcome selection.</p><p>5.3: PN. No evidence to suggest analyses selection. All analyses mentioned in the methods were reported.</p>",Some concerns,"<p>The study is judged to raise some concerns in one domain (4), but not to be at high risk of bias for any domain.</p>"
2,4,Depressive symptoms at 0-1 months,,SUBGROUP_AND_OVERALL,Baker-Henningham 2005,2005,0.0,0.0,4.3,2.7,0,60,5.3,2.1,0,57,0.0,0.0,41.355064,-0.409434,-0.775858,-0.043011,Center for Epidemiologic Studies Depression Scale (CES-D),Some concerns,"<p>1a.1: PY; 1a.2: NI. Quote: &quot;All 12 nutrition clinics in the urban areas of the parishes of Kingston and St Andrew were included. The 12 clinics were stratified into two groups by size and randomly assigned to intervention and control groups.&quot;</p><p>1a.3 : NI. Note: No useful information is reported to evaluate this element</p><p>1b.1: NI. Note: no information on the sequence of randomization and recruitment is provided; </p><p>1b.2: PN. Note: no evidence to suggest that selection was influenced by knowledge of allocation; </p><p>1b.3: PN.Quote: &quot;There were no statistically significant differences between the groups in socioeconomic background variables, parental characteristics and child age, developmental quotients (DQ), gender and nutritional status, and maternal depression on enrolment&quot;. </p>",Low risk,"<p>2.1 a:NI; 2.1b:PY; 2.2: PN. Note: No information provided on whether participants knew that they were in a trial, due to the nature of the intervention they (as those delivering the intervention) were most likely aware of intervention allocation. </p><p>2.3: PN. Note: No evidence to suggest deviations from the intended intervention that arose because of the trial context </p><p>2.4: NA.</p><p>2.5: NA. </p><p>2.6: Y. Note: Data was analysed on an intention-to-treat basis.</p><p>2.7: NA.</p>",Low risk,<p>3.1a: PY. Note: no evidence to suggest cluster loss (18 clusters); </p><p>3.1b: PY.  Quote: &quot;total of 125 mothers were interviewed at final evaluation (90% follow up)—64 from the intervention group and 61 from the control group.2</p><p>3.2: NA.</p><p>3.3: NA.</p><p>3.4: NA.</p>,Some concerns,"<p>4.1: PN. Note: The outcome measure (CES-D) is widely established and used across contexts, it was partially adapted for use in the local trial context</p><p>4.2: PN. Note: No evidence to suggest that measurement or ascertainment of the outcome differed between intervention groups.</p><p>4.3a: NI; 4.3b:PY . Note: No information provided on whether participants knew that they were in a trial, participants (outcome assessors) were most likely aware of the group allocation due to the nature of the intervention.</p><p>4.4: PY; 4.5: PN. Note: Knowledge of the assigned intervention could influence participant-reported outcomes, but there is no reason to believe that it did.</p>",Low risk,"<p>5.1: PY. Note: No evidence to suggest otherwise, methods and results do not show discrepancies. </p><p>5.2: PN. Note: No evidence to suggest outcome selection. All outcomes mentioned in the methods and results were reported. </p><p>5.3: PN. Note: No evidence to suggest analyses selection. All analyses mentioned in the methods were reported. </p>",Some concerns,"<p>The study is judged to raise some concerns in two domains (1 and 4), but not to be at high risk of bias for any domain.</p>"
2,4,Depressive symptoms at 0-1 months,,SUBGROUP_AND_OVERALL,Hirani 2010,2010,0.0,0.0,24.71,10.9,0,5,27.63,9.1,0,6,0.0,0.0,9.188738,-0.268574,-1.46363,0.926482,Beck's Depression Inventory II (BDI-II),Some concerns,<p>1a.1: PY; 1a.2: NI. Quote: &quot;Stratified block randomizationwas conducted to distribute schools by location and girl enrollment across Girls First e Bihar<br/>conditions (19 schools/condition).&quot;</p><p>1a.3: PN. Note: No useful information is reported to evaluate this element.</p><p>1b.1: NI. Note: no information on the sequence of randomization and recruitment is provided; </p><p>1b.2: PN. Note no evidence to suggest that selection was influenced by knowledge of allocation; </p><p>1b.3: PN. Quote: &quot;no significant differences existed in demographic characteristics between the groups&quot;. </p>,Some concerns,"<p>2.1 a:NI; 2.1b: PY; 2.2: PY: Note: No information provided on whether participants knew that they were in a trial, due to the nature of the intervention they (as those delivering the intervention) were most likely aware of intervention allocation. </p><p>2.3: PN. Note: No evidence to suggest deviations from the intended intervention that arose because of the trial context </p><p>2.4: NA.</p><p>2.5: NA. </p><p>2.6: NI. Note: Not enough information provided to give a judjment on this item</p><p>2.7: PN. Note: No evidence to suggest that failure to analyzed participants in randomized groups could a substantial impact on the results</p>",Low risk,<p>3.1a PY. Note: no evidence to suggest cluster loss; </p><p>3.1b: PY. Note: it appears that data were avaiable for almost all randomized participants . Quote: &quot;Twenty four women completed signed informed consent and completed outcome measures&quot; </p><p>3.2: NA.</p><p>3.3: NA.</p><p>3.4: NA.</p>,Some concerns,"<p>4.1: PN. Note: The outcome measure (BDI) is widely established and used across contexts.</p><p>4.2: PN. Note: No evidence to suggest that measurement or ascertainment of the outcome differed between intervention groups.</p><p>4.3a: NI; 4.3b:PY . Note: No information provided on whether participants knew that they were in a trial, participants (outcome assessors) were most likely aware of the group allocation due to the nature of the intervention.</p><p>4.4: PY; 4.5: PN. Note: Knowledge of the assigned intervention could influence participant-reported outcomes, but there is no reason to believe that it did.</p>",Low risk,"<p>5.1: PY. Note: No evidence to suggest otherwise, methods and results do not show discrepancies. </p><p>5.2: PN. Note: No evidence to suggest outcome selection. All outcomes mentioned in the methods and results were reported. </p><p>5.3: PN. Note: No evidence to suggest analyses selection. All analyses mentioned in the methods were reported. </p>",Some concerns,"<p>The study is judged to raise some concerns in three domains (1, 2, 4), but not to be at high risk of bias for any domain.</p>"
2,4,Depressive symptoms at 0-1 months,,SUBGROUP_AND_OVERALL,Ramezani 2017,2017,0.0,0.0,4.42,4.4,0,23,10.4,5.9,0,32,0.0,0.0,26.889844,-1.106235,-1.683383,-0.529087,Edinburgh Postnatal Depression Scale (EPDS),Low risk,"<p>1.1: Y; 1.2: PY.  Quote: &quot;We used a permuted block random allocation method. Random assignment of participant<br/>was performed based on blocks of six.&quot;</p><p>1.3: N. Quote: &quot;the mean age of the cognitive-behavioural counselling, solution-focused and<br/>control groups were 25.17 ± 5.2, 26.14 ± 4.8 and 26.2 ± 3.9, respectively, and no significant<br/>difference was observed between the groups.&quot;; &quot;The results in Table 3 show no significant differences<br/>between education, gestational age, job, pregnancy acceptance and economic status in the<br/>two intervention groups and the control group.&quot;</p>",Low risk,"<p>2.1: PY; 2.2 Y.  Quote: &quot;However, due to the nature of the provided counselling, the<br/>blinding of patients was not done well&quot;</p><p>2.3: PN.  Note: No evidence of deviations from protocol</p><p>2.4: NA.</p><p>2.5: NA.</p><p>2.6: NI. Note: Out of the 85 randomized participants, 78 were analyzed. </p><p>2.7: NA.</p>",Low risk,<p>3.1: Y.  Note: 7 missings out of 85 randomized (8.2%)</p><p>3.2: NA.</p><p>3.3: NA.</p><p>3.4: NA.</p>,Some concerns,"<p>4.1: N. Note: The Austin Inventory has been validated in its Persian version. Within this sample it has a good internal consistency (alpha = 0.73)</p><p>4.2: PN. Note: No evidence to suggest differences in measurement between intervention groups.</p><p>4.3: PY. Note: Outcome assessors (that given the RoB guidelines are the mothers) were most likely aware of intervention allocation; the midwife responsible for data collection was blind to  group allocation.</p><p>4.4: PY. Note: Knowledge of the assigned intervention could influence participant-reported outcomes, but there is no reason to believe that it did.</p><p>4.5: PN.</p>",Low risk,"<p>5.1: PY.  Note: No evidence to suggest otherwise, methods and results do not show discrepancies.</p><p>5.2: PN. Note: No evidence to suggest outcome selection. All outcomes mentioned in the methods were reported. </p><p>5.3: PN. Note: No evidence to suggest analyses selection. All outcomes mentioned in the methods and results were reported. </p>",Some concerns,"<p>The study is judged to raise some concerns in one domain (4), but not to be at high risk of bias for any domain.</p>"
2,4,Depressive symptoms at 0-1 months,,SUBGROUP_AND_OVERALL,Sanfilippo 2020,2020,0.0,0.0,1.18,1.5,0,16,3.45,2.99,0,24,0.0,0.0,22.566354,-0.886473,-1.551311,-0.221635,Edinburgh Postnatal Depression Scale (EPDS),High risk,"<p>1a.1: Y; 1a.2: PY. Quote: &quot;The study’s statistical advisor generated a computer randomisation list with a block size of 2, which was applied to the presupplied clinic list by the trial team”.</p><p>1a.3: NI. No useful information is reported to evaluate this element. </p><p>1b.1: PN. The trial has a stepped-wedged design, each clinic (cluster) first recruited participants for a control cohort, then for a second intervention cohort. Nevertheless, the assignment to either group preceded the recruitment of participants.</p><p>1b.2: PY. Given the nature of the study design it is possible that the researchers (unblinded) were aware of allocation before recruitment.</p><p>1b.3: PY. The two groups were comparable at baseline for demographic characteristics, but participants’ baseline antenatal EPDS and SRQ-20 scores were significantly lower in the intervention group compared with the control group.</p>",Some concerns,"<p>2.1 a: NI; 2.1b: PY; 2.2: PY. No information provided on whether participants knew that they were in a trial, due to the nature of the intervention they (as those delivering the intervention) were most likely aware of intervention allocation.</p><p>2.3: PY. Some deviations in the timeline of delivery occurred to overcome possible issues of adherence during Ramadan.</p><p> 2.4: PN. No evidence to suggest deviations from the intended intervention would have influenced the outcomes</p><p>2.5: NA. 2.6: Y. Data were analyzed in an intention to treat basis.. </p><p>2.7: NA</p>",Some concerns,"<p>3.1a: PY. No evidence to suggest cluster loss</p><p>3.1b: PN. Quote: &quot;Attrition was 20% between baseline and post- intervention assessment, and 33% across all three assessment time points&quot; </p><p>3.2: PN. No information to suggest that results were not biased by missing outcome data. </p><p>3.3: NI;3.4: PN. Quote: &quot;There was no difference in attrition between the groups. &quot;</p>",Some concerns,"<p>4.1: N. The outcome measure is widely established and validated for use across different contexts, including that of application.</p><p>4.2: PN. No evidence to suggest that measurement or ascertainment of the outcome differed between intervention groups.</p><p>4.3a: NI; 4.3b: PY. No information provided on whether participants knew that they were in a trial, participants (outcome assessors) were most likely aware of the group allocation due to the nature of the intervention.</p><p>4.4: PY; 4.5: PN. Knowledge of the assigned intervention could influence participant-reported outcomes, but there is no reason to believe that it did.</p>",Low risk,"<p>5.1: PY. No evidence to suggest otherwise, methods and results do not show discrepancies.</p><p>5.2: PN. No evidence to suggest outcomes selection. All outcomes mentioned in the methods and results were reported.</p><p>5.3: PN. No evidence to suggest analyses selection. All outcomes mentioned in the methods and results were reported<b>.</b></p>",High risk,<p>The study is judged to be at high risk of bias<b> </b>in one domain (1).</p>
2,5,Depressive symptoms at 1-6 months,,SUBGROUP_AND_OVERALL,Barnes 2019,2019,0.0,0.0,17.4,25.9,0,22,21.4,25.9,0,15,0.0,0.0,26.048889,-0.151107,-0.808401,0.506187,Depression Subscale of the EQ-5D-3L,Low risk,"<p>1.1: Y; 1.2: Y. Quote: &quot;Randomization was carried out for each group separately by the first author, using the Microsoft Excel random function to randomly divide the participants into a usual care group (control group) and an experimental group utilising the workbook&quot;.<br/>Title mention RCT design. </p><p>1.3: N. Quote: &quot;there was no sognificant difference in age..demographic profiles.. and between the health variables of the control group versus the experimental group at baseline and at 6 weeks&quot;</p>",Some concerns,"<p>2.1: PY; 2.2: PY: Note: Due to the nature of the intervention participants, careers and people delivering the intervention were most likely aware of their assigned intervention.</p><p>2.3: PN. Note: There is no reason to believe it.</p><p>2.4: NA.Domi</p><p>2.5: NA.</p><p>2.6: NI. Note: No explicit mention of the analysis used to estimate the effect of assignment to intervention.</p><p>2.7: PN. Note:No information provided. </p>",Low risk,"<p>3.1: PY. Quote: &quot;42 participants were randomly assigned to the two groups, 20 to the control and 22 to the experimental group. 5 memebers of the control group were then lost to follow-up&quot;</p><p>3.2: NA.</p><p>3.3: NA; 3.4: NA.</p>",Some concerns,"<p>4.1:N. Note: The selected outcome method is widely validated and established. </p><p>4.2: PN. Note: No evidence to suggest differences in measurement between intervention and control grouos. </p><p>4.3: Y. Note: Self-reported measure.</p><p>4.4: PY; 4.5: PN. Note: Knowledge of the assigned intervention could influence participant-reported outcomes, but there is no reason to believe that it did.</p>",Low risk,"<p>5.1: PY. Note:No protocol available. No evidence to suggest otherwise, methods and resulta do not show discrepancies. </p><p>5.2: N. Note: No evidence to suggest outcome selection. All outcomes mentioned in the methods and results were reported. </p><p>5.3: PN. Note: No evidence to suggest analyses selection. All analyses mentioned in the protocol, methods and results were reported.</p>",Some concerns,"<p>The study is judged to raise some concerns in two domains (2 and 4), but not to be at high risk of bias for any domain.</p>"
2,5,Depressive symptoms at 1-6 months,,SUBGROUP_AND_OVERALL,Rachasrimuang 2018,2018,0.0,0.0,2.15,1.77,0,57,4.08,2.8,0,59,0.0,0.0,51.137218,-0.815475,-1.194819,-0.436131,Geriatric Depression Scale Thai version (TGDS),Low risk,<p>1.1: Y; 1.2: PY. Quote: &quot; Using free<br/>randomization software(24) a random selection from a<br/>total of 9 clusters chose clusters No. 3 and No. 6 for<br/>intervention and clusters No. 2 and No. 7 for control&quot;</p><p>1.3: NI. Note: No useful information is reported to evaluate this element</p><p>1b.1: NI - no information on the sequence of randomization and recruitment is provided; </p><p>1b.2: PN - to evidence to suggest that selection was influenced by knowledge of allocation; </p><p>1b.3: N - baseline characterisitics were comparable across intervention groups. Overall: Low risk</p>,High risk,"<p>2.1a: NI; 2.1b: PY; 2.2: PY. Note: No information provided on whether participants knew that they were in a trial, due to the nature of the intervention they (as those delivering the intervention) were most likely aware of intervention allocation.</p><p>2.3: PY.  Quote: &quot;Some youth volunteers needed to travel from<br/>community to work with their parents in the city<br/>during the school holidays, and this made coverage of<br/>intervention less than expected. This&quot;</p><p>2.4: PY. Note:These deviations could have been influencing the outcomes</p><p>2.5: PN. Note: Deviations affected the intervention group only</p><p>2.6: NI. Note: Not enough information provided to give a judjment on this item</p><p>2.7: PN. Note: No evidence to suggest that failure to analyzed participants in randomized groups could a substantial impact on the results</p>",High risk,"<p>3.1a NI: no information provided on how many clusters with available data were analyzed; 3.1b: no information provided on how many participants were assessed at baseline or follow-up, the manuscript does not mention losses or withdrawals</p><p>3.2: NI. Note: No evidence that the result was not biased by missing data</p><p>3.3: NI; 3.4: NI. Note: No information on missing data provided</p>",Some concerns,"<p>4.1: PN. Note: The outcome measure is widely established and adapted for use in Nepal.</p><p>4.2: PN. Note: No evidence to suggest that.</p><p>4.3a: NI; 4.3b: PY. Note: no information provided on whether participants knew that they were in a trial, participants were most likely aware of the group allocation due to the nature of the intervention </p><p>4.4: PY; 4.5: PN. Note: Knowledge of the assigned intervention could influence participant-reported outcomes, but there is no reason to believe that it did.</p>",Low risk,"<p>5.1: PY. Note: No evidence to suggest otherwise, methods and results do not show discrepancies. </p><p>5.2: PN. Note: No evidence to suggest outcome selection. All outcomes mentioned in the methods and results were reported.</p><p>5.3: PN. Note: No evidence to suggest analyses selection. All analyses mentioned in the methods and results were reported.</p>",High risk,<p>The study is judged to be at high risk of bias<b> </b>in two domains (2 and 3).</p>
2,5,Depressive symptoms at 1-6 months,,SUBGROUP_AND_OVERALL,Sanfilippo 2020,2020,0.0,0.0,0.94,1.73,0,13,2.36,2.36,0,20,0.0,0.0,22.813893,-0.647893,-1.365747,0.069961,Edinburgh Postnatal Depression Scale (EPDS),High risk,"<p>1a.1: Y; 1a.2: PY. Quote: &quot;The study’s statistical advisor generated a computer randomisation list with a block size of 2, which was applied to the presupplied clinic list by the trial team”.</p><p>1a.3: NI. No useful information is reported to evaluate this element. </p><p>1b.1: PN. The trial has a stepped-wedged design, each clinic (cluster) first recruited participants for a control cohort, then for a second intervention cohort. Nevertheless, the assignment to either group preceded the recruitment of participants.</p><p>1b.2: PY. Given the nature of the study design it is possible that the researchers (unblinded) were aware of allocation before recruitment.</p><p>1b.3: PY. The two groups were comparable at baseline for demographic characteristics, but participants’ baseline antenatal EPDS and SRQ-20 scores were significantly lower in the intervention group compared with the control group.</p>",Some concerns,"<p>2.1 a: NI; 2.1b: PY; 2.2: PY. No information provided on whether participants knew that they were in a trial, due to the nature of the intervention they (as those delivering the intervention) were most likely aware of intervention allocation.</p><p>2.3: PY. Some deviations in the timeline of delivery occurred to overcome possible issues of adherence during Ramadan.</p><p> 2.4: PN. No evidence to suggest deviations from the intended intervention would have influenced the outcomes</p><p>2.5: NA. 2.6: Y. Data were analyzed in an intention to treat basis.. </p><p>2.7: NA.</p>",Some concerns,"<p>3.1a: PY. No evidence to suggest cluster loss</p><p>3.1b: PN. Quote: &quot;Attrition was 20% between baseline and post- intervention assessment, and 33% across all three assessment time points&quot; </p><p>3.2: PN. No information to suggest that results were not biased by missing outcome data. </p><p>3.3: NI;3.4: PN. Quote: &quot;There was no difference in attrition between the groups. &quot;</p>",Some concerns,"<p>4.1: N. The outcome measure is widely established and validated for use across different contexts, including that of application.</p><p>4.2: PN. No evidence to suggest that measurement or ascertainment of the outcome differed between intervention groups.</p><p>4.3a: NI; 4.3b: PY. No information provided on whether participants knew that they were in a trial, participants (outcome assessors) were most likely aware of the group allocation due to the nature of the intervention.</p><p>4.4: PY; 4.5: PN. Knowledge of the assigned intervention could influence participant-reported outcomes, but there is no reason to believe that it did.</p>",Low risk,"<p>5.1: PY. No evidence to suggest otherwise, methods and results do not show discrepancies.</p><p>5.2: PN. No evidence to suggest outcomes selection. All outcomes mentioned in the methods and results were reported.</p><p>5.3: PN. No evidence to suggest analyses selection. All outcomes mentioned in the methods and results were reported<b>.</b></p>",High risk,<p>The study is judged to be at high risk of bias<b> </b>in one domain (1).</p>
2,6,Anxiety symptoms at 1-6 months,,SUBGROUP_AND_OVERALL,Langer 1996,1996,0.0,0.0,38.9,12.1,0,1009,39.7,12.5,0,1017,0.0,0.0,100.0,-0.8,-1.871264,0.271264,State-Trait Anxiety Inventory (STAI),Low risk,"<p>1.1: Y; 1.2: Y.  Quote: &quot;Randomization was carried out by the Data Coordinating Center in<br/>Pelotas; a computer-generated code was used for<br/>randomization within balanced blocks of 20 women,<br/>stratified according to center. A sequence of sealed,<br/>opaque envelopes including the randomization codes<br/>was used by a single investigator in each hospital to<br/>assign the women to treatment groups. A particular<br/>woman's group assignment was known only to this<br/>investigator, the study supervisor and the home<br/>visitor.&quot;</p><p>1.3: PN.  Quote: &quot;The distribution of risk factors<br/>and obstetric, demographic and behavioral baseline<br/>conditions was similar in the intervention and control<br/>groups&quot;. Data reported is comparable across groups but no formal testing is reported.</p>",Low risk,<p>2.1: PY; 2.2: PY.  Note: Due to the nature of the intervention participants and personnel were most likely aware of allocation.</p><p>2.3: Note:  No evidence to suggest issues to implement intervention</p><p>2.4: NA.</p><p>2.5: NA.</p><p>2.6: Y. Quote: &quot;The data were analyzed on an intention-to-treat basis<br/>according to the group to which the women were<br/>randomly assigned.&quot;</p><p>2.7: NA.</p>,Low risk,"<p>3.1: PY.  Note: Out of the 2235 randomized participants, 2026 (9.4%) were assessed at 36 weeks of gestation and 1901 (14.9%) at 40 days after delivery.</p><p>3.2: NA. </p><p>3.3: NA.</p><p>3.4: NA.</p>",Some concerns,"<p>4.1: PN. Note: The STAI is a widely validated and established measure, validated across contexts.</p><p>4.2: PN. Note: No evidence to suggest differences in measurement between intervention and control. </p><p>4.3: PY. Note: Outcome assessors (participants) were most likely aware of intervention allocation. </p><p>4.4: PY; 4.5: PN. Note: Knowledge of the assigned intervention could influence participant-reported outcomes, but there is no reason to believe that it did.</p>",Low risk,"<p>5.1: PY. Note: no evidence to suggest otherwise, methods and results do not show discrepancies. </p><p>5.2: PN. Note: No evidence to suggest outcome selection. All outcomes mentioned in the methods are reported.</p><p>5.3: PN. Note: No evidence to suggest analyses selection. All analyses mentioned in the methods were reported. </p>",Some concerns,"<p>The study is judged to raise some concerns in one domain (4), but not to be at high risk of bias for any domain.</p>"
2,7,Distress/PTSD symptoms at 0-1 months,,SUBGROUP_AND_OVERALL,Cerquera Córdoba 2021,2021,0.0,0.0,42.2,18.6,0,17,37.8,14.1,0,14,0.0,0.0,12.967874,0.256092,-0.45455,0.966735,Zarit Burden Interview (ZBI),Low risk,<p>1.1: Y; 1.2: PY.  Randomization was conducted by a person that was not involved in the other parts of the study using a software</p><p>1.3: PN. Baseline characteristics were overall comparable across groups as demonstrated by Table 1.</p>,Low risk,<p>2.1: PY; 2.2: PY.  Due to the nature of the intervention participants and personnel were moslt likely aware of their assigned intervention.</p><p>2.3: PN. No evidence to suggest issues in recruitment and engagement nor failures to implement intervention allowed by the protocol</p><p>2.4: NA.</p><p>2.5: NA.</p><p>2.6: PY. No explicit mention of the analysis used to estimate the effect of assignment to intervention. Data was analyzed for almost all randomized participants (80%). </p><p>2.7: NA.</p>,Low risk,<p>3.1: PY.  Data was availalble for almost all randomized participants (80%).</p><p>3.2: NA. </p><p>3.3: NA.</p><p>3.4: NA.</p>,Some concerns,"<p>4.1: PN. The selected outcome method is widely validated in the context of application.</p><p>4.2: PN. Note: No evidence to suggest differences in measurement between intervention and control. </p><p>4.3: PY. Outcome assessors (participants) were most likely aware of intervention allocation. </p><p>4.4: PY. Knowledge of the assigned intervention could influence participant-reported outcomes, but there is no reason to believe that it did</p><p>4.5: PN.</p>",Low risk,"<p>5.1: PY.  No evidence to suggest otherwise, methods and results do not show discrepancies.. </p><p>5.2: PN. No evidence to suggest outcome selection.</p><p>5.3: PN. No evidence to suggest analyses selection. All analyses mentioned in the methods were reported.</p>",Some concerns,"<p>The study is judged to raise some concerns in one domain (4), but not to be at high risk of bias for any domain.</p>"
2,7,Distress/PTSD symptoms at 0-1 months,,SUBGROUP_AND_OVERALL,Chattha 2008,2008,0.0,0.0,11.74,6.15,0,54,15.63,5.61,0,50,0.0,0.0,15.32373,-0.654821,-1.050041,-0.259602,Perceived Stress Scale (PSS),Low risk,"<p>1.1:Y; 1.2:Y. Quote: &quot;This was a prospective, randomized, controlled trial&quot;; &quot;The women who satisfied the inclusion criteria..were randomly divided into two groups using a computer-generated random number table prepared for the specific number of participants available in the center&quot;. Quote: &quot;The statistician who did randomization of the serial numbers of participants and the final analysis was blind to the source of the data&quot;.</p><p>1.3: N. Quote: &quot;The baseline values were not significantly different between the yoga and control groups (P&gt;0.01)&quot;. </p>",Some concerns,"<p>2.1:PY; 2.2: PY. Quote: &quot;Because this was an interventional study, it could not be a double-blind study&quot;</p><p>2.3: NI. Note: No information provided. </p><p>2.4: NA; 2.5: NA. </p><p>2.6: N. Quote: &quot;in view of the small number of dropouts, intent.to.treat analysis was not planned&quot;</p><p>2.7: PN. Quote: &quot;of 120 participants, there was a total 12 dropouts, 5 n the yoga group and 7 in the control group&quot;</p>",Low risk,<p>3.1: Y. Quote: &quot;the analysis was done for a total of 108 participants (54 in each group)&quot;. Drop-out rate was 12 of 120 participants</p><p>3.2: NA; 3.3: NA. </p>,Some concerns,<p>4.1: N. Note: The selected outcome method is widely validated and established.</p><p>4.2: N. Note: No evidence to suggest differences in measurement between intervention and control groups. </p><p>4.3: PY. Note: According to the RoB guidelines outcome assessors for self reporting questionnaires are the participants. </p><p>4.4: PY 4.5: PN. Note: It could have been influenced but there is no reason to believe it did. </p>,Low risk,"<p>5.1: PY. Note: No protocol available. No evidence to suggest otherwise, methods and results do not show discrepancies.</p><p>5.2: PN. Note: No evidence to suggest outcome selection. All outcomes mentioned in the methods and results were reported.</p><p>5.3: PN. Note: No evidence to suggest analyses selection. All outcomes mentioned in the methods and results were reported. </p>",Some concerns,"<p>The study is judged to raise some concerns in two domains (2 and 4), but not to be at high risk of bias for any domain.</p>"
2,7,Distress/PTSD symptoms at 0-1 months,,SUBGROUP_AND_OVERALL,Li 2019,2019,0.0,0.0,0.37,0.16,0,50,0.95,0.31,0,50,0.0,0.0,14.519796,-2.333204,-2.84556,-1.820848,Pregnancy Pressure Scale ,Low risk,<p>1.1: Y; 1.2: PY.  Quote: &quot;One-hundred participants were further randomly divided into the control group<br/>(N = 50) and the intervention group (N = 50) using a computerized random number generator by<br/>an investigator with no clinical involvement in the trial.&quot;</p><p>1.3: N. Note: Not significant differences at baseline</p><p> </p>,Low risk,<p>2.1: PY; 2.2: PY.  Note: Due to the nature of the intervention participants and personnel were most likely aware of allocation.</p><p>2.3: PN. Note: no evidence to suggest issues to implement intervention</p><p>2.4: NA.</p><p>2.5: NA.</p><p>2.6: PY. Note: No explicit mention of the analysis used to estimate the effect of assignment to intervention. Quote: &quot;Over 99% of individuals’ data able to be used in this study.&quot;</p><p>2.7: NA.</p>,Low risk,<p>3.1: PY. Quote: &quot;Over 99% of individuals’ data able to be used in this study&quot;</p><p>3.2: NA.</p><p>3.3: NA.</p><p>3.4: NA. </p>,Some concerns,"<p>4.1: PN.  Note: The selected outcome (PPS) is an appropriate measure, with good validity reported for this population (alpha=0.84)</p><p>4.2: PN.  Note: No evidence to suggest differences in measurement between intervention and control. </p><p>4.3: PY. Note: Outcome assessors (participants) were most likely aware of intervention allocation. </p><p>4.4: PY. Note: Knowledge of the assigned intervention could influence participant-reported outcomes, but there is no reason to believe that it did</p><p>4.5: PN.</p>",Low risk,"<p>5.1: PY.  Note:  No evidence to suggest otherwise, ISRCTN protocol, methods and results do not show discrepancies. </p><p>5.2: PN.  Note: No evidence to suggest analyses selection. All outcomes mentioned in the ISRCTN protocol, methods  were reported in the results. </p><p>5.3: PN. Note: No evidence to suggest analyses selection. All analyses mentioned in the ISRCTN protocol, methods  were reported in the results. </p>",Some concerns,"<p>The study is judged to raise some concerns in one domain (4), but not to be at high risk of bias for any domain.</p>"
2,7,Distress/PTSD symptoms at 0-1 months,,SUBGROUP_AND_OVERALL,McCann 2015,2015,0.0,0.0,56.0,21.3,0,27,93.7,27.9,0,27,0.0,0.0,13.784979,-1.496901,-2.105609,-0.888193,Negative Subscale of the Experience of Caregiving Inventory (ECI) ,Low risk,"<p>1.1: Y; 1.2: Y.  Quote: &quot;Participants were randomly assigned to either the intervention or the control group by means of independent random allocation, using a computer generated randomisation list. This process was carried out by a researcher who was not directly involved in the recruitment process for the study.&quot;; &quot;Allocation was concealed. Allocation, which was o-site, was carried out by a researcher who was not directly involved in the recruitment process for the study. Randomisation was then emailed to the researcher allocating participants to intervention and control groups in Thailand.&quot;</p><p>1.3: PN.  Note: Baseline characteristics were comparable across groups.</p>",Low risk,<p>2.1: Y; 2.2: PY.  Note: The trial was open label. Quote: &quot;Open (masking not used)&quot;</p><p>2.3: Note:  No evidence to suggest issues to implement intervention</p><p>2.4: NA.</p><p>2.5: NA.</p><p>2.6: PY. Note: All randomized participants were analysed. </p><p>2.7: NA.</p>,Low risk,<p>3.1: Y.  Note: All 54 randomized participants were assessed post-intervention and analyzed.</p><p>3.2: NA. </p><p>3.3: NA.</p><p>3.4: NA.</p>,Some concerns,"<p>4.1: PN. Note: The selected outcome method (RS) is validated and established, appropriate for the local context, and assessed in its psychometric properties for this sample (α =0.87).. </p><p>4.2: PN. Note: No evidence to suggest differences in measurement between intervention and control. </p><p>4.3: PY. Outcome assessors (participants) were most likely aware of intervention allocation. </p><p>4.4: PY. Note: Knowledge of the assigned intervention could influence participant-reported outcomes, but there is no reason to believe that it did</p><p>4.5: PN.</p>",Low risk,"<p>5.1: PY.  Note: No evidence to suggest otherwise, NCT protocol, methods and results do not show discrepancies. </p><p>5.2: N. Note: No evidence to suggest outcome selection. All outcomes mentioned in the NCT protocol, methods  were reported in the results. </p><p>5.3: N. Note: No evidence to suggest analyses selection. All analyses mentioned in the NCT protocol, methods  were reported in the results. </p>",Some concerns,"<p>The study is judged to raise some concerns in one domain (4), but not to be at high risk of bias for any domain.</p>"
2,7,Distress/PTSD symptoms at 0-1 months,,SUBGROUP_AND_OVERALL,Miller 2020,2020,0.0,0.0,24.34,9.49,0,78,30.57,8.19,0,73,0.0,0.0,15.716382,-0.6976,-1.026581,-0.368619,Kessler 10-Item Scale (K10),Low risk,"<p>1.1: PY; 1.2: Y.  Quote: &quot;After participants had completed the baseline assessment, our research<br/>coordinator explained the randomization process to participants, inviting them to draw a lollipop out of an opaque bag containing an<br/>equal number of red and green lollipops, corresponding to the number of participants at the assessment.&quot;</p><p>1.3: N. Quote: &quot;Randomization resulted in balanced groups on demographic and outcome variables. A between-groups t-test was conducted<br/>following randomization, and we found no significant differences on any demographic or outcome variable.&quot;</p><p> </p>",Low risk,"<p>2.1: PY; 2.2: PY.  Quote: &quot;The PI, co-investigators and research assistants remained blind throughout the study. The Lebanon-based research coordinator<br/>was not blind, nor, by necessity, were participants blind to their group assignment.&quot;</p><p>2.3: PN. Note: No evidence to suggest issues to implement intervention</p><p>2.4: NA.</p><p>2.5: NA.</p><p>2.6: PY.  Note: All randomized participants were included in the analysis. </p><p>2.7: NA.</p>",Low risk,"<p>3.1: PY.  Quote: &quot;Retention of participants in the study was excellent: of the 151 caregivers who completed the baseline assessment, 149 or 99 %<br/>completed the endline assessment.&quot;</p><p>3.2: NA.</p><p>3.3: NA.</p><p>3.4: NA.</p>",Some concerns,"<p>4.1: PN. Note: The measure (Caregiver Stress, Stress Management, and Parenting Measure) was developed for the study, demonstrating good psychometric properties. </p><p>4.2: PN. Note: No evidence to suggest differences in measurement between intervention and control. </p><p>4.3: PY. Note: Outcome assessors (participants) were most likely aware of intervention allocation. </p><p>4.4: PY. Note: Knowledge of the assigned intervention could influence participant-reported outcomes, but there is no reason to believe that it did. Quote: &quot;Although we were unable to control for such potential bias, the stories of change shared in the focus groups we conducted with<br/>CSI participants following the intervention were consistent with the self-reported changes we found in the questionnaire data&quot;</p><p>4.5: PN.</p>",Low risk,"<p>5.1: PY. Note: no evidence to suggest otherwise, methods and results do not show discrepancies. </p><p>5.2: PN.  Note: no evidence to suggest outcome selection. All outcomes mentioned in the methods are reported.</p><p>5.3: PN Note: No evidence to suggest analyses selection. All analyses mentioned in the methods were reported. </p>",Some concerns,"<p>The study is judged to raise some concerns in one domain (4), but not to be at high risk of bias for any domain.</p>"
2,7,Distress/PTSD symptoms at 0-1 months,,SUBGROUP_AND_OVERALL,Ramezani 2017,2017,0.0,0.0,4.2,3.6,0,23,6.71,4.9,0,32,0.0,0.0,14.26348,-0.561428,-1.108166,-0.01469,Maternity Blues Austin Inventory ,Low risk,"<p>1.1: Y; 1.2: PY.  Quote: &quot;We used a permuted block random allocation method. Random assignment of participant<br/>was performed based on blocks of six.&quot;</p><p>1.3: N. Quote: &quot;the mean age of the cognitive-behavioural counselling, solution-focused and<br/>control groups were 25.17 ± 5.2, 26.14 ± 4.8 and 26.2 ± 3.9, respectively, and no significant<br/>difference was observed between the groups.&quot;; &quot;The results in Table 3 show no significant differences<br/>between education, gestational age, job, pregnancy acceptance and economic status in the<br/>two intervention groups and the control group.&quot;</p>",Low risk,"<p>2.1: PY; 2.2 Y.  Quote: &quot;However, due to the nature of the provided counselling, the<br/>blinding of patients was not done well&quot;</p><p>2.3: PN.  Note: No evidence of deviations from protocol</p><p>2.4: NA.</p><p>2.5: NA.</p><p>2.6: NI. Note: Out of the 85 randomized participants, 78 were analyzed. </p><p>2.7: NA.</p>",Low risk,<p>3.1: Y.  Note: 7 missings out of 85 randomized (8.2%)</p><p>3.2: NA.</p><p>3.3: NA.</p><p>3.4: NA.</p>,Some concerns,"<p>4.1: N. Note: The Austin Inventory has been validated in its Persian version. Within this sample it has a good internal consistency (alpha = 0.73)</p><p>4.2: PN. Note: No evidence to suggest differences in measurement between intervention groups.</p><p>4.3: PY. Note: Outcome assessors (that given the RoB guidelines are the mothers) were most likely aware of intervention allocation; the midwife responsible for data collection was blind to  group allocation.</p><p>4.4: PY. Note: Knowledge of the assigned intervention could influence participant-reported outcomes, but there is no reason to believe that it did.</p><p>4.5: PN.</p>",Low risk,"<p>5.1: PY.  Note: No evidence to suggest otherwise, methods and results do not show discrepancies.</p><p>5.2: PN. Note: No evidence to suggest outcome selection. All outcomes mentioned in the methods were reported. </p><p>5.3: PN. Note: No evidence to suggest analyses selection. All outcomes mentioned in the methods and results were reported. </p>",Some concerns,"<p>The study is judged to raise some concerns in one domain (4), but not to be at high risk of bias for any domain.</p>"
2,7,Distress/PTSD symptoms at 0-1 months,,SUBGROUP_AND_OVERALL,Sanfilippo 2020,2020,0.0,0.0,3.62,3.32,0,16,6.42,4.08,0,24,0.0,0.0,13.423758,-0.722543,-1.37673,-0.068357,Self-Reporting Questionnaire (SRQ),High risk,"<p>1a.1: Y; 1a.2: PY. Quote: &quot;The study’s statistical advisor generated a computer randomisation list with a block size of 2, which was applied to the presupplied clinic list by the trial team”.</p><p>1a.3: NI. No useful information is reported to evaluate this element. </p><p>1b.1: PN. The trial has a stepped-wedged design, each clinic (cluster) first recruited participants for a control cohort, then for a second intervention cohort. Nevertheless, the assignment to either group preceded the recruitment of participants.</p><p>1b.2: PY. Given the nature of the study design it is possible that the researchers (unblinded) were aware of allocation before recruitment.</p><p>1b.3: PY. The two groups were comparable at baseline for demographic characteristics, but participants’ baseline antenatal EPDS and SRQ-20 scores were significantly lower in the intervention group compared with the control group.</p>",Some concerns,"<p>2.1 a: NI; 2.1b: PY; 2.2: PY. No information provided on whether participants knew that they were in a trial, due to the nature of the intervention they (as those delivering the intervention) were most likely aware of intervention allocation.</p><p>2.3: PY. Some deviations in the timeline of delivery occurred to overcome possible issues of adherence during Ramadan.</p><p> 2.4: PN. No evidence to suggest deviations from the intended intervention would have influenced the outcomes</p><p>2.5: NA. 2.6: Y. Data were analyzed in an intention to treat basis.. </p><p>2.7: NA.</p>",Some concerns,"<p>3.1a: PY. No evidence to suggest cluster loss</p><p>3.1b: PN. Quote: &quot;Attrition was 20% between baseline and post- intervention assessment, and 33% across all three assessment time points&quot; </p><p>3.2: PN. No information to suggest that results were not biased by missing outcome data. </p><p>3.3: NI;3.4: PN. Quote: &quot;There was no difference in attrition between the groups. &quot;</p>",Some concerns,"<p>4.1: N. The outcome measure is widely established and validated for use across different contexts, including that of application.</p><p>4.2: PN. No evidence to suggest that measurement or ascertainment of the outcome differed between intervention groups.</p><p>4.3a: NI; 4.3b: PY. No information provided on whether participants knew that they were in a trial, participants (outcome assessors) were most likely aware of the group allocation due to the nature of the intervention.</p><p>4.4: PY; 4.5: PN. Knowledge of the assigned intervention could influence participant-reported outcomes, but there is no reason to believe that it did.</p>",Low risk,"<p>5.1: PY. No evidence to suggest otherwise, methods and results do not show discrepancies.</p><p>5.2: PN. No evidence to suggest outcomes selection. All outcomes mentioned in the methods and results were reported.</p><p>5.3: PN. No evidence to suggest analyses selection. All outcomes mentioned in the methods and results were reported<b>.</b></p>",High risk,<p>The study is judged to be at high risk of bias<b> </b>in one domain (1).</p>
2,8,Distress/PTSD symptoms at 1-6 months,,SUBGROUP_AND_OVERALL,Dias 2008,2008,0.0,0.0,2.6,2.3,0,34,3.3,3.6,0,31,0.0,0.0,20.28789,-0.231286,-0.719737,0.257165,General Health Questionnaire (GHQ-12),Low risk,"<p>1.1: Y; 1.2: PY.  Quote: &quot;randomization of dyads was carried out by an indipendent person, based on simple random number tables, either to the intervention or waiting list group&quot;</p><p>1.3: N. Note: Not significant differences at baseline.</p><p> </p>",Some concerns,<p>2.1: Y; 2.2: Y.  Note: Participants and personnel were aware of treatment allocation.</p><p>2.3: NI. Quote: &quot;There were no protocol violations.&quot;</p><p>2.4: NA.</p><p>2.5:  NA.</p><p>2.6: NI. Note: No explicit mention of the analysis used to estimate the effect of assignment to intervention. </p><p>2.7: PN. 27% circa - 22 of 81 drops-out (because the relatives with dementia died)</p>,Low risk,"<p>3.1: PY.  Note: The dropout rate at 3 months follow-up was: 7 of 41 for intervention group (5 death, 1 refused, 1 shifted); 7 of 40 for control group (6 death, 1 refused, 1 dropout). The dropout rate at 6 months follow up was: 2 of 34 for intervention group (1 death, 1 dropout); 7 of 27 for control group (6 death, 1 shifted).</p><p>3.2: NA.</p><p>3.3: NA.</p><p>3.4: NA.</p>",Some concerns,"<p>4.1: N. Note: The selected outcome method is widely validated, established and adapted to fit the local context.</p><p>4.2: PN. Note: No evidence to suggest differences in meaurement between intervention and control group.</p><p>4.3: PY. Quote: &quot;outcome evaluations were carried out by researchers who were masked to the allocation status until the end of the project. We anticipated that some unmasking would occur because both the intervention and outcome evaluations were home-based.&quot;</p><p>4.4: PY.  Note: Knowledge o fthe assigned intervention could influence participant-reported outcomes, but there is no reason to believe that it did. </p><p>4.5: PN</p>",Low risk,"<p>5.1: PY.  Note: No evidence to suggest otherwise, methods and results do not show discrepancies. </p><p>5.2: PN. Note: No evidence to suggest outcome selection. All outcomes mentioned in the methods and results were reported. </p><p>5.3: PN. Note: No evidence to suggest analyses selection. All outcomes mentioned in the methods and results were reported. </p><p> </p>",Some concerns,"<p>The study is judged to raise some concerns in two domains (2 and 4), but not to be at high risk of bias for any domain.</p>"
2,8,Distress/PTSD symptoms at 1-6 months,,SUBGROUP_AND_OVERALL,McCann 2015,2015,0.0,0.0,54.1,25.7,0,27,93.9,17.2,0,27,0.0,0.0,18.17909,-1.793717,-2.432466,-1.154968,Negative Subscale of the Experience of Caregiving Inventory (ECI) ,Low risk,"<p>1.1: Y; 1.2: Y.  Quote: &quot;Participants were randomly assigned to either the intervention or the control group by means of independent random allocation, using a computer generated randomisation list. This process was carried out by a researcher who was not directly involved in the recruitment process for the study.&quot;; &quot;Allocation was concealed. Allocation, which was o-site, was carried out by a researcher who was not directly involved in the recruitment process for the study. Randomisation was then emailed to the researcher allocating participants to intervention and control groups in Thailand.&quot;</p><p>1.3: PN.  Note: Baseline characteristics were comparable across groups.</p>",Low risk,<p>2.1: Y; 2.2: PY.  Note: The trial was open label. Quote: &quot;Open (masking not used)&quot;</p><p>2.3: Note:  No evidence to suggest issues to implement intervention</p><p>2.4: NA.</p><p>2.5: NA.</p><p>2.6: PY. Note: All randomized participants were analysed. </p><p>2.7: NA.</p>,Low risk,<p>3.1: Y.  Note: All 54 randomized participants were assessed post-intervention and analyzed.</p><p>3.2: NA. </p><p>3.3: NA.</p><p>3.4: NA.</p>,Some concerns,"<p>4.1: PN. Note: The selected outcome method (RS) is validated and established, appropriate for the local context, and assessed in its psychometric properties for this sample (α =0.87).. </p><p>4.2: PN. Note: No evidence to suggest differences in measurement between intervention and control. </p><p>4.3: PY. Outcome assessors (participants) were most likely aware of intervention allocation. </p><p>4.4: PY. Note: Knowledge of the assigned intervention could influence participant-reported outcomes, but there is no reason to believe that it did</p><p>4.5: PN.</p>",Low risk,"<p>5.1: PY.  Note: No evidence to suggest otherwise, NCT protocol, methods and results do not show discrepancies. </p><p>5.2: N. Note: No evidence to suggest outcome selection. All outcomes mentioned in the NCT protocol, methods  were reported in the results. </p><p>5.3: N. Note: No evidence to suggest analyses selection. All analyses mentioned in the NCT protocol, methods  were reported in the results. </p>",Some concerns,"<p>The study is judged to raise some concerns in one domain (4), but not to be at high risk of bias for any domain.</p>"
2,8,Distress/PTSD symptoms at 1-6 months,,SUBGROUP_AND_OVERALL,Rahman 2009,2009,0.0,0.0,7.37,4.36,0,98,7.51,4.9,0,88,0.0,0.0,22.709301,-0.030158,-0.318015,0.257698,Self-Reporting Questionnaire (SRQ),Low risk,<p>1a.1: Y; 1a.2: PY. Quote: &quot;assignment to intervention (the 'intention-to-treat' effect) NA   Journal article(s)&quot;</p><p>1.3: NI. Note: No useful information is reported to evaluate this element</p><p>1b.1: N: particpants were recruited after randomization;</p><p>1b.2: PN- there is no evidence to suggest that selection of individual participants was affected by knoweldge of the intervention assigned to the cluster; </p><p>1b.3:PN - baseline characteristics were comparable across intervention and control group. Overall: Low</p>,Low risk,"<p>2.1a: NI; 2.1b: PY; 2.2: PY. Note: No information provided on whether participants knew that they were in a trial, due to the nature of the intervention they (as those delivering the intervention) were most likely aware of intervention allocation.</p><p>2.3: PN.  Note: No evidence to suggest deviations from the intended intervention that arose because of the trial context </p><p>2.4: NA.</p><p>2.5: NA.</p><p>2.6: PY. Note:  Most randomized participants were analyzed (93%)</p><p>2.7: NA.</p>",Some concerns,"<p>3.1a NI. Note: no information on whether data was avaiable for all clusters; </p><p>3.1b: PY. Note: data were avaiable for almost all randomized participants  (93% - 307 out of 334)</p><p>3.2: PN. Note: No evidence that the result was not biased by missing data</p><p>3.3: PY; 3.4: PN. Quote: &quot;Table 2 compares the characteristics of patients followed up<br/>with those that were not.When a random effects logistic regression<br/>model was fitted to follow-up rate, there was evidence that<br/>women with higher IDQ scores at baseline were more likely to<br/>be followed (P = 0.017).&quot;<br/> </p>",Some concerns,"<p>4.1: PN. Note: The outcome measure is widely established and adapted for use in Nepal.</p><p>4.2: PN. Note: No evidence to suggest that.</p><p>4.3a: NI; 4.3b: PY. Note: No information provided on whether participants knew that they were in a trial, participants were most likely aware of the group allocation due to the nature of the intervention </p><p>4.4: PY; 4.5: PN. Note: Knowledge of the assigned intervention could influence participant-reported outcomes, but there is no reason to believe that it did.</p>",Low risk,"<p>5.1: PY. Note: No evidence to suggest otherwise, methods and results do not show discrepancies. </p><p>5.2: PN. Note: No evidence to suggest outcome selection. All outcomes mentioned in the methods and results were reported.</p><p>5.3: PN. Note: No evidence to suggest analyses selection. All analyses mentioned in the methods and results were reported.</p>",Some concerns,"<p>The study is judged to raise some concerns in two domains (3 and 4), but not to be at high risk of bias for any domain.</p>"
2,8,Distress/PTSD symptoms at 1-6 months,,SUBGROUP_AND_OVERALL,Sanfilippo 2020,2020,0.0,0.0,2.7,3.03,0,13,5.28,3.12,0,20,0.0,0.0,16.898097,-0.815782,-1.544861,-0.086703,Self-Reporting Questionnaire (SRQ),High risk,"<p>1a.1: Y; 1a.2: PY. Quote: &quot;The study’s statistical advisor generated a computer randomisation list with a block size of 2, which was applied to the presupplied clinic list by the trial team”.</p><p>1a.3: NI. No useful information is reported to evaluate this element. </p><p>1b.1: PN. The trial has a stepped-wedged design, each clinic (cluster) first recruited participants for a control cohort, then for a second intervention cohort. Nevertheless, the assignment to either group preceded the recruitment of participants.</p><p>1b.2: PY. Given the nature of the study design it is possible that the researchers (unblinded) were aware of allocation before recruitment.</p><p>1b.3: PY. The two groups were comparable at baseline for demographic characteristics, but participants’ baseline antenatal EPDS and SRQ-20 scores were significantly lower in the intervention group compared with the control group.</p>",Some concerns,"<p>2.1 a: NI; 2.1b: PY; 2.2: PY. No information provided on whether participants knew that they were in a trial, due to the nature of the intervention they (as those delivering the intervention) were most likely aware of intervention allocation.</p><p>2.3: PY. Some deviations in the timeline of delivery occurred to overcome possible issues of adherence during Ramadan.</p><p> 2.4: PN. No evidence to suggest deviations from the intended intervention would have influenced the outcomes</p><p>2.5: NA. 2.6: Y. Data were analyzed in an intention to treat basis.. </p><p>2.7: NA.</p>",Some concerns,"<p>3.1a: PY. No evidence to suggest cluster loss</p><p>3.1b: PN. Quote: &quot;Attrition was 20% between baseline and post- intervention assessment, and 33% across all three assessment time points&quot; </p><p>3.2: PN. No information to suggest that results were not biased by missing outcome data. </p><p>3.3: NI;3.4: PN. Quote: &quot;There was no difference in attrition between the groups. &quot;</p>",Some concerns,"<p>4.1: N. The outcome measure is widely established and validated for use across different contexts, including that of application.</p><p>4.2: PN. No evidence to suggest that measurement or ascertainment of the outcome differed between intervention groups.</p><p>4.3a: NI; 4.3b: PY. No information provided on whether participants knew that they were in a trial, participants (outcome assessors) were most likely aware of the group allocation due to the nature of the intervention.</p><p>4.4: PY; 4.5: PN. Knowledge of the assigned intervention could influence participant-reported outcomes, but there is no reason to believe that it did.</p>",Low risk,"<p>5.1: PY. No evidence to suggest otherwise, methods and results do not show discrepancies.</p><p>5.2: PN. No evidence to suggest outcomes selection. All outcomes mentioned in the methods and results were reported.</p><p>5.3: PN. No evidence to suggest analyses selection. All outcomes mentioned in the methods and results were reported<b>.</b></p>",High risk,<p>The study is judged to be at high risk of bias<b> </b>in one domain (1).</p>
2,8,Distress/PTSD symptoms at 1-6 months,,SUBGROUP_AND_OVERALL,Yang 2022,2022,0.0,0.0,1.02,1.74,0,65,3.34,4.48,0,61,0.0,0.0,21.925622,-0.686763,-1.046618,-0.326907,Degree of Distress ,Low risk,"<p>1.1: PY; 1.2: PY. Quote: &quot; The research leader generated the random allocation sequence and assigned participants to interventions, physicians and nurses enrolled participants. Random allocation sequence was generated by random numbers tables, all patients were randomly selected by the researchers and assigned to each group using random number tables.&quot;</p><p>1.3: PN. Baseline characteristics were overall comparable across groups as demonstrated by Table 1.</p>",Low risk,"<p>2.1: PY; 2.2: PY. Note: Due to the nature of the intervention, participants and personnel were most likely aware of their assigned intervention, </p><p>2.3: PN. Note: No evidence to suggest issues in recruitment and engagement, nor failures to implement intervention allowed by the protocol. </p><p>2.4: NA</p><p>2.5: NA</p><p>2.6: PY. Note: No explicit mention of the analysis used to estimate the effect of assignment to intervention. Data was analyzed for almost all randomized participants (84% response rate). </p><p>2.7: PN. Note. No evidence to suggest analysis in the wrong group or exclusion of participants that could have had a substantial impact on the results. Data was analyzed for 84% of randomized participants at the 6 months timepoint.</p>",Low risk,<p>3.1: PY. Note: Data was availalble for almost all randomized participants (84% response rate). </p><p>3.2: NA</p><p>3.3: NA</p><p>3.4: NA</p>,Some concerns,"<p>4.1: PN. Note: The selected outcome method is widely validated and established and demonstrated good psychometric properties in the study. </p><p>4.2: PN: Note: No evidence to suggest differences in measurement between intervention and control.</p><p>4.3: PY. Note: Outcome assessors (participants) were most likely aware of intervention allocation.</p><p>4.4: PY; 4.5: PN. Note: Knowledge of the assigned intervention could influence participant-reported outcomes, but there is no reason to believe that it did.</p>",Low risk,"<p>5.1: PY. Note: No evidence to suggest otherwise, methods and results do not show discrepancies. </p><p>5.2: PN. Note: No evidence to suggest outcome selection. </p><p>5.3: PN. Note: No evidence to suggest analyses selection. All analyses mentioned in the methods were reported. </p>",Some concerns,"<p>The study is judged to raise some concerns in one domain (4), but not to be at high risk of bias for any domain.</p>"
2,9,Distress/PTSD symptoms at 7-24 months,,SUBGROUP_AND_OVERALL,Cerquera Córdoba 2021,2021,0.0,0.0,42.6,18.6,0,16,33.8,14.1,0,11,0.0,0.0,100.0,8.8,-3.548728,21.148728,Zarit Burden Interview (ZBI),Low risk,<p>1.1: Y; 1.2: PY.  Randomization was conducted by a person that was not involved in the other parts of the study using a software</p><p>1.3: PN. Baseline characteristics were overall comparable across groups as demonstrated by Table 1.</p>,Low risk,<p>2.1: PY; 2.2: PY.  Due to the nature of the intervention participants and personnel were moslt likely aware of their assigned intervention.</p><p>2.3: PN. No evidence to suggest issues in recruitment and engagement nor failures to implement intervention allowed by the protocol</p><p>2.4: NA.</p><p>2.5: NA.</p><p>2.6: PY. No explicit mention of the analysis used to estimate the effect of assignment to intervention. Data was analyzed for almost all randomized participants (80%). </p><p>2.7: NA.</p>,Low risk,<p>3.1: PY.  Data was availalble for almost all randomized participants (80%).</p><p>3.2: NA. </p><p>3.3: NA.</p><p>3.4: NA.</p>,Some concerns,"<p>4.1: PN. The selected outcome method is widely validated in the context of application.</p><p>4.2: PN. Note: No evidence to suggest differences in measurement between intervention and control. </p><p>4.3: PY. Outcome assessors (participants) were most likely aware of intervention allocation. </p><p>4.4: PY. Knowledge of the assigned intervention could influence participant-reported outcomes, but there is no reason to believe that it did</p><p>4.5: PN.</p>",Low risk,"<p>5.1: PY.  No evidence to suggest otherwise, methods and results do not show discrepancies.. </p><p>5.2: PN. No evidence to suggest outcome selection.</p><p>5.3: PN. No evidence to suggest analyses selection. All analyses mentioned in the methods were reported.</p>",Some concerns,"<p>The study is judged to raise some concerns in one domain (4), but not to be at high risk of bias for any domain.</p>"
2,10,Social outcomes at 0-1 months,,SUBGROUP_AND_OVERALL,Cerquera Córdoba 2021,2021,0.0,0.0,-63.3,19.0,0,17,-49.3,14.5,0,14,0.0,0.0,15.934327,-14.0,-25.801059,-2.198941,Social Support Medical Outcomes Study Questionnaire,Low risk,<p>1.1: Y; 1.2: PY.  Randomization was conducted by a person that was not involved in the other parts of the study using a software</p><p>1.3: PN. Baseline characteristics were overall comparable across groups as demonstrated by Table 1.</p>,Low risk,<p>2.1: PY; 2.2: PY.  Due to the nature of the intervention participants and personnel were moslt likely aware of their assigned intervention.</p><p>2.3: PN. No evidence to suggest issues in recruitment and engagement nor failures to implement intervention allowed by the protocol</p><p>2.4: NA.</p><p>2.5: NA.</p><p>2.6: PY. No explicit mention of the analysis used to estimate the effect of assignment to intervention. Data was analyzed for almost all randomized participants (80%). </p><p>2.7: NA.</p>,Low risk,<p>3.1: PY.  Data was availalble for almost all randomized participants (80%).</p><p>3.2: NA. </p><p>3.3: NA.</p><p>3.4: NA.</p>,Some concerns,"<p>4.1: PN. The selected outcome method is widely validated in the context of application.</p><p>4.2: PN. Note: No evidence to suggest differences in measurement between intervention and control. </p><p>4.3: PY. Outcome assessors (participants) were most likely aware of intervention allocation. </p><p>4.4: PY. Knowledge of the assigned intervention could influence participant-reported outcomes, but there is no reason to believe that it did</p><p>4.5: PN.</p>",Low risk,"<p>5.1: PY.  No evidence to suggest otherwise, methods and results do not show discrepancies.. </p><p>5.2: PN. No evidence to suggest outcome selection.</p><p>5.3: PN. No evidence to suggest analyses selection. All analyses mentioned in the methods were reported.</p>",Some concerns,"<p>The study is judged to raise some concerns in one domain (4), but not to be at high risk of bias for any domain.</p>"
2,10,Social outcomes at 0-1 months,,SUBGROUP_AND_OVERALL,Rahimi 2021a,2021,0.0,0.0,-12.9,1.02,0,12,-7.2,1.5,0,12,0.0,0.0,46.420983,-5.7,-6.726318,-4.673682,Positive Relationship with Others Subscale of the Warwick-Edinburgh Mental Wellbeing Scale (WEMWBS) ,Some concerns,"<p>1a.1: PY; 1a.2: PY. Quote: &quot;Then, 2 hospitals were randomly assigned to intervention and control groups from 4 educational hospitals using the flip the coin method&quot;;&quot; Finally, for the selection of patients in the intervention and the control group, from the list of patients in each of these two hospitals according to the eligible criteria (58 patients in hospital A and 61 patients in hospital B), 30 male and female patients were enrolled in the study by block randomization method&quot;; &quot;In order to prevent possible bias, the statistician and peer group that participated in the data analysis and implementation of intervention and data collection, respectively, were blinded&quot;.</p><p>1a.3: NI. No useful information is reported to evaluate this element. </p><p>1b.1: PN. It appears the randomization was conducted prior to the recruitment of participants:</p><p>1b.2: PN. It is unlikely that the selection of inidividual participants was affected by knowledge of the intervention assigned to the cluster.</p><p>1b.3: PN. There is no evidence to indicate imbalances in baseline values to indicate differentail identification or recruitment of individual participants.</p>",Low risk,"<p>2.1 a: NI; 2.1b: PY; 2.2: PY. No information provided on whether participants knew that they were in a trial, due to the nature of the intervention they (as those delivering the intervention) were most likely aware of intervention allocation.</p><p>2.3: PN. No evidence to indicate deviations from protocol.</p><p>2.4: NA.</p><p>2.5: NA.</p><p>2.6: PY. Data were analysed for all randomized participants. </p><p>2.7: NA.</p>",Low risk,<p>3.1a: PY. No evidence to suggest cluster loss.</p><p>3.1b: PY. There were no losses at follow-up.</p><p>3.2: NA. 3.3: NA. 3.4: NA.</p>,Some concerns,"<p>4.1: N. The outcome measure is widely established and validated for use across different contexts.</p><p>4.2: PN. No evidence to suggest that measurement or ascertainment of the outcome differed between intervention groups.</p><p>4.3a: NI; 4.3b: PY. No information provided on whether participants knew that they were in a trial, participants (outcome assessors) were most likely aware of the group allocation due to the nature of the intervention.</p><p>4.4: PY; 4.5: PN. Knowledge of the assigned intervention could influence participant-reported outcomes, but there is no reason to believe that it did.</p>",Low risk,"<p>5.1: PY. No evidence to suggest otherwise, methods and results do not show discrepancies.</p><p>5.2: PN. No evidence to suggest outcomes selection. All outcomes mentioned in the methods and results were reported.</p><p>5.3: PN. No evidence to suggest analyses selection. All outcomes mentioned in the methods and results were reported<b>.</b></p>",Some concerns,"<p>The study is judged to raise some concerns in two domains (1 and 4), but not to be at high risk of bias for any domain.</p>"
2,10,Social outcomes at 0-1 months,,SUBGROUP_AND_OVERALL,Vargas-Porras 2021,2021,0.0,0.0,-83.09,5.19,0,33,-70.82,11.26,0,33,0.0,0.0,37.64469,-12.27,-16.500206,-8.039794,Functional Social Support Subscale of the Perinatal Infant Care Social Support Scale (PICSS),Low risk,"<p>1.1: PY. 1.2: PY. Note: Title mentions RCT design. Quote: &quot;This is a parallel‐group, double‐blind, randomized, controlled trial&quot;; Quote: &quot;The software also generated an identification code that was allocated to the groups. Only one researcher had access to the randomization codes and was responsible for submitting the codes to the nurse who delivered the intervention. The nurse who delivered the intervention only had contact with participants in the intervention group with two arms.&quot;</p><p>1.3: PN. Quote: &quot;The groups were comparable except for socioeconomic status and educational level variables; therefore, the differences recorded for these two variables were assessed by a sensitivity analysis.&quot;</p>",Low risk,"<p>2.1: PY; 2.2: PY. Note: Due to the nature of the intervention, participants and the interventionists were most likely aware of the allocation. </p><p>2.3: PN. Note: No evidence to suggest issues to implement intervention. </p><p>2.4: NA</p><p>2.5: NA</p><p>2.6: Y. Note: Intention-to-treat analysis was performed. </p>",Low risk,<p>3.1: PY. Note: Drop-out: 5 of 71. </p><p>3.2: NA</p><p>3.3: NA</p><p>3.4: NA</p>,Some concerns,"<p>4.1: N. Note: This instrument was translated into Spanish, culturally adapted, and validated in Colombian first‐time mothers of term in- fants. Cronbach's α in the present study was 0.92.</p><p>4.2: PN. Note: No evidence to suggest differences in measurement between intervention and control.</p><p>4.3: PY. Note: Outcome assessors (participants) were most likely aware of intervention allocation.</p><p>4.4: PY; 4.5: PN. Note: Knowledge of the assigned intervention could influence participant-reported outcomes, but there is no reason to believe that it did.</p>",Low risk,"<p>5.1: PY. Note: No evidence to suggest otherwise, methods and results do not show discrepancies. </p><p>5.2: PN. Note: No evidence to suggest outcome selection. All outcomes mentioned in the methods and results were reported. </p><p>5.3: PN. Note: No evidence to suggest analyses selection. All outcomes mentioned in the methods and results were reported. </p>",Some concerns,"<p>The study is judged to raise some concerns in one domain (4), but not to be at high risk of bias for any domain.</p>"
2,11,Social outcomes at 1-6 months,,SUBGROUP_AND_OVERALL,Ozcan 2020,2020,0.0,0.0,-68.48,26.06,0,55,-26.06,22.16,0,55,0.0,0.0,49.67832,-1.741503,-2.182653,-1.300352,Social Relationship Subscale of the World Health Organization Quality-of-Life Scale (WHOQOL),Low risk,<p>1.1: PY. 1.2: PY. Quote: &quot;a 2-group randomized controlled trial with a prospective pretest-posttest experimental design was conducted to evaluate the model’s effectiveness. (...) A sealed envelope method was used in randomization; half of the women were randomly assigned to the intervention group (n1⁄458) and the other half to the control group (n1⁄459). &quot;</p><p>1.2: PN: Note: Baseline characteristics were overall comparable across groups.</p>,High risk,"<p>2.1: PY; 2.2: PY. Note: Due to the nature of the intervention, participants and personnel were aware of their assigned intervention. </p><p>2.3: PN. Note: No evidence to suggest issues in recruitment and engagement, nor failures to implement intervention allowed by the protocol. </p><p>2.4: NA</p><p>2.5: NA</p><p>2.6: PN. Quote: &quot;The exclusion criteria were as follows: (i) being lost to follow-up (…)&quot;</p><p>2.7: PY. Note: 7/110 (6% circa) of participants were excluded from the analysis because they were lost at follow-up.</p>",Low risk,<p>3.1: Y. Note: Data were available for almost all randomized participants (6% were lost at follow up and excluded from analyses). </p><p>3.2: NA</p><p>3.3: NA</p><p>3.4: NA</p>,Some concerns,"<p>4.1: PN. Note: The selected outcome method is widely validated and established and demonstrated good psychometric properties in the study. </p><p>4.2: PN. Note: No evidence to suggest differences in measurement between intervention and control.</p><p>4.3: PY. Note: Outcome assessors (participants) were most likely aware of intervention allocation. Staff involved in data collection were not blinded to the allocation.</p><p>4.4: PY; 4.5: PN. Note: Knowledge of the assigned intervention could influence participant-reported outcomes, but there is no reason to believe that it did.</p>",Low risk,"<p>5.1: PY. Note: No evidence to suggest otherwise, methods and results do not show discrepancies.</p><p>5.2: PN. Note: No evidence to suggest outcome selection.</p><p>5.3: PN. No evidence to suggest analyses selection. All analyses mentioned in the methods were reported.</p>",High risk,<p>The study is judged to be at high risk of bias<b> </b>in one domain (2).</p>
2,11,Social outcomes at 1-6 months,,SUBGROUP_AND_OVERALL,Yang 2022,2022,0.0,0.0,-55.31,19.28,0,65,-54.73,21.28,0,61,0.0,0.0,50.32168,-0.028437,-0.377846,0.320972,Evaluation of functional social support ,Low risk,"<p>1.1: PY; 1.2: PY. Quote: &quot; The research leader generated the random allocation sequence and assigned participants to interventions, physicians and nurses enrolled participants. Random allocation sequence was generated by random numbers tables, all patients were randomly selected by the researchers and assigned to each group using random number tables.&quot;</p><p>1.3: PN. Baseline characteristics were overall comparable across groups as demonstrated by Table 1.</p>",Low risk,<p>2.1: PY; 2.2: PY.  Due to the nature of the intervention participants and personnel were moslt likely aware of their assigned intervention.</p><p>2.3: PN. No evidence to suggest issues in recruitment and engagement nor failures to implement intervention allowed by the protocol</p><p>2.4: NA.</p><p>2.5: NA.</p><p>2.6: PY. No explicit mention of the analysis used to estimate the effect of assignment to intervention. Data was analyzed for almost all randomized participants (84% response rate).</p><p>2.7: NA.</p>,Low risk,<p>3.1: PY.  Data was availalble for almost all randomized participants (84% response rate).</p><p>3.2: NA. </p><p>3.3: NA.</p><p>3.4: NA.</p>,Some concerns,"<p>4.1: PN. The selected outcome method is widely validated and established and demonstrated good psychometric properties in the study.</p><p>4.2: PN. Note: No evidence to suggest differences in measurement between intervention and control. </p><p>4.3: PY. Outcome assessors (participants) were most likely aware of intervention allocation. </p><p>4.4: PY. Knowledge of the assigned intervention could influence participant-reported outcomes, but there is no reason to believe that it did</p><p>4.5: PN.</p>",Low risk,"<p>5.1: PY.  No evidence to suggest otherwise, methods and results do not show discrepancies.. </p><p>5.2: PN. No evidence to suggest outcome selection.</p><p>5.3: PN. No evidence to suggest analyses selection. All analyses mentioned in the methods were reported.</p>",Some concerns,"<p>The study is judged to raise some concerns in one domain (4), but not to be at high risk of bias for any domain.</p>"
2,12,Social outcomes at 7-24 months,,SUBGROUP_AND_OVERALL,Cerquera Córdoba 2021,2021,0.0,0.0,-55.6,19.0,0,16,-39.9,14.5,0,11,0.0,0.0,100.0,-15.7,-28.352951,-3.047049,Social Support Medical Outcomes Study Questionnaire,Low risk,<p>1.1: Y; 1.2: PY.  Randomization was conducted by a person that was not involved in the other parts of the study using a software</p><p>1.3: PN. Baseline characteristics were overall comparable across groups as demonstrated by Table 1.</p>,Low risk,<p>2.1: PY; 2.2: PY.  Due to the nature of the intervention participants and personnel were moslt likely aware of their assigned intervention.</p><p>2.3: PN. No evidence to suggest issues in recruitment and engagement nor failures to implement intervention allowed by the protocol</p><p>2.4: NA.</p><p>2.5: NA.</p><p>2.6: PY. No explicit mention of the analysis used to estimate the effect of assignment to intervention. Data was analyzed for almost all randomized participants (80%). </p><p>2.7: NA.</p>,Low risk,<p>3.1: PY.  Data was availalble for almost all randomized participants (80%).</p><p>3.2: NA. </p><p>3.3: NA.</p><p>3.4: NA.</p>,Some concerns,"<p>4.1: PN. The selected outcome method is widely validated in the context of application.</p><p>4.2: PN. Note: No evidence to suggest differences in measurement between intervention and control. </p><p>4.3: PY. Outcome assessors (participants) were most likely aware of intervention allocation. </p><p>4.4: PY. Knowledge of the assigned intervention could influence participant-reported outcomes, but there is no reason to believe that it did</p><p>4.5: PN.</p>",Low risk,"<p>5.1: PY.  No evidence to suggest otherwise, methods and results do not show discrepancies.. </p><p>5.2: PN. No evidence to suggest outcome selection.</p><p>5.3: PN. No evidence to suggest analyses selection. All analyses mentioned in the methods were reported.</p>",Some concerns,"<p>The study is judged to raise some concerns in one domain (4), but not to be at high risk of bias for any domain.</p>"
3,1,Diagnosis of mental disorders at 0-1 months,,SUBGROUP_AND_OVERALL,Acarturk 2022,2022,0.0,0.0,0.0,0.0,30,237,0.0,0.0,36,267,0.0,0.0,39.581252,0.938819,0.597517,1.475073,Mini International Neuropsychiatric Interview (MINI),Low risk,"<p>1.1: Y. Quote: &quot;Participants were randomly assigned either to the Self-Help Plus arm or to ECAU only, in a 1:1 ratio.&quot; 1.2: Y. Quote &quot;The randomization schedule was generated by Castor Electronic Data Capture (EDC). (..)  Research team members involved in<br/>recruitment were able to access the web-based software to randomize each newly enrolled participant, but were not able to access the randomization list, and were not aware of the block size.&quot;</p><p>1.3: N. Note: No significant differences at baseline. </p>",Low risk,<p>2.1: PY; 2.2: PY. Note: Due to the nature of the intervention participants and the interventionists were most likely aware of the allocation.</p><p>2.3: PN. Note: No evidence to suggest issues to implement intervention.</p><p>2.4: NA.</p><p>2.5: NA.</p><p>2.6: Y. Quote: &quot;We followed an intent-to-treat approach for analysis of primary and secondary outcomes&quot;</p><p>2.7: NA.</p>,Low risk,<p>3.1: PY. Quote: &quot; The distribution of participants lost to follow-up was similar between the study groups (15.53% vs. 14.06%)&quot;</p><p>3.2: NA.</p><p>3.3: NA.</p><p>3.4: NA.</p>,Low risk,<p>4.1: N. Note: The selected outcome method (MINI) is widely validated and established.</p><p>4.2: PN. Note: No evidence to suggest differences in measurement between intervention and control. </p><p>4.3: N. Quote: &quot;Both assessors evaluating outcomes and the statistician performing analyses were masked to participant allocation status. Outcome assessors were not involved in any activities that might reveal random allocation of study participants.&quot;</p><p>4.4: NA.</p><p>4.5: NA. </p>,Low risk,"<p>5.1: PY. Note: no evidence to suggest otherwise, methods and results do not show discrepancies. </p><p>5.2: PN. Note: No evidence to suggest outcome selection. All outcomes mentioned in the methods are reported.</p><p>5.3: PN. Note: No evidence to suggest analyses selection. All analyses mentioned in the methods were reported. </p>",Low risk,<p>The study is judged to be at low risk of bias for all domains.</p>
3,1,Diagnosis of mental disorders at 0-1 months,,SUBGROUP_AND_OVERALL,Rajeswari 2020,2020,0.0,0.0,0.0,0.0,4,120,0.0,0.0,32,119,0.0,0.0,35.419555,0.123958,0.045237,0.339669,State-Trait Anxiety Inventory (STAI) as proxy,Some concerns,"<p>1.1: PY; 1.2: NI. Quote: &quot;The women were assigned using a lottery method to intervention and control groups, 125 in each group&quot;</p><p>1.3: PN. Quote: &quot;Majority were in the age group of 25–29 years (intervention group 60 [48%]; control group 57 [45.60%]).It was seen that 37 (29.60%) in the intervention group and 35 (28.0%) in the control group had high school education, 63 (50.40%) of the intervention group and 59 (47.20%) of the control group were residing in suburban area, 72 (57.60%) in the intervention group and 68 (54.40%) in the control group belonged to nuclear families.; &quot;No formal testing is reported</p>",Low risk,"<p>2.1: PY. 2.2: Y.  Note: Due to the nature of the intervention participants were most likely aware of the intervention. Research team members were aware of the intervention during its delivery.</p><p>2.3: PN. Note: No evidence of deviations</p><p>2.4: NA.</p><p>2.5: NA.</p><p>2.6: PY. No mention of approach to estimate effect of assignment to intervention. Out of the 250 participants randomized, 239 were analyzed.</p><p>2.7: NA.</p>",Low risk,"<p>3.1: Y. Note: 125 randomized to intervention, 120 analysed at follow-up. 125 allocated to control, 119 analysed (about 4% were lost)</p><p>3.2: NA.</p><p>3.3: NA.</p><p>3.4: NA.</p>",Some concerns,"<p>4.1: N. Quote: &quot;It is a standardized tool and the original tool had established validity, the “r” obtained was 0.83.&quot;</p><p>4.2: PN. Note: no evidence to suggest differences in measurement between intervention and control.</p><p>4.3: PY. Note: Outcome assessors (mothers) were most likely aware of intervention allocation.</p><p>4.4: PY. Note: Knowledge of the assigned intervention could influence participant-reported outcomes, but there is no reason to believe that it did</p><p>4.5: PN.</p>",Low risk,"<p>5.1: PY.  Note: no evidence to suggest otherwise, methods and results do not show discrepancies.</p><p>5.2: PN.  Note: No evidence to suggest outcome selection. All outcomes mentioned in the methods were reported. </p><p>5.3: PN. Note: no evidence to suggest analyses selection. All outcomes mentioned in the methods and results were reported. </p>",Some concerns,"<p>The study is judged to raise some concerns in two domains (1 and 4), but not to be at high risk of bias for any domain.</p>"
3,1,Diagnosis of mental disorders at 0-1 months,,SUBGROUP_AND_OVERALL,Rotheram-Borus 2014a,2014,0.0,0.0,0.0,0.0,1,45,0.0,0.0,7,55,0.0,0.0,24.999193,0.174603,0.0223,1.367083,General Health Questionnaire (GHQ-12) as proxy,Some concerns,"<p>1a.1: PY; 1a.2: PY. Clinics were selected and matched, randomization was conducted by a team off site .</p><p>1.3: PN. Note: Clusters were matched </p><p>1b.1: N: particpants were recruited after randomization; </p><p>1b.2: PN. Note: there is no evidence to suggest that selection of individual participants was affected by knoweldge of the intervention assigned to the cluster;</p><p>1b.3:PN. Note: baseline characteristics were comparable only following clinic clustering- Quote: &quot;While the SC<br/>and the EI were similar on many variables, there were large baseline differences between conditions on employment status, housing, and maternal chronic illness. Controlling for clinic clustering, there were no significant differences between WLH in the EI and SC conditions, implying that clinic differences may be related to subcultural differences and geographic location&quot; . </p>",Some concerns,"<p>2.1a: PY; 2.1b: PY; 2.2: PY. Note: Participants were aware that they took part of a study, due to the nature of the intervention they (as those delivering the intervention) were most likely aware of intervention allocation.</p><p>2.3:NI.  Note: Participants were aware that they took part of a study, due to the nature of the intervention they (as those delivering the intervention) were most likely aware of intervention allocation.</p><p>2.4: NA.</p><p>2.5: NA.</p><p>2.6: NI. Note:  Not enough information provided to give a judjment on this item</p><p>2.7: PN. Note: No evidence to suggest that failure to analyzed participants in randomized groups could a substantial impact on the results</p><p> </p>",High risk,"<p>3.1a NI - no information on whether data was avaiable for all clusters; </p><p>3.1b: Quote:&quot;NI; PY 3.1a NI - no information on whether data was avaiable for all clusters; </p><p>3.1b: data were avaiable for almost all randomized participants  (93% - 307 out of 334)&quot;</p><p>3.2: PN - No evidence that the result was not biased by missing data</p><p>3.3: PY; 3.4: PY. Quote: &quot;There were several selection effects between WLH in the EI and<br/>the SC who were successfully re-assessed and those who were lost<br/>to follow up. Within the SC condition, re-assessed WLH were<br/>more likely to be married or living with their partner, employed,<br/>and have water on site and a flush toilet. Compared to EI mothers<br/>lost to follow-up, re-assessed EI mothers were older and less likely<br/>to have a chronic illness. There were no serious study-related<br/>adverse events.&quot;; Quote: &quot;In many interventions,<br/>those most in need of intervention are most likely to attend [31],<br/>but this is less possible in rural southern Africa.&quot;</p>",Some concerns,"<p>4.1: PN. Note: The outcome measure is widely established and adapted for use in Nepal.</p><p>4.2: PN. Note: No evidence to suggest that.</p><p>4.3a: NI; 4.3b: PY. Note: no information provided on whether participants knew that they were in a trial, participants were most likely aware of the group allocation due to the nature of the intervention </p><p>4.4: PY; 4.5: PN. Note: Knowledge of the assigned intervention could influence participant-reported outcomes, but there is no reason to believe that it did.</p>",High risk,"<p>5.1: PY. Note: No evidence to suggest otherwise, methods and results do not show discrepancies. </p><p>5.2: PY. Note: Edinburgh Postnatal Depression Scale (EPDS) mentioned as an outcome in protocol but was not reported</p><p>5.3: PN. Note: No evidence to suggest analyses selection. All analyses mentioned in the methods and results were reported.</p>",High risk,<p>The study is judged to be at high risk of bias<b> </b>in two domains (3 and 5).</p>
3,2,Diagnosis of mental disorders at 1-6 months ,,SUBGROUP_AND_OVERALL,Acarturk 2022,2022,0.0,0.0,0.0,0.0,59,272,0.0,0.0,112,275,0.0,0.0,42.550003,0.532596,0.407773,0.695627,Mini International Neuropsychiatric Interview (MINI),Low risk,"<p>1.1: Y. Quote: &quot;Participants were randomly assigned either to the Self-Help Plus arm or to ECAU only, in a 1:1 ratio.&quot; 1.2: Y. Quote &quot;The randomization schedule was generated by Castor Electronic Data Capture (EDC). (..)  Research team members involved in<br/>recruitment were able to access the web-based software to randomize each newly enrolled participant, but were not able to access the randomization list, and were not aware of the block size.&quot;</p><p>1.3: N. Note: No significant differences at baseline. </p>",Low risk,<p>2.1: PY; 2.2: PY. Note: Due to the nature of the intervention participants and the interventionists were most likely aware of the allocation.</p><p>2.3: PN. Note: No evidence to suggest issues to implement intervention.</p><p>2.4: NA.</p><p>2.5: NA.</p><p>2.6: Y. Quote: &quot;We followed an intent-to-treat approach for analysis of primary and secondary outcomes&quot;</p><p>2.7: NA.</p>,Low risk,<p>3.1: PY. Quote: &quot; The distribution of participants lost to follow-up was similar between the study groups (15.53% vs. 14.06%)&quot;</p><p>3.2: NA.</p><p>3.3: NA.</p><p>3.4: NA.</p>,Low risk,<p>4.1: N. Note: The selected outcome method (MINI) is widely validated and established.</p><p>4.2: PN. Note: No evidence to suggest differences in measurement between intervention and control. </p><p>4.3: N. Quote: &quot;Both assessors evaluating outcomes and the statistician performing analyses were masked to participant allocation status. Outcome assessors were not involved in any activities that might reveal random allocation of study participants.&quot;</p><p>4.4: NA.</p><p>4.5: NA. </p>,Low risk,"<p>5.1: PY. Note: no evidence to suggest otherwise, methods and results do not show discrepancies. </p><p>5.2: PN. Note: No evidence to suggest outcome selection. All outcomes mentioned in the methods are reported.</p><p>5.3: PN. Note: No evidence to suggest analyses selection. All analyses mentioned in the methods were reported. </p>",Low risk,<p>The study is judged to be at low risk of bias for all domains.</p>
3,2,Diagnosis of mental disorders at 1-6 months ,,SUBGROUP_AND_OVERALL,Cooper 2009,2009,0.0,0.0,0.0,0.0,21,170,0.0,0.0,29,184,0.0,0.0,18.744412,0.783773,0.465291,1.320248,Structured Clinical Interview for the DSM-IV diagnoses,Low risk,"<p>1.1: PY; 1.2: PY.  Quote:&quot;minimization was conducted to the trial manager who then communicated the group assignment&quot;</p><p>1.3: PN.  Quote: &quot;The randomisation process resulted in<br/>closely equivalent groups in terms of demographic<br/>variables.&quot;; p-values are not reported in table 1, however values are very much comparable</p>",Some concerns,<p>2.1: PY; 2.2: PY.  Note: Due to the nature of the intervention participants and the interventionists were most likely aware of the intervention. </p><p>2.3: PN. Note: No evidence to suggest issues to implement intervention</p><p>2.4: NA.</p><p>2.5: NA.</p><p>2.6: NI.  Note: No specification given on the analysis approach </p><p>2.7: PN.</p><p> </p><p> </p>,Low risk,"<p>3.1: PY. Note: At 12 months, data is avaiable for 170 participants in intervention and 184 in control, from the 449 radomized individuals 95 were lost at this follow-up (21%) </p><p>3.2: NA.</p><p>3.3: NA.</p><p>3.4: NA.</p>",Low risk,"<p>4.1: N.  Note: The DSM-IV criteria are considered gold-standard assessment, for the purpose of the study in interview was translated and then back translated following &quot;standard principles&quot;. &quot;The interviewer<br/>and the second author (a clinical psychologist), both<br/>of whom were blind to treatment group, reviewed<br/>each assessment anonymously, using both tape recordings<br/>and the interviewer’s notes. A collective decision<br/>was made about each of the relevant symptoms, on<br/>which the decision about the presence or absence of a<br/>DSM-IV major depressive disorder was based&quot;</p><p>4.2: PN.  Note: No evidence to suggest differences in measurament between intervention and control; &quot;Mothers and infants in the intervention and controls<br/>groups visited the research unit on an equal number<br/>of occasions and for equivalent lengths of time, and<br/>their experience of the assessment procedures, including<br/>the video recording, was similarly equivalent.&quot;</p><p>4.3: N. Note:  Researchers involved in data collection were blinded to group allocation.</p><p>4.4: NA.</p><p>4.5: NA.</p>",Some concerns,"<p>5.1: PY.  Note: No evidence to suggest otherwise, methods and results vs. protocol do not show discrepancies</p><p>5.2: PN.  Note: No evidence to suggest outcome selection. All outcomes mentioned in the methods and protocol were reported. </p><p>5.3: PN. Note: No evidence to suggest selection of analyses.</p>",Some concerns,"<p>The study is judged to raise some concerns in two domains (2 and 5), but not to be at high risk of bias for any domain.</p>"
3,2,Diagnosis of mental disorders at 1-6 months ,,SUBGROUP_AND_OVERALL,Rong 2021b,2021,0.0,0.0,0.0,0.0,10,74,0.0,0.0,21,72,0.0,0.0,12.254411,0.46332,0.234828,0.914139,Patient Health Questionnaire 9 (PHQ-9) as proxy,Low risk,"<p>1.1: Y; 1.2: Y. Note: Title mentions RCT design. Quote: &quot;Eligible participants were randomly assigned to the intervention ( n = 74) and control ( n = 72) groups according to the randomization results, which were sealed in an opaque envelope delivered by the co-investigators.&quot;. Quote: &quot;The randomization coding list was generated by a simple randomization allocation method, the PLAN procedure (SAS, version 9.4, USA).&quot;</p><p>1.3: PN. Note: No significant differences at baseline. </p>",Some concerns,<p>2.1: Y; 2.2: Y. Quote: &quot;Neither the students nor their teachers were blind to the allocated group due to the interactive schedules between the two groups&quot;</p><p>2.3: PY. Note: NCT registration describes the &quot;control group&quot; as a &quot;no intervention&quot; but the paper describes this group as &quot;active control&quot;. Quote: &quot;Students in the control group were also guided by a teacher and were encouraged to discuss their difficulties in clinical work and school life.&quot;</p><p>2.4: PN. Note: Changes from assigned control that are inconsistent with the trial protocol are not more likely to impact on the intervention effect estimate.</p><p>2.5: NA</p><p>2.6: NI. Note: No explicit mention of the analysis used to estimate the effect of assignment to intervention.</p><p>2.7: N. Note: There was not a substantial impact of the failure to analyse participants in the group to which they were randomized.</p>,Low risk,<p>3.1: Y. Note: Drop-out: 0.</p><p>3.2: NA</p><p>3.3: NA</p><p>3.4: NA</p>,Some concerns,"<p>4.1: N. Note: The selected outcome method (PHQ-9 or MBI) is widely validated and established. </p><p>4.2: PN. Note: No evidence to suggest differences in measurement between intervention and control.</p><p>4.3: PY. Note: Outcome assessors (participants) were most likely aware of intervention allocation. Quote: &quot;All participants were asked to complete the self-assessment scales and provide their individual randomized number on the questionnaires that were administered before and one months after the whole intervention courses&quot;</p><p>4.4: PY; 4.5: PN. Note: Knowledge of the assigned intervention could influence participant-reported outcomes, but there is no reason to believe that it did.</p>",Low risk,"<p>5.1: PY. Note: No evidence to suggest otherwise, methods and results do not show discrepancies.</p><p>5.2: PN. Note: No evidence to suggest outcome selection. All outcomes mentioned in the methods and results were reported.</p><p>5.3: PN. Note: No evidence to suggest analyses selection. All outcomes mentioned in the methods and results were reported.</p>",Some concerns,"<p>The study is judged to raise some concerns in two domains (2 and 4), but not to be at high risk of bias for any domain.</p>"
3,2,Diagnosis of mental disorders at 1-6 months ,,SUBGROUP_AND_OVERALL,Rotheram-Borus 2014a,2014,0.0,0.0,0.0,0.0,2,36,0.0,0.0,5,45,0.0,0.0,2.601364,0.5,0.10297,2.427899,General Health Questionnaire (GHQ-12) as proxy,Some concerns,"<p>1a.1: PY; 1a.2: PY. Clinics were selected and matched, randomization was conducted by a team off site .</p><p>1.3: PN. Note: Clusters were matched </p><p>1b.1: N: particpants were recruited after randomization; </p><p>1b.2: PN. Note: there is no evidence to suggest that selection of individual participants was affected by knoweldge of the intervention assigned to the cluster;</p><p>1b.3:PN. Note: baseline characteristics were comparable only following clinic clustering- Quote: &quot;While the SC<br/>and the EI were similar on many variables, there were large baseline differences between conditions on employment status, housing, and maternal chronic illness. Controlling for clinic clustering, there were no significant differences between WLH in the EI and SC conditions, implying that clinic differences may be related to subcultural differences and geographic location&quot; . </p>",Some concerns,"<p>2.1a: PY; 2.1b: PY; 2.2: PY. Note: Participants were aware that they took part of a study, due to the nature of the intervention they (as those delivering the intervention) were most likely aware of intervention allocation.</p><p>2.3:NI.  Note: Participants were aware that they took part of a study, due to the nature of the intervention they (as those delivering the intervention) were most likely aware of intervention allocation.</p><p>2.4: NA.</p><p>2.5: NA.</p><p>2.6: NI. Note:  Not enough information provided to give a judjment on this item</p><p>2.7: PN. Note: No evidence to suggest that failure to analyzed participants in randomized groups could a substantial impact on the results</p>",High risk,"<p>3.1a NI. No information on whether data was available for all clusters;  </p><p>3.1b: PY. Data were available for almost all randomized participants  (93% - 307 out of 334)&quot; </p><p>3.2: PN. No evidence that the result was not biased by missing data </p><p>3.3: PY; 3.4: PY. Quote: &quot;There were several selection effects between WLH in the EI and </p><p>the SC who were successfully re-assessed and those who were lost to follow up. Within the SC condition, re-assessed WLH were more likely to be married or living with their partner, employed, and have water on site and a flush toilet. Compared to EI mothers lost to follow-up, re-assessed EI mothers were older and less likely to have a chronic illness. There were no serious study-related adverse events.&quot;; Quote: &quot;In many interventions, those most in need of intervention are most likely to attend [31], but this is less possible in rural southern Africa.&quot; </p>",Some concerns,"<p>4.1: PN. Note: The outcome measure is widely established and adapted for use in Nepal.</p><p>4.2: PN. Note: No evidence to suggest that.</p><p>4.3a: NI; 4.3b: PY. Note: no information provided on whether participants knew that they were in a trial, participants were most likely aware of the group allocation due to the nature of the intervention </p><p>4.4: PY; 4.5: PN. Note: Knowledge of the assigned intervention could influence participant-reported outcomes, but there is no reason to believe that it did.</p>",High risk,"<p>5.1: PY. Note: No evidence to suggest otherwise, methods and results do not show discrepancies. </p><p>5.2: PY. Note: Edinburgh Postnatal Depression Scale (EPDS) mentioned as an outcome in protocol but was not reported</p><p>5.3: PN. Note: No evidence to suggest analyses selection. All analyses mentioned in the methods and results were reported.</p>",High risk,<p>The study is judged to be at high risk of bias<b> </b>in two domains (3 and 5).</p>
3,2,Diagnosis of mental disorders at 1-6 months ,,SUBGROUP_AND_OVERALL,Rotheram-Borus 2014b,2014,0.0,0.0,0.0,0.0,18,56,0.0,0.0,17,51,0.0,0.0,17.589328,0.964286,0.559936,1.66063,Edinburgh Postnatal Depression Scale (EPDS) as proxy,Low risk,"<p>1a.1: PY; 1a.2: PY. Quote: &quot;UCLA randomised 26 neighbourhoods within matched pairs to either the<br/>intervention or the control arm using simple randomisation&quot;</p><p>1.3: PN. Quote: &quot;As described in an earlier publication [17], the neighbourhoods and pregnant women were highly similar across conditions&quot;</p><p>1b.1: N: Note: particpants were recruited after randomization;</p><p> 1b.2: PN. Note: there is no evidence to suggest that selection of individual participants was affected by knoweldge of the intervention assigned to the cluster; </p><p>1b.3:PN. Note: groups were comparable at baseline. </p>",Some concerns,"<p>2.1a: NI; 2.1b: PY; 2.2: PY. Note: No information provided on whether participants for which we are analysing the outcome (parents)  knew that they were in a trial, due to the nature of the intervention they (as those delivering the intervention) were aware of intervention allocation. </p><p>2.3: PY. Note: Quote: &quot;Although the samples were<br/>highly similar across matched pairs of neighbourhoods, 16%<br/>(n= 94) of mothers in the control arm were recruited late in<br/>pregnancy or in the first months following childbirth. With or<br/>without these women in the analyses, the result of the RCT is the<br/>same.&quot;</p><p>2.4: PN. Quote: &quot;Although the samples were<br/>highly similar across matched pairs of neighbourhoods, 16%<br/>(n= 94) of mothers in the control arm were recruited late in<br/>pregnancy or in the first months following childbirth. With or<br/>without these women in the analyses, the result of the RCT is the<br/>same.&quot;</p><p>2.5: NA. </p><p>2.6: Y. Note: Data was analysed on an intention-to-treat basis.</p><p>2.7: NA. </p>",Low risk,"<p>3.1a: PN. Quote &quot;One matched pair was eliminated after six months of recruitment due to low numbers of pregnant women (n= 13 combining both neighbourhoods, compared to n = 38–44 on average), leaving 24 study neighbourhoods&quot;;</p><p>3.1b: PY. Quote &quot;All assessments were completed by 83% of<br/>mothers;&quot; (18 months)</p><p>3.2: PY. Quote: &quot;With or without these women in the analyses, the result of the RCT is the same.&quot;</p><p>3.3: NA.</p><p>3.4: NA.</p>",Some concerns,"<p>4.1: PN. Note: The outcome measure is widely established and validated for use across different contexts.</p><p>4.2: PN. Note: No evidence to suggest that.</p><p>4.3a: NU; 4.3b: PY. Note: No information provided on whether participants knew that they were in a trial, participants were most likely aware of the group allocation due to the nature of the intervention </p><p>4.4: PY; 4.5: PN. Note: Knowledge of the assigned intervention could influence participant-reported outcomes, but there is no reason to believe that it did.</p>",Low risk,"<p>5.1: PY. Note: No evidence to suggest otherwise, methods and results do not show discrepancies. </p><p>5.2: PN. Note: No evidence to suggest outcome selection. All outcomes mentioned in the methods and results were reported. </p><p>5.3: PN. Note: No evidence to suggest analyses selection. All analyses mentioned in the methods were reported. </p>",Some concerns,"<p>The study is judged to raise some concerns in two domains (2 and 4), but not to be at high risk of bias for any domain.</p>"
3,2,Diagnosis of mental disorders at 1-6 months ,,SUBGROUP_AND_OVERALL,Skar 2021,2021,0.0,0.0,0.0,0.0,8,66,0.0,0.0,6,51,0.0,0.0,6.260482,1.030303,0.381527,2.782308,Shona Symptom Questionnaire (SSQ) as proxy,Some concerns,"<p>1.1: PY. Title mentions RCT design. Quote: &quot;A three-group randomized controlled design was utilized. &quot;. </p><p>1.2: PN. Quote: &quot;The local project coordinator conducted the randomization by putting down all the names of the recruited families in a random order and giving them a number for each of the group conditions (1, 2, 3, 1, 2, 3, etc.).&quot;. Given that the coordinator had access to the names of the families during the randomization, there is a chance that allocation was not random.</p><p>1.3: NI. Note: No useful information is reported to evaluate this element.</p>",High risk,"<p>2.1: PY; 2.2: PY. Note: due to the nature of the intervention, they (as those delivering the intervention) were aware of intervention allocation.</p><p>2.3: PN. Note: No evidence to indicate deviations from protocol.</p><p>2.4: NA</p><p>2.5: NA</p><p>2.6: NI. Note: Not enough information provided to give a judgment on this item.</p><p>2.7: NI. Note: Not enough information provided to give a judgment on this item. </p>",High risk,"<p>3.1: N. Note: 147 participants out of 323 were not analyzed at endline because &quot;they had not taken part in the program or had sent someone else to complete the questionnaire, or when the ID number was missing.&quot;</p><p>3.2: PN. Quote: &quot;The consequence of the exclusion of these participants was a low n, which represents a risk for biased data.&quot;</p><p>3.3: NI; 3.4: NI. Note: Not enough information provided to give a judgment on this item.</p>",Some concerns,"<p>4.1: PN. Note: The outcome measure was validated for use in other low resource settings. </p><p>4.2: N. Note: No evidence to suggest differences in measurement between intervention and control.</p><p>4.3: PY. Note: participants (outcome assessors) were most likely aware of the group allocation due to the nature of the intervention.</p><p>4.4: PY; 4.5: PN. Note: Knowledge of the assigned intervention could influence participant-reported outcomes, but there is no reason to believe that it did.</p>",Low risk,"<p>5.1: PY. Note: No evidence to suggest otherwise, methods and results do not show discrepancies.</p><p>5.2: PN. Note: No evidence to suggest outcomes selection. All outcomes mentioned in the methods and results were reported.</p><p>5.3: PN. Note: No evidence to suggest analyses selection. All outcomes mentioned in the methods and results were reported.</p>",High risk,<p>The study is judged to be at high risk of bias<b> </b>in two domains (2 and 3).</p>
3,3,Diagnosis of mental disorders at 7-24 months,,SUBGROUP_AND_OVERALL,Cooper 2009,2009,0.0,0.0,0.0,0.0,18,165,0.0,0.0,28,181,0.0,0.0,93.815609,0.705195,0.405535,1.226281,Structured Clinical Interview for the DSM-IV diagnoses,Low risk,"<p>1.1: PY; 1.2: PY.  Quote:&quot;minimization was conducted to the trial manager who then communicated the group assignment&quot;</p><p>1.3: PN.  Quote: &quot;The randomisation process resulted in<br/>closely equivalent groups in terms of demographic<br/>variables.&quot;; p-values are not reported in table 1, however values are very much comparable</p>",Some concerns,<p>2.1: PY; 2.2: PY.  Note: Due to the nature of the intervention participants and the interventionists were most likely aware of the intervention. </p><p>2.3: PN. Note: No evidence to suggest issues to implement intervention</p><p>2.4: NA.</p><p>2.5: NA.</p><p>2.6: NI.  Note: No specification given on the analysis approach </p><p>2.7: PN.</p>,Low risk,"<p>3.1: PY. Note: At 12 months, data is avaiable for 170 participants in intervention and 184 in control, from the 449 radomized individuals 95 were lost at this follow-up (21%) </p><p>3.2: NA.</p><p>3.3: NA.</p><p>3.4: NA.</p>",Low risk,"<p>4.1: N.  Note: The DSM-IV criteria are considered gold-standard assessment, for the purpose of the study in interview was translated and then back translated following &quot;standard principles&quot;. &quot;The interviewer<br/>and the second author (a clinical psychologist), both<br/>of whom were blind to treatment group, reviewed<br/>each assessment anonymously, using both tape recordings<br/>and the interviewer’s notes. A collective decision<br/>was made about each of the relevant symptoms, on<br/>which the decision about the presence or absence of a<br/>DSM-IV major depressive disorder was based&quot;</p><p>4.2: PN.  Note: No evidence to suggest differences in measurament between intervention and control; &quot;Mothers and infants in the intervention and controls<br/>groups visited the research unit on an equal number<br/>of occasions and for equivalent lengths of time, and<br/>their experience of the assessment procedures, including<br/>the video recording, was similarly equivalent.&quot;</p><p>4.3: N. Note:  Researchers involved in data collection were blinded to group allocation.</p><p>4.4: NA.</p><p>4.5: NA.</p>",Some concerns,"<p>5.1: PY.  Note: No evidence to suggest otherwise, methods and results vs. protocol do not show discrepancies</p><p>5.2: PN.  Note: No evidence to suggest outcome selection. All outcomes mentioned in the methods and protocol were reported. </p><p>5.3: PN. Note: No evidence to suggest selection of analyses.</p>",Some concerns,"<p>The study is judged to raise some concerns in three domains (2, 4, 5), but not to be at high risk of bias for any domain.</p>"
3,3,Diagnosis of mental disorders at 7-24 months,,SUBGROUP_AND_OVERALL,Rotheram-Borus 2014a,2014,0.0,0.0,0.0,0.0,1,13,0.0,0.0,3,21,0.0,0.0,6.184391,0.538462,0.062417,4.645244,General Health Questionnaire (GHQ) as proxy,Some concerns,"<p>1a.1: PY; 1a.2: PY. Clinics were selected and matched, randomization was conducted by a team off site .</p><p>1.3: PN. Note: Clusters were matched </p><p>1b.1: N: particpants were recruited after randomization; </p><p>1b.2: PN. Note: there is no evidence to suggest that selection of individual participants was affected by knoweldge of the intervention assigned to the cluster;</p><p>1b.3:PN. Note: baseline characteristics were comparable only following clinic clustering- Quote: &quot;While the SC<br/>and the EI were similar on many variables, there were large baseline differences between conditions on employment status, housing, and maternal chronic illness. Controlling for clinic clustering, there were no significant differences between WLH in the EI and SC conditions, implying that clinic differences may be related to subcultural differences and geographic location&quot; . </p>",Some concerns,"<p>2.1a: PY; 2.1b: PY; 2.2: PY. Note: Participants were aware that they took part of a study, due to the nature of the intervention they (as those delivering the intervention) were most likely aware of intervention allocation.</p><p>2.3:NI.  Note: Participants were aware that they took part of a study, due to the nature of the intervention they (as those delivering the intervention) were most likely aware of intervention allocation.</p><p>2.4: NA.</p><p>2.5: NA.</p><p>2.6: NI. Note:  Not enough information provided to give a judjment on this item</p><p>2.7: PN. Note: No evidence to suggest that failure to analyzed participants in randomized groups could a substantial impact on the results</p>",High risk,"<p>3.1a NI - no information on whether data was avaiable for all clusters; </p><p>3.1b: Quote:&quot;NI; PY 3.1a NI - no information on whether data was avaiable for all clusters; </p><p>3.1b: data were avaiable for almost all randomized participants  (93% - 307 out of 334)&quot;</p><p>3.2: PN - No evidence that the result was not biased by missing data</p><p>3.3: PY; 3.4: PY. Quote: &quot;There were several selection effects between WLH in the EI and<br/>the SC who were successfully re-assessed and those who were lost<br/>to follow up. Within the SC condition, re-assessed WLH were<br/>more likely to be married or living with their partner, employed,<br/>and have water on site and a flush toilet. Compared to EI mothers<br/>lost to follow-up, re-assessed EI mothers were older and less likely<br/>to have a chronic illness. There were no serious study-related<br/>adverse events.&quot;; Quote: &quot;In many interventions,<br/>those most in need of intervention are most likely to attend [31],<br/>but this is less possible in rural southern Africa.&quot;</p>",Some concerns,"<p>4.1: PN. Note: The outcome measure is widely established and adapted for use in Nepal.</p><p>4.2: PN. Note: No evidence to suggest that.</p><p>4.3a: NI; 4.3b: PY. Note: no information provided on whether participants knew that they were in a trial, participants were most likely aware of the group allocation due to the nature of the intervention </p><p>4.4: PY; 4.5: PN. Note: Knowledge of the assigned intervention could influence participant-reported outcomes, but there is no reason to believe that it did.</p>",High risk,"<p>5.1: PY. Note: No evidence to suggest otherwise, methods and results do not show discrepancies. </p><p>5.2: PY. Note: Edinburgh Postnatal Depression Scale (EPDS) mentioned as an outcome in protocol but was not reported</p><p>5.3: PN. Note: No evidence to suggest analyses selection. All analyses mentioned in the methods and results were reported.</p>",High risk,<p>The study is judged to be at high risk of bias<b> </b>in two domains (3 and 5).</p>
3,4,Quality of life at 0-1 months,,SUBGROUP_AND_OVERALL,Acarturk 2022,2022,0.0,0.0,-50.903,24.599,0,237,-48.494,23.52,0,267,0.0,0.0,19.075125,-0.100086,-0.275114,0.074941,World Health Organisation-Five Well-Being Index (WHO-5),Low risk,"<p>1.1: Y. Quote: &quot;Participants were randomly assigned either to the Self-Help Plus arm or to ECAU only, in a 1:1 ratio.&quot; 1.2: Y. Quote &quot;The randomization schedule was generated by Castor Electronic Data Capture (EDC). (..)  Research team members involved in<br/>recruitment were able to access the web-based software to randomize each newly enrolled participant, but were not able to access the randomization list, and were not aware of the block size.&quot;</p><p>1.3: N. Note: No significant differences at baseline. </p>",Low risk,<p>2.1: PY; 2.2: PY. Note: Due to the nature of the intervention participants and the interventionists were most likely aware of the allocation.</p><p>2.3: PN. Note: No evidence to suggest issues to implement intervention.</p><p>2.4: NA.</p><p>2.5: NA.</p><p>2.6: Y. Quote: &quot;We followed an intent-to-treat approach for analysis of primary and secondary outcomes&quot;</p><p>2.7: NA.</p>,Low risk,<p>3.1: PY. Quote: &quot; The distribution of participants lost to follow-up was similar between the study groups (15.53% vs. 14.06%)&quot;</p><p>3.2: NA.</p><p>3.3: NA.</p><p>3.4: NA.</p>,Some concerns,"<p>4.1: N. Note: The selected outcome method (PHQ-9) is widely validated and established.</p><p>4.2: PN. Note: No evidence to suggest differences in measurement between intervention and control. </p><p>4.3: PY. Note: Outcome assessors (participants) were most likely aware of intervention allocation. </p><p>4.4: PY; 4.5: PN. Note: Knowledge of the assigned intervention could influence participant-reported outcomes, but there is no reason to believe that it did.</p>",Low risk,"<p>5.1: PY. Note: no evidence to suggest otherwise, methods and results do not show discrepancies. </p><p>5.2: PN. Note: No evidence to suggest outcome selection. All outcomes mentioned in the methods are reported.</p><p>5.3: PN. Note: No evidence to suggest analyses selection. All analyses mentioned in the methods were reported. </p>",Some concerns,"<p>The study is judged to raise some concerns in one domain (4), but not to be at high risk of bias for any domain.</p>"
3,4,Quality of life at 0-1 months,,SUBGROUP_AND_OVERALL,Bernardi 2020,2020,0.0,0.0,-30.2,6.5,0,18,-27.8,5.8,0,18,0.0,0.0,8.341182,-0.380955,-1.040897,0.278987,Positive Satisfaction with Life of the Subjective Well-Being Scale (EBES),Low risk,"<p>1.1: Y; 1.2: Y. Quote: &quot;They were allocated in the clinical and control groups in a random sequence, pre-defined by the program Statistical Package for the Social Sciences (SPSS) and known only by the professional in charge of screening the participants&quot;.</p><p>1.3: PN. Note: No significant differences at baseline. Quote: &quot;there was a difference between groups only in the comparison of the assisted children's and adolescents' diagnosis (p ≤ 0.05)&quot;</p>",Some concerns,"<p>2.1: PY; 2.2.: PY. Note: Due to the nature of the intervention, participants and the interventionists were most likely aware of the allocation.</p><p>2.3: PN. Note: No evidence to suggest issues to implement intervention.</p><p>2.4: NA.</p><p>2.5: NA. </p><p>2.6: NI. Note: No explicit mention of the analysis used to estimate the effect of assignment to intervention.</p><p>2.7: N. There was not a substantial impact of the failure to analyse participants in the group to which they were randomized. </p>",Low risk,<p>3.1: PY. Note: Lost to post-intervention:12 of 49. </p><p>3.2: NA</p><p>3.3: NA</p><p>3.4: NA</p>,Low risk,"<p>4.1: N. Note: The selected outcome method (EBES) is validated and translated.</p><p>4.2: PN. Note: No evidence to suggest differences in measurement between intervention and control.</p><p>4.3: PY. Note: Outcome assessors (participants) were most likely aware of intervention allocation.</p><p>4.4: PY; 4.5: PN. Note: Knowledge of the assigned intervention could influence participant-reported outcomes, but there is no reason to believe that it did.</p>",Low risk,"<p>5.1: PY. Note: No evidence to suggest otherwise, methods and results do not show discrepancies..</p><p>5.2: PN. Note: No evidence to suggest outcome selection. All outcomes mentioned in the methods and results were reported.</p><p>5.3: PN. Note: No evidence to suggest analyses selection. All outcomes mentioned in the methods and results were reported.</p>",Some concerns,"<p>The study is judged to raise some concerns in one domain (2), but not to be at high risk of bias for any domain.</p>"
3,4,Quality of life at 0-1 months,,SUBGROUP_AND_OVERALL,Cheng 2021,2021,0.0,0.0,-2.87,1.71,0,106,-3.08,1.73,0,103,0.0,0.0,16.779755,0.121658,-0.149772,0.393089,Audit of Diabetes Dependent Quality of Life (ADDQOL),Low risk,<p>1.1: Y. Quote: &quot;A total of 242 participants were assigned in a 1:1 ratio with stratification on the basis of the study site via computerized randomization with a block size of 4.</p><p>1.2: Y. Quote: &quot;Sealed envelopes were prepared by off-site researchers who were blinded to the practical implementation of the study.&quot;; Note: Alloca-tion concealment was maintained until intervention was assigned. </p><p>1.3: PN. No significant differences at baseline.</p>,Low risk,"<p>2.1: PY; 2.2: PY. Note: Due to the nature of the intervention, participants and the interventionists were most likely aware of the allocation.</p><p>2.3: Note: No evidence to suggest issues to implement intervention. </p><p>2.4: NA</p><p>2.5: NA</p><p>2.6: Y. Quote: &quot;Statistical analyses were performed using the generalized estimating equations based on the intention-to-treat principle&quot;</p><p>2.7: NA</p>",Low risk,<p>3.1: PY. Note: Drop-out: 41 of 242. </p><p>3.2: NA</p><p>3.3: NA</p><p>3.4: NA</p>,Some concerns,"<p>4.1: N. Note: The selected outcome method (ADDQoL) is widely validated and established; Quote: &quot;The psychometric properties of the AD- DQoL were demonstrated to be sound in various populations and cultures (...). The Cronbach’s alpha coefficient of the AD- DQoL was 0.94 in this study sample.&quot;</p><p>4.2: PN. Note: No evidence to suggest differences in measurement between intervention and control.</p><p>4.3: PN. Note: Outcome assessors (participants) were most likely aware of intervention allocation.</p><p>4.4: PY; 4.5: PN. Note: Knowledge of the assigned intervention could influence participant-reported outcomes, but there is no reason to believe that it did.</p>",Low risk,"<p>5.1: PY. Note: No evidence to suggest otherwise, methods and results do not show discrepancies.</p><p>5.2: PN. Note: No evidence to suggest outcome selection. All outcomes mentioned in the methods and results were reported.</p><p>5.3: PN: Note: No evidence to suggest analyses selection. All outcomes mentioned in the methods and results were reported.</p>",Some concerns,"<p>The study is judged to raise some concerns in one domain (4), but not to be at high risk of bias for any domain.</p>"
3,4,Quality of life at 0-1 months,,SUBGROUP_AND_OVERALL,Chomat 2019,2019,0.0,0.0,-45.8,10.5,0,68,-40.2,12.5,0,54,0.0,0.0,14.444877,-0.487016,-0.84963,-0.124402,Mental Health Continuum Short Form (MHC-SF),Low risk,<p>1.1: Y; 1.2: PY. Note: Remaining names were allocated to the control group with a delayed circle intervention&quot;<br/>Quote: &quot;in a study of this nature it is virtually impossible to keep allocation to groups concealed after the intervention starts&quot;</p><p>1.3: PN. Note: Not significant differences at baseline.</p>,Low risk,"<p>2.1: PY; 2.2: PY.  Quote: In a study of this nature it is virtually impossible to keep allocation to groups concealed after the intervention starts. However, we made no announcements as to the allocation to any of the participants. Given the nature of the intervention, masking was not possible either&quot;</p><p>2.3: PN.  Note: There is no reasons to believe it.</p><p>2.4: NA.</p><p>2.5: NA.</p><p>2.6: Y.  Quote: all primary and secondary analyses followed the intention to treat principle&quot;</p><p>2.7: NA.</p>",Low risk,"<p>3.1: PY.  Quote: &quot;147 (81 intervention, 66 control) completed it at baseline, and 121 (68 intervention, 53 control) post-intervention.&quot;</p><p>3.2: NA.</p><p>3.3: NA.</p><p>3.4: NA.</p>",Some concerns,"<p>4.1: N. Note: The selected outcome method is widely validated and established. The selected outcome measure was adapted to fit the local context.</p><p>4.2: N. Note: No evidence to suggest differences in measurement between intervention and control groups. </p><p>4.3: PY.  Note: Outcome assessors were most likely aware of intervention allocation.</p><p>4.4: PY. Note: Knowledge o fthe assigned intervention could influence participant-reported outcomes, but there is no reason to believe that it did. </p><p>4.5: PN.</p>",Low risk,"<p>5.1: PY.  Note: No protocol available. No evidence to suggest otherwise, methods and results do not show discrepancies. </p><p>5.2: PN. Note: No protocol available. No evidence to suggest otherwise, methods and results do not show discrepancies. </p><p>5.3: PN. Note: No evidence to suggest analyses selection. All outcomes mentioned in the methods and results were reported.</p>",Some concerns,"<p>The study is judged to raise some concerns in one domain (4), but not to be at high risk of bias for any domain.</p>"
3,4,Quality of life at 0-1 months,,SUBGROUP_AND_OVERALL,Dybdahl 2001,2001,0.0,0.0,-4.6,1.3,0,35,-4.0,1.3,0,40,0.0,0.0,12.114035,-0.45678,-0.916598,0.003037,Andrews & Withey Wellbeing Scale,Low risk,"<p>1.1: Y; 1.2: PY. Quote: Tha assignment was random. All the names of the mothers-child dyads were written on pieces of papaer, which were folded, mixed together, and then separated into two piles at random so that one pile formed the intervention group and the other pile formed the control group&quot;</p><p>1.3: PN. Note: No significant differences at baseline. </p>",High risk,<p>2.1: PY; 2.2: PY. Note: Due to the nature of the intervention participants were most likely aware of their assigned intervention.</p><p>2.3: NI. Note: No information provided. </p><p>2.4: NA.</p><p>2.5: NA.</p><p>2.6: NI. Note: No explicit mention of the analysis used to estimate the effect of assignment to intervention. </p><p>2.7: NI. Note: No information provided. </p>,High risk,"<p>3.1: PN. Quote: &quot;Twelve of the families dropped out of the study and did not participate in scheduled interventions: 7 from intervention group, and 5 from the control gorip&quot;. Quote: &quot;Several of the mothers and children did not complete all tests at both tests periods for a variety of reasons; thus the number of participants varied from test to test&quot;.</p><p>3.2: NI. Note: No information provided. </p><p>3.3: NI. Note: No information provided. </p><p>3.4: NI. Note: No information provided.</p>",Some concerns,"<p>4.1: N. Note: The selected outcome method is widely validated and established.</p><p>4.2: NI. Note: No information provided. </p><p>4.3: N. Quote: &quot;The third and fourth teams carried out the evaluations. They Were blind with respect to which families were in the intervention or control groups, as were the physicians who provided the medican checkups&quot;.</p><p>4.4: NA.</p><p>4.5: NA. </p>",Low risk,"<p>5.1: PY. No evidence to suggest otherwise, methods and results do not show discrepancies. </p><p>5.2: PN. Note: No evidence to suggest outcome selection. </p><p>5.3: PN. Note: No evidence to suggest analyses selection. </p>",High risk,<p>The study is judged to be at high risk of bias<b> </b>in one domain (3).</p>
3,4,Quality of life at 0-1 months,,SUBGROUP_AND_OVERALL,Escolar 2014,2014,0.0,0.0,-3.98,0.96,0,25,-3.36,0.81,0,15,0.0,0.0,8.363158,-0.66953,-1.328037,-0.011022,Life Satisfaction Index for the Third Age-Short Form (LSITA-SF),Some concerns,<p>1.1: Y; 1.2: NI. Quote: &quot;The respondents were then randomly assigned to either the experimental or control group&quot; No information provided about allocation concealment.</p><p>1.3: PN. Note: No significant differences at baseline. </p>,Some concerns,<p>2.1: PY; 2.2: PY. Note: Due to the nature of the intervention participants and the interventionists were most likely aware of the allocation.</p><p>2.3: NI. Note: No information provided. </p><p>2.4: NA.</p><p>2.5: NA.</p><p>2.6: NI. Note: No infomation provided. </p><p>2.7: N. Note: No drop-out. </p>,Low risk,<p>3.1: Y. Note: No missing data. </p><p>3.2: NA.</p><p>3.3: NA.</p><p>3.4: NA.</p>,Some concerns,"<p>4.1: N. Note: The selected outcome method (PHQ-9) is widely validated and established.</p><p>4.2: PN. Note: No evidence to suggest differences in measurement between intervention and control. </p><p>4.3: Y. Note: Only self-reported measure. </p><p>4.4: PY; 4.5: PN. Note: Knowledge of the assigned intervention could influence participant-reported outcomes, but there is no reason to believe that it did.</p>",Low risk,"<p>5.1: PY. Note: No protocol available. No evidence to suggest otherwise, methods and results do not show discrepancies. </p><p>5.2: PN. Note: No evidence to suggest outcome selection. All outcomes mentioned in the methods are reported.</p><p>5.3: PN. Note: No evidence to suggest analyses selection. All analyses mentioned in the methods were reported. </p>",Some concerns,"<p>The study is judged to raise some concerns in three domains (1, 2, 4), but not to be at high risk of bias for any domain.</p>"
3,4,Quality of life at 0-1 months,,SUBGROUP_AND_OVERALL,Novelli 2018,2018,0.0,0.0,-41.47,4.07,0,15,-35.73,4.08,0,15,0.0,0.0,6.421411,-1.370518,-2.177137,-0.563899,Caregiver quality of life scale,Low risk,"<p>1.1: Y; 1.2: Y. Quote: &quot;The 30 dyads were randomized to an EG and a CG, by randomization in blocks of 4 generated by a computer, performed by a blinded research assistant.&quot;</p><p>1.3: N. Quote: &quot;There was no statistical difference between the groups with regard to baseline characteristics&quot;</p>",Low risk,"<p>2.1: PY; 2.2: PY. Note: Due to the nature of the intervention, caregivers and people who delivering the intervention were most likely aware of the assignment. May be different for patients given the nature of their disorder. </p><p>2.3: N. Note: No evidence of deviations from protocol.</p><p>2.4: NA.</p><p>2.5: NA.</p><p>2.6: PY. Note: 32 out of the 33 randomized dyads were included in post-test analyses. No explicit mention of approach used. </p><p>2.7: NA.</p>",Low risk,"<p>3.1: Y. Quote: &quot;With regard to the total sample, there was a 2-dyad sample loss at the start of the TAP-BR application, because of subject desistance, and 2 new dyads were included in this group; hence, the final sample was of 15 dyads in each group.<br/>There was no loss in the CG because retention strategies were applied.&quot;; &quot;There was no sample loss in the postintervention evaluation.&quot;</p><p>3.2: NA.</p><p>3.3: NA.</p><p>3.4: NA.</p>",Some concerns,"<p>4.1: N. Note: Zarit scale has been validated for use in Brazil</p><p>4.2: PN. Note: No evidence to suggest differences in measurement between intervention and control. </p><p>4.3: PY. Note: Outcome assessors (participants) were most likely aware of intervention allocation. CHWs collecting data were blinded.</p><p>4.4: PY; 4.5: PN. Note: Knowledge of the assigned intervention could influence participant-reported outcomes, but there is no reason to believe that it did</p>",Low risk,"<p>5.1: PY. Note: no evidence to suggest otherwise, methods and results do not show discrepancies. </p><p>5.2: PN. Note: No evidence to suggest outcome selection. All outcomes mentioned in the methods are reported.</p><p>5.3: PN. Note: No evidence to suggest analyses selection. All analyses mentioned in the methods were reported. </p>",Some concerns,"<p>The study is judged to raise some concerns in one domain (4), but not to be at high risk of bias for any domain.</p>"
3,4,Quality of life at 0-1 months,,SUBGROUP_AND_OVERALL,Song 2019,2019,0.0,0.0,-30.29,3.41,0,60,-28.97,2.72,0,60,0.0,0.0,14.460458,-0.42524,-0.787237,-0.063244,Quality of Life in Alzheimer's Disease Scale (QoL-AD),Low risk,"<p>1.1: Y; 1.2: PY. Note: Block randomization, computer-generated random list. Using opaque and sealed envelopes for group allocation code keeping. This was done by a person not involved in data collection. </p><p>1.3: N. Quote: &quot;No considerable differences were observed between the intervention and control groups in terms of demographic characteristics, baseline outcome and mediating variables.&quot;</p>",Low risk,<p>2.1: Y; 2.2: PY. Note: Due to the nature of the intervention participants were most likely aware of their allocation. </p><p>2.3: PN. Note: No evidence to suggest issues in recruitment and engagement nor failures to implement intervention</p><p>2.4: NA.</p><p>2.5: NA.</p><p>2.6: Y. Note: An ITT analysis was conducted.</p><p>2.7: NA.</p>,Low risk,"<p>3.1: PY. Note: Data at end line was missing, due to withdrawal or loss to follow-up, for 29 participants (circa 24%). </p><p>3.2: NA.</p><p>3.3: NA.</p><p>3.4: NA.</p>",Some concerns,"<p>4.1: PN. Quote: &quot;GDS is easy to administer and is a valid tool for assessing depressive symptoms in individuals with mild cognitive impairment&quot;; The Cronbach’s alpha in this study was 0.784.</p><p>4.2: PN. Note:  No evidence to suggest differences in measurement between intervention and control.</p><p>4.3: PY. Note: Outcome assessors (participants) were most likely aware of intervention allocation. Researchers involved in data collection were blinded to group allocation.</p><p>4.4: PY; 4.5: PN. Note: Knowledge of the assigned intervention could influence participant-reported outcomes, but there is no reason to believe that it did.</p>",Low risk,"<p>5.1: PY. Note: no evidence to suggest otherwise, methods and results do not show discrepancies. </p><p>5.2: PN. Note: No evidence to suggest outcome selection. All outcomes mentioned in the methods are reported.</p><p>5.3: PN. Note: No evidence to suggest analyses selection. All analyses mentioned in the methods were reported. </p>",Some concerns,"<p>The study is judged to raise some concerns in one domain (4), but not to be at high risk of bias for any domain.</p>"
3,5,Quality of life at 1-6 months ,,SUBGROUP_AND_OVERALL,Acarturk 2022,2022,0.0,0.0,-52.143,21.709,0,263,-49.32,22.67,0,262,0.0,0.0,46.958112,-0.127015,-0.298269,0.044238,World Health Organisation-Five Well-Being Index (WHO-5),Low risk,"<p>1.1: Y. Quote: &quot;Participants were randomly assigned either to the Self-Help Plus arm or to ECAU only, in a 1:1 ratio.&quot; 1.2: Y. Quote &quot;The randomization schedule was generated by Castor Electronic Data Capture (EDC). (..)  Research team members involved in<br/>recruitment were able to access the web-based software to randomize each newly enrolled participant, but were not able to access the randomization list, and were not aware of the block size.&quot;</p><p>1.3: N. Note: No significant differences at baseline. </p>",Low risk,<p>2.1: PY; 2.2: PY. Note: Due to the nature of the intervention participants and the interventionists were most likely aware of the allocation.</p><p>2.3: PN. Note: No evidence to suggest issues to implement intervention.</p><p>2.4: NA.</p><p>2.5: NA.</p><p>2.6: Y. Quote: &quot;We followed an intent-to-treat approach for analysis of primary and secondary outcomes&quot;</p><p>2.7: NA.</p>,Low risk,<p>3.1: PY. Quote: &quot; The distribution of participants lost to follow-up was similar between the study groups (15.53% vs. 14.06%)&quot;</p><p>3.2: NA.</p><p>3.3: NA.</p><p>3.4: NA.</p>,Some concerns,"<p>4.1: N. Note: The selected outcome method (PHQ-9) is widely validated and established.</p><p>4.2: PN. Note: No evidence to suggest differences in measurement between intervention and control. </p><p>4.3: PY. Note: Outcome assessors (participants) were most likely aware of intervention allocation. </p><p>4.4: PY; 4.5: PN. Note: Knowledge of the assigned intervention could influence participant-reported outcomes, but there is no reason to believe that it did.</p>",Low risk,"<p>5.1: PY. Note: no evidence to suggest otherwise, methods and results do not show discrepancies. </p><p>5.2: PN. Note: No evidence to suggest outcome selection. All outcomes mentioned in the methods are reported.</p><p>5.3: PN. Note: No evidence to suggest analyses selection. All analyses mentioned in the methods were reported. </p>",Some concerns,"<p>The study is judged to raise some concerns in one domain (4), but not to be at high risk of bias for any domain.</p>"
3,5,Quality of life at 1-6 months ,,SUBGROUP_AND_OVERALL,Cheng 2021,2021,0.0,0.0,-2.89,1.59,0,102,-3.24,1.8,0,99,0.0,0.0,29.491768,0.205508,-0.071756,0.482773,Audit of Diabetes Dependent Quality of Life (ADDQOL) ,Low risk,<p>1.1: Y. Quote: &quot;A total of 242 participants were assigned in a 1:1 ratio with stratification on the basis of the study site via computerized randomization with a block size of 4.</p><p>1.2: Y. Quote: &quot;Sealed envelopes were prepared by off-site researchers who were blinded to the practical implementation of the study.&quot;; Note: Alloca-tion concealment was maintained until intervention was assigned. </p><p>1.3: PN. No significant differences at baseline.</p>,Low risk,"<p>2.1: PY; 2.2: PY. Note: Due to the nature of the intervention, participants and the interventionists were most likely aware of the allocation.</p><p>2.3: PN. Note: No evidence to suggest issues to implement intervention. </p><p>2.4: NA</p><p>2.5: NA</p><p>2.6: Y. Quote: &quot;Statistical analyses were performed using the generalized estimating equations based on the intention-to-treat principle&quot;</p><p>2.7: NA</p>",Low risk,<p>3.1: PY. Note: Drop-out: 41 of 242.</p><p>3.2: NA</p><p>3.3: NA</p><p>3.4: NA</p>,Some concerns,"<p>4.1: N. Note: The selected outcome method (ADDQoL) is widely validated and established; Quote: &quot;The psychometric properties of the AD- DQoL were demonstrated to be sound in various populations and cultures (...). The Cronbach’s alpha coefficient of the AD- DQoL was 0.94 in this study sample.&quot;</p><p>4.2: PN. Note: No evidence to suggest differences in measurement between intervention and control.</p><p>4.3: PN. Note: Outcome assessors (participants) were most likely aware of intervention allocation.</p><p>4.4: PN; 4.5: PY. Note: Knowledge of the assigned intervention could influence participant-reported outcomes, but there is no reason to believe that it did. </p>",Low risk,"<p>5.1: PY. Note: No evidence to suggest otherwise, methods and results do not show discrepancies.</p><p>5.2: PN. Note: No evidence to suggest outcome selection. All outcomes mentioned in the methods and results were reported.</p><p>5.3: PN. Note: No evidence to suggest analyses selection. All outcomes mentioned in the methods and results were reported.</p>",Some concerns,"<p>The study is judged to raise some concerns in one domain (4), but not to be at high risk of bias for any domain.</p>"
3,5,Quality of life at 1-6 months ,,SUBGROUP_AND_OVERALL,Chew 2018,2018,0.0,0.0,-57.2,6.7,0,41,-56.0,5.6,0,51,0.0,0.0,17.074256,-0.194651,-0.606771,0.21747,World Health Organisation Quality-of-Life Scale (WHOQOL-BREF),Low risk,"<p>1a.1: Y; 1a.2: PY.  Note: Title mentions RCT design. <br/>Quote: &quot;In assigning the HCs to the VEMOFIT group (VG) or attention-control groups (AG), randomisation will be carried out after stratification by cluster size and geographical areas of the 10 HCs.&quot;</p><p>Quote: &quot;A member of the Data Management Services team at the University Medical center, Ultrecht will carry out the randomisation.&quot;</p><p>1.3: NI.  Note: No useful information is reported to evaluate this element</p><p>1b.1: PY. Seems that participants were recruited after randomization. </p>",Low risk,<p>2.1a: PY. 2.1b: PN. Quote: &quot;We use a modified informed consent procedure to ensure that patients are unware of the two different intervention programmes&quot;.<br/>2.2.: Y. Nurses were trained to deliver the intervention. </p><p>2.3: PN. Note: No evidence to suggest deviations from the intended intervention that arose because of the trial context.</p><p>2.4: NA.</p><p>2.5: NA.</p><p>2.6: Y. Note: The analysis was carried out on an intention to treat basis.</p><p>2.7: NA.</p>,Low risk,"<p>3.1a: PY. All 10 clusters that recruited participants were analyzed. <br/>3.1b: PN. 92 from intervention group (n = 145) and 79 from control group (n = 150) did not receive allocated intervention. In addition to the 33 people lost to follow up at 12 months, 5 additional missing data were noted with regard to PHQ-9.</p><p>3.2: PN. No evidence that the result was not biased by missing data.</p><p>3.3: PN; 3.4: NA. Note: Missingness in the outcome do not depend on its true value. </p>",Low risk,"<p>4.1: N. Note: The selected outcome method (Malay Brief Illness Perception Quetsionnaire, MBIPQ) is validated and established.</p><p>4.2: PN.  Note: No evidence to suggest differences in measurement between intervention and control</p><p>4.3a: PY.Outcome assessors (participants) were most likeley aware that a trial was taking a place.<br/>4.3b: PN. Quote: &quot;We use a modified informed consent procedure to ensure that patients are unware of the two different intervention programmes&quot;</p><p>4.4: NA.</p><p>4.5: NA.</p>",Low risk,<p>5.1: PY.  Note: Protocol is available. </p><p>5.2: PN.  Note: No evidence to suggest outcome selection. Almost all outcomes mentioned in the methods and protocol were reported (It is not reported &quot;heath-care utilization hospital&quot; that is a secondary outcome). </p><p>5.3: PN. Note: No evidence to suggest analyses selection. All outcomes mentioned in the methdis and protocol were reported. </p>,Low risk,<p>The study is judged to be at low risk of bias for all domains.</p>
3,5,Quality of life at 1-6 months ,,SUBGROUP_AND_OVERALL,Duru Aşiret 2021,2021,0.0,0.0,27.2,6.4,0,15,27.71,3.24,0,14,0.0,0.0,6.475864,-0.096672,-0.825509,0.632165,Life Satisfaction Scale (LSS),Some concerns,"<p>1.1: N; 1.2: PY. Quote: &quot;The recruiting of the sample began by making a numbered list of individuals who met the inclusion criteria based on examining the medical records of elderly individuals who received service from home care units. The individuals that made up this list were then split into groups by the researchers according to number, with odd numbers forming the intervention group and even numbers the control group&quot;; &quot;At the start of the research, participants were not informed which group they were in. They were informed about their groups only after all intervention and the control group assignments were made&quot;</p><p>1.3: PN. Note: Baseline characteristics were overall comparable across groups, as demonstrated by Table 1.</p>",Low risk,"<p>2.1: PY; 2.2: PY. Note: Due to the nature of the intervention, participants and personnel were most likely aware of their assigned intervention. </p><p>2.3: PN. Note: No evidence to suggest issues in recruitment and engagement, nor failures to implement intervention allowed by the protocol. </p><p>2.4: NA</p><p>2.5: NA</p><p>2.6: Note: No explicit mention of the analysis used to estimate the effect of assignment to intervention. Data was analyzed for almost all randomized participants (80%). </p><p>2.7: NA</p>",Low risk,<p>3.1: PY. Note: Data was availalble for almost all randomized participants (80%).</p><p>3.2: NA</p><p>3.3: NA</p><p>3.4: NA</p>,Some concerns,"<p>4.1: PN. Note: The selected outcome method is validated for use in the context of application. </p><p>4.2: PN. Note: No evidence to suggest differences in measurement between intervention and control.</p><p>4.3: PY. Note: Outcome assessors (participants) were most likely aware of intervention allocation.</p><p>4.4: PY; 4.5: PN. Note: Knowledge of the assigned intervention could influence participant-reported outcomes, but there is no reason to believe that it did.</p>",Low risk,"<p>5.1: PY. Note: No evidence to suggest otherwise, methods and results do not show discrepancies.</p><p>5.2: PN. Note: No evidence to suggest outcome selection.</p><p>5.3: PN. Note: No evidence to suggest analyses selection. All analyses mentioned in the methods were reported.</p>",Some concerns,"<p>The study is judged to raise some concerns in two domains (1 and 4), but not to be at high risk of bias for any domain.</p>"
3,6,Quality of life at 7-24  months ,,SUBGROUP_AND_OVERALL,Chew 2018,2018,0.0,0.0,-57.0,6.7,0,46,-56.2,6.8,0,48,0.0,0.0,100.0,-0.8,-3.529353,1.929353,World Health Organisation Quality-of-Life Scale (WHOQOL-BREF),Low risk,"<p>1a.1: Y; 1a.2: PY.  Note: Title mentions RCT design. <br/>Quote: &quot;In assigning the HCs to the VEMOFIT group (VG) or attention-control groups (AG), randomisation will be carried out after stratification by cluster size and geographical areas of the 10 HCs.&quot;</p><p>Quote: &quot;A member of the Data Management Services team at the University Medical center, Ultrecht will carry out the randomisation.&quot;</p><p>1.3: NI.  Note: No useful information is reported to evaluate this element</p><p>1b.1: PY. Seems that participants were recruited after randomization. </p>",Low risk,<p>2.1a: PY. 2.1b: PN. Quote: &quot;We use a modified informed consent procedure to ensure that patients are unware of the two different intervention programmes&quot;.<br/>2.2.: Y. Nurses were trained to deliver the intervention. </p><p>2.3: PN. Note: No evidence to suggest deviations from the intended intervention that arose because of the trial context.</p><p>2.4: NA.</p><p>2.5: NA.</p><p>2.6: Y. Note: The analysis was carried out on an intention to treat basis.</p><p>2.7: NA.</p>,Low risk,"<p>3.1a: PY. All 10 clusters that recruited participants were analyzed. <br/>3.1b: PN. 92 from intervention group (n = 145) and 79 from control group (n = 150) did not receive allocated intervention. In addition to the 33 people lost to follow up at 12 months, 5 additional missing data were noted with regard to PHQ-9.</p><p>3.2: PN. No evidence that the result was not biased by missing data.</p><p>3.3: PN; 3.4: NA. Note: Missingness in the outcome do not depend on its true value. </p>",Low risk,"<p>4.1: N. Note: The selected outcome method (Malay Brief Illness Perception Quetsionnaire, MBIPQ) is validated and established.</p><p>4.2: PN.  Note: No evidence to suggest differences in measurement between intervention and control</p><p>4.3a: PY.Outcome assessors (participants) were most likeley aware that a trial was taking a place.<br/>4.3b: PN. Quote: &quot;We use a modified informed consent procedure to ensure that patients are unware of the two different intervention programmes&quot;</p><p>4.4: NA.</p><p>4.5: NA.</p>",Low risk,<p>5.1: PY.  Note: Protocol is available. </p><p>5.2: PN.  Note: No evidence to suggest outcome selection. Almost all outcomes mentioned in the methods and protocol were reported (It is not reported &quot;heath-care utilization hospital&quot; that is a secondary outcome). </p><p>5.3: PN. Note: No evidence to suggest analyses selection. All outcomes mentioned in the methdis and protocol were reported. </p>,Low risk,<p>The study is judged to be at low risk of bias for all domains.</p>
3,7,Adverse events at 0-1 months,,SUBGROUP_AND_OVERALL,Acarturk 2022,2022,0.0,0.0,0.0,0.0,0,272,0.0,0.0,0,275,0.0,0.0,,,,,,Low risk,"<p>1.1: Y. Quote: &quot;Participants were randomly assigned either to the Self-Help Plus arm or to ECAU only, in a 1:1 ratio.&quot; 1.2: Y. Quote &quot;The randomization schedule was generated by Castor Electronic Data Capture (EDC). (..)  Research team members involved in<br/>recruitment were able to access the web-based software to randomize each newly enrolled participant, but were not able to access the randomization list, and were not aware of the block size.&quot;</p><p>1.3: N. Note: No significant differences at baseline. </p>",Some concerns,<p>2.1: PY; 2.2: PY. Note: Due to the nature of the intervention participants and the interventionists were most likely aware of the allocation.</p><p>2.3: PN. Note: No evidence to suggest issues to implement intervention.</p><p>2.4: NA.</p><p>2.5: NA.</p><p>2.6: Y. Quote: &quot;We followed an intent-to-treat approach for analysis of primary and secondary outcomes&quot;</p><p>2.7: NA.</p>,Low risk,<p>3.1: PY. Quote: &quot; The distribution of participants lost to follow-up was similar between the study groups (15.53% vs. 14.06%)&quot;</p><p>3.2: NA.</p><p>3.3: NA.</p><p>3.4: NA.</p>,Some concerns,"<p>4.1: N. Note: The selected outcome method (PHQ-9) is widely validated and established.</p><p>4.2: PN. Note: No evidence to suggest differences in measurement between intervention and control. </p><p>4.3: PY. Note: Outcome assessors (participants) were most likely aware of intervention allocation. </p><p>4.4: PY; 4.5: PN. Note: Knowledge of the assigned intervention could influence participant-reported outcomes, but there is no reason to believe that it did.</p>",Low risk,"<p>5.1: PY. Note: no evidence to suggest otherwise, methods and results do not show discrepancies. </p><p>5.2: PN. Note: No evidence to suggest outcome selection. All outcomes mentioned in the methods are reported.</p><p>5.3: PN. Note: No evidence to suggest analyses selection. All analyses mentioned in the methods were reported. </p>",Some concerns,"<p>The study is judged to raise some concerns in two domains (2 and 4), but not to be at high risk of bias for any domain.</p>"
3,8,Psychological functioning and impairment at 0-1 months,,SUBGROUP_AND_OVERALL,Acarturk 2022,2022,0.0,0.0,15.38,4.705,0,234,15.561,6.477,0,267,0.0,0.0,51.710404,-0.031605,-0.207127,0.143917,World Health Organization Disability Assessment Schedule (WHODAS),Low risk,"<p>1.1: Y. Quote: &quot;Participants were randomly assigned either to the Self-Help Plus arm or to ECAU only, in a 1:1 ratio.&quot; 1.2: Y. Quote &quot;The randomization schedule was generated by Castor Electronic Data Capture (EDC). (..)  Research team members involved in<br/>recruitment were able to access the web-based software to randomize each newly enrolled participant, but were not able to access the randomization list, and were not aware of the block size.&quot;</p><p>1.3: N. Note: No significant differences at baseline. </p>",Low risk,<p>2.1: PY; 2.2: PY. Note: Due to the nature of the intervention participants and the interventionists were most likely aware of the allocation.</p><p>2.3: PN. Note: No evidence to suggest issues to implement intervention.</p><p>2.4: NA.</p><p>2.5: NA.</p><p>2.6: Y. Quote: &quot;We followed an intent-to-treat approach for analysis of primary and secondary outcomes&quot;</p><p>2.7: NA.</p>,Low risk,<p>3.1: PY. Quote: &quot; The distribution of participants lost to follow-up was similar between the study groups (15.53% vs. 14.06%)&quot;</p><p>3.2: NA.</p><p>3.3: NA.</p><p>3.4: NA.</p>,Some concerns,"<p>4.1: N. Note: The selected outcome method (PHQ-9) is widely validated and established.</p><p>4.2: PN. Note: No evidence to suggest differences in measurement between intervention and control. </p><p>4.3: PY. Note: Outcome assessors (participants) were most likely aware of intervention allocation. </p><p>4.4: PY; 4.5: PN. Note: Knowledge of the assigned intervention could influence participant-reported outcomes, but there is no reason to believe that it did.</p>",Low risk,"<p>5.1: PY. Note: no evidence to suggest otherwise, methods and results do not show discrepancies. </p><p>5.2: PN. Note: No evidence to suggest outcome selection. All outcomes mentioned in the methods are reported.</p><p>5.3: PN. Note: No evidence to suggest analyses selection. All analyses mentioned in the methods were reported. </p>",Some concerns,"<p>The study is judged to raise some concerns in one domain (4), but not to be at high risk of bias for any domain.</p>"
3,8,Psychological functioning and impairment at 0-1 months,,SUBGROUP_AND_OVERALL,Bernardi 2020,2020,0.0,0.0,4.12,0.36,0,18,4.01,0.34,0,18,0.0,0.0,13.45869,0.307176,-0.350457,0.96481,Problem Focused Coping Subscale of the Ways of Coping Scale (EMEP),Low risk,"<p>1.1: Y; 1.2: Y. Quote: &quot;They were allocated in the clinical and control groups in a random sequence, pre-defined by the program Statistical Package for the Social Sciences (SPSS) and known only by the professional in charge of screening the participants&quot;.</p><p>1.3: PN. Note: No significant differences at baseline. Quote: &quot;there was a difference between groups only in the comparison of the assisted children's and adolescents' diagnosis (p ≤ 0.05)&quot;</p>",Some concerns,"<p> 2.1: PY; 2.2.: PY. Note: Due to the nature of the intervention, participants and the interventionists were most likely aware of the allocation.</p><p>2.3: PN. Note: No evidence to suggest issues to implement intervention.</p><p>2.4: NA.</p><p>2.5: NA. </p><p>2.6: NI. Note: No explicit mention of the analysis used to estimate the effect of assignment to intervention.</p><p>2.7: N. There was not a substantial impact of the failure to analyse participants in the group to which they were randomized. </p>",Low risk,<p>3.1: PY. Note: Lost to post-intervention:12 of 49. </p><p>3.2: NA</p><p>3.3: NA</p><p>3.4: NA</p>,Low risk,"<p>4.1: N. Note: The selected outcome method (EBES) is validated and translated.</p><p>4.2: PN. Note: No evidence to suggest differences in measurement between intervention and control.</p><p>4.3: PY. Note: Outcome assessors (participants) were most likely aware of intervention allocation.</p><p>4.4: PY; 4.5: PN. Note: Knowledge of the assigned intervention could influence participant-reported outcomes, but there is no reason to believe that it did.</p>",Low risk,"<p>5.1: PY. Note: No evidence to suggest otherwise, methods and results do not show discrepancies..</p><p>5.2: PN. Note: No evidence to suggest outcome selection. All outcomes mentioned in the methods and results were reported.</p><p>5.3: PN. Note: No evidence to suggest analyses selection. All outcomes mentioned in the methods and results were reported.</p>",Some concerns,"<p>The study is judged to raise some concerns in one domain (2), but not to be at high risk of bias for any domain.</p>"
3,8,Psychological functioning and impairment at 0-1 months,,SUBGROUP_AND_OVERALL,Chew 2018,2018,0.0,0.0,-3.8,0.8,0,42,-3.4,1.1,0,67,0.0,0.0,27.869356,-0.398871,-0.788367,-0.009375,Summary of Diabetes Self-Care Activities (SDSCA),Low risk,"<p>1a.1: Y; 1a.2: PY.  Note: Title mentions RCT design. <br/>Quote: &quot;In assigning the HCs to the VEMOFIT group (VG) or attention-control groups (AG), randomisation will be carried out after stratification by cluster size and geographical areas of the 10 HCs.&quot;</p><p>Quote: &quot;A member of the Data Management Services team at the University Medical center, Ultrecht will carry out the randomisation.&quot;</p><p>1.3: NI.  Note: No useful information is reported to evaluate this element</p><p>1b.1: PY. Seems that participants were recruited after randomization. </p>",Low risk,<p>2.1a: PY. 2.1b: PN. Quote: &quot;We use a modified informed consent procedure to ensure that patients are unware of the two different intervention programmes&quot;.<br/>2.2.: Y. Nurses were trained to deliver the intervention. </p><p>2.3: PN. Note: No evidence to suggest deviations from the intended intervention that arose because of the trial context.</p><p>2.4: NA.</p><p>2.5: NA.</p><p>2.6: Y. Note: The analysis was carried out on an intention to treat basis.</p><p>2.7: NA.</p>,Low risk,"<p>3.1a: PY. All 10 clusters that recruited participants were analyzed. <br/>3.1b: PN. 92 from intervention group (n = 145) and 79 from control group (n = 150) did not receive allocated intervention. In addition to the 33 people lost to follow up at 12 months, 5 additional missing data were noted with regard to PHQ-9.</p><p>3.2: PN. No evidence that the result was not biased by missing data.</p><p>3.3: PN; 3.4: NA. Note: Missingness in the outcome do not depend on its true value. </p>",Low risk,"<p>4.1: N. Note: The selected outcome method (Malay Brief Illness Perception Quetsionnaire, MBIPQ) is validated and established.</p><p>4.2: PN.  Note: No evidence to suggest differences in measurement between intervention and control</p><p>4.3a: PY.Outcome assessors (participants) were most likeley aware that a trial was taking a place.<br/>4.3b: PN. Quote: &quot;We use a modified informed consent procedure to ensure that patients are unware of the two different intervention programmes&quot;</p><p>4.4: NA.</p><p>4.5: NA.</p>",Low risk,<p>5.1: PY.  Note: Protocol is available. </p><p>5.2: PN.  Note: No evidence to suggest outcome selection. Almost all outcomes mentioned in the methods and protocol were reported (It is not reported &quot;heath-care utilization hospital&quot; that is a secondary outcome). </p><p>5.3: PN. Note: No evidence to suggest analyses selection. All outcomes mentioned in the methdis and protocol were reported. </p>,Low risk,<p>The study is judged to be at low risk of bias for all domains.</p>
3,8,Psychological functioning and impairment at 0-1 months,,SUBGROUP_AND_OVERALL,Sangraula 2020,2020,0.0,0.0,12.1,8.0,0,9,15.7,6.4,0,8,0.0,0.0,6.961551,-0.46826,-1.437413,0.500894,World Health Organization Disability Assessment Schedule (WHODAS),Low risk,"<p>1a.1: PY. 1a.2: PY. Quote: &quot;A randomization procedure was used, in which names of the two VDCs were written on cards and placed into a hat. The District Public Health Officer (DPHO) was to draw one card from the hat which would be allocated as the intervention arm VDC and the VDC in the remaining card would be allocated to the control arm. Program staff, including community psychosocial workers (CPSWs) and research assistants (RAs) were only assigned to either VDC after the random drawing to reduce risk of unblinding. </p><p>1a.3: PN.  There is no evidencde to suggest problems in the randomization process</p><p>1b.1: PN. it appears the randomization was conducted prior to the recruitment of participants.</p><p>1b.2: PN. It is unlikely that the selection of inidividual participants was affected by knowledge of the intervention assigned to the cluster. </p><p>1b.3: PN. there is no evidence to indicate imbalances in baseline values to indicate differentail identification or recruitment of individual participants. </p>",Low risk,"<p>2.1 a:NI. 2.1b: PN. 2.2: PN. Quote: &quot;CPSWs, RAs, trial participants, and local mhGAP trained health workers were blinded to the allocation of the study conditions. The VDCs of the two arms were separated by another VDC which worked as a buffer and physical barrier against contamination between the two arms. CPSWs in both arms were instructed not to disclose the treatment that any participants received except with their clinical supervisors. The trial statistician was blinded to treatment arm during analysis. &quot;</p><p>2.3: NA.</p><p>2.4: NA.</p><p>2.5: NA. </p><p>2.6: PY. Data was analysed for most participants randomized.</p>",Low risk,<p>3.1a: Y. all included clusters were analyzed; </p><p>3.1b: PY. data were available for nearly all participants within the cluster</p><p>3.2: NA.</p><p>3.3: NA.</p><p>3.4: NA.</p>,Low risk,"<p>4.1: PN. The outcome measure (PHQ-9) is widely established and used across contexts, included the one of the trial</p><p>4.2: PN. No evidence to suggest that measurement or ascertainment of the outcome differed between intervention groups.</p><p>4.3a:NI. 4.3b: PN.  No information provided on whether participants knew that they were in a trial, participants (outcome assessors) were blinded</p>",Low risk,"<p>5.1: PY. No evidence to suggest otherwise, protocol and paper do not show discrepancies.</p><p>5.2: PN. No evidence to suggest outcome selection. All outcomes mentioned in the protocol, methods and results were reported.</p><p>5.3: PN. No evidence to suggest analyses selection. All analyses mentioned in the protocol, methods and results were reported.</p>",Low risk,<p>The study is judged to be at low risk of bias for all domains.</p>
3,9,Psychological functioning and impairment at 1-6 months ,,SUBGROUP_AND_OVERALL,Acarturk 2022,2022,0.0,0.0,14.804,4.787,0,259,14.269,4.261,0,259,0.0,0.0,58.869339,0.117887,-0.054495,0.29027,World Health Organization Disability Assessment Schedule (WHODAS),Low risk,"<p>1.1: Y. Quote: &quot;Participants were randomly assigned either to the Self-Help Plus arm or to ECAU only, in a 1:1 ratio.&quot; 1.2: Y. Quote &quot;The randomization schedule was generated by Castor Electronic Data Capture (EDC). (..)  Research team members involved in<br/>recruitment were able to access the web-based software to randomize each newly enrolled participant, but were not able to access the randomization list, and were not aware of the block size.&quot;</p><p>1.3: N. Note: No significant differences at baseline. </p>",Low risk,<p>2.1: PY; 2.2: PY. Note: Due to the nature of the intervention participants and the interventionists were most likely aware of the allocation.</p><p>2.3: PN. Note: No evidence to suggest issues to implement intervention.</p><p>2.4: NA.</p><p>2.5: NA.</p><p>2.6: Y. Quote: &quot;We followed an intent-to-treat approach for analysis of primary and secondary outcomes&quot;</p><p>2.7: NA.</p>,Low risk,<p>3.1: PY. Quote: &quot; The distribution of participants lost to follow-up was similar between the study groups (15.53% vs. 14.06%)&quot;</p><p>3.2: NA.</p><p>3.3: NA.</p><p>3.4: NA.</p>,Some concerns,"<p>4.1: N. Note: The selected outcome method (PHQ-9) is widely validated and established.</p><p>4.2: PN. Note: No evidence to suggest differences in measurement between intervention and control. </p><p>4.3: PY. Note: Outcome assessors (participants) were most likely aware of intervention allocation. </p><p>4.4: PY; 4.5: PN. Note: Knowledge of the assigned intervention could influence participant-reported outcomes, but there is no reason to believe that it did.</p>",Low risk,"<p>5.1: PY. Note: no evidence to suggest otherwise, methods and results do not show discrepancies. </p><p>5.2: PN. Note: No evidence to suggest outcome selection. All outcomes mentioned in the methods are reported.</p><p>5.3: PN. Note: No evidence to suggest analyses selection. All analyses mentioned in the methods were reported. </p>",Some concerns,"<p>The study is judged to raise some concerns in one domain (4), but not to be at high risk of bias for any domain.</p>"
3,9,Psychological functioning and impairment at 1-6 months ,,SUBGROUP_AND_OVERALL,Chew 2018,2018,0.0,0.0,-4.2,1.1,0,31,-3.8,0.9,0,45,0.0,0.0,41.130661,-0.401561,-0.86371,0.060588,Summary of Diabetes Self-Care Activities (SDSCA),Low risk,"<p>1a.1: Y; 1a.2: PY.  Note: Title mentions RCT design. <br/>Quote: &quot;In assigning the HCs to the VEMOFIT group (VG) or attention-control groups (AG), randomisation will be carried out after stratification by cluster size and geographical areas of the 10 HCs.&quot;</p><p>Quote: &quot;A member of the Data Management Services team at the University Medical center, Ultrecht will carry out the randomisation.&quot;</p><p>1.3: NI.  Note: No useful information is reported to evaluate this element</p><p>1b.1: PY. Seems that participants were recruited after randomization. </p>",Low risk,<p>2.1a: PY. 2.1b: PN. Quote: &quot;We use a modified informed consent procedure to ensure that patients are unware of the two different intervention programmes&quot;.<br/>2.2.: Y. Nurses were trained to deliver the intervention. </p><p>2.3: PN. Note: No evidence to suggest deviations from the intended intervention that arose because of the trial context.</p><p>2.4: NA.</p><p>2.5: NA.</p><p>2.6: Y. Note: The analysis was carried out on an intention to treat basis.</p><p>2.7: NA.</p>,Low risk,"<p>3.1a: PY. All 10 clusters that recruited participants were analyzed. <br/>3.1b: PN. 92 from intervention group (n = 145) and 79 from control group (n = 150) did not receive allocated intervention. In addition to the 33 people lost to follow up at 12 months, 5 additional missing data were noted with regard to PHQ-9.</p><p>3.2: PN. No evidence that the result was not biased by missing data.</p><p>3.3: PN; 3.4: NA. Note: Missingness in the outcome do not depend on its true value. </p>",Low risk,"<p>4.1: N. Note: The selected outcome method (Malay Brief Illness Perception Quetsionnaire, MBIPQ) is validated and established.</p><p>4.2: PN.  Note: No evidence to suggest differences in measurement between intervention and control</p><p>4.3a: PY.Outcome assessors (participants) were most likeley aware that a trial was taking a place.<br/>4.3b: PN. Quote: &quot;We use a modified informed consent procedure to ensure that patients are unware of the two different intervention programmes&quot;</p><p>4.4: NA.</p><p>4.5: NA.</p>",Low risk,<p>5.1: PY.  Note: Protocol is available. </p><p>5.2: PN.  Note: No evidence to suggest outcome selection. Almost all outcomes mentioned in the methods and protocol were reported (It is not reported &quot;heath-care utilization hospital&quot; that is a secondary outcome). </p><p>5.3: PN. Note: No evidence to suggest analyses selection. All outcomes mentioned in the methdis and protocol were reported. </p>,Low risk,<p>The study is judged to be at low risk of bias for all domains.</p>
3,10,Psychological functioning and impairment at 7-24 months,,SUBGROUP_AND_OVERALL,Chew 2018,2018,0.0,0.0,-4.2,0.9,0,43,-3.9,1.1,0,44,0.0,0.0,35.932743,-0.295525,-0.718209,0.127159,Summary of Diabetes Self-Care Activities (SDSCA),Low risk,"<p>1a.1: Y; 1a.2: PY.  Note: Title mentions RCT design. <br/>Quote: &quot;In assigning the HCs to the VEMOFIT group (VG) or attention-control groups (AG), randomisation will be carried out after stratification by cluster size and geographical areas of the 10 HCs.&quot;</p><p>Quote: &quot;A member of the Data Management Services team at the University Medical center, Ultrecht will carry out the randomisation.&quot;</p><p>1.3: NI.  Note: No useful information is reported to evaluate this element</p><p>1b.1: PY. Seems that participants were recruited after randomization. </p>",Low risk,<p>2.1a: PY. 2.1b: PN. Quote: &quot;We use a modified informed consent procedure to ensure that patients are unware of the two different intervention programmes&quot;.<br/>2.2.: Y. Nurses were trained to deliver the intervention. </p><p>2.3: PN. Note: No evidence to suggest deviations from the intended intervention that arose because of the trial context.</p><p>2.4: NA.</p><p>2.5: NA.</p><p>2.6: Y. Note: The analysis was carried out on an intention to treat basis.</p><p>2.7: NA.</p>,Low risk,"<p>3.1a: PY. All 10 clusters that recruited participants were analyzed. <br/>3.1b: PN. 92 from intervention group (n = 145) and 79 from control group (n = 150) did not receive allocated intervention. In addition to the 33 people lost to follow up at 12 months, 5 additional missing data were noted with regard to PHQ-9.</p><p>3.2: PN. No evidence that the result was not biased by missing data.</p><p>3.3: PN; 3.4: NA. Note: Missingness in the outcome do not depend on its true value. </p>",Low risk,"<p>4.1: N. Note: The selected outcome method (Malay Brief Illness Perception Quetsionnaire, MBIPQ) is validated and established.</p><p>4.2: PN.  Note: No evidence to suggest differences in measurement between intervention and control</p><p>4.3a: PY.Outcome assessors (participants) were most likeley aware that a trial was taking a place.<br/>4.3b: PN. Quote: &quot;We use a modified informed consent procedure to ensure that patients are unware of the two different intervention programmes&quot;</p><p>4.4: NA.</p><p>4.5: NA.</p>",Low risk,<p>5.1: PY.  Note: Protocol is available. </p><p>5.2: PN.  Note: No evidence to suggest outcome selection. Almost all outcomes mentioned in the methods and protocol were reported (It is not reported &quot;heath-care utilization hospital&quot; that is a secondary outcome). </p><p>5.3: PN. Note: No evidence to suggest analyses selection. All outcomes mentioned in the methdis and protocol were reported. </p>,Low risk,<p>The study is judged to be at low risk of bias for all domains.</p>
3,10,Psychological functioning and impairment at 7-24 months,,SUBGROUP_AND_OVERALL,Dias 2019,2019,0.0,0.0,16.72,5.71,0,75,17.73,6.27,0,79,0.0,0.0,64.067257,-0.167393,-0.483943,0.149158,World Health Organisation Disability Assessment Schedule (WHODAS),Low risk,"<p>1.1: Y. 1.2: Y.  Quote: &quot;The data manager randomized participants equally to CAU or DIL intervention via prmuted block randomization (block size of 8), using a computer-generated random-number table&quot;</p><p>1.3: N. Quote: &quot;The DIL and CAU arms were well balanced with respect to sociodemograohic and clinical characteristics&quot;</p>",Low risk,"<p>2.1: Y; 2.2: PN. Quote: &quot;Partcipants wee asked not to discose their assignment to masked assessors&quot;. <br/>Quote: &quot;All study personnel, including assessors, were masked to random assignment until outcomes analysis was complete and reviewed by the Data Safety Monitoring Board&quot;</p><p>2.3: N. Note: There is no reason to believe it.</p><p>2.4: NA.</p><p>2.5: NA.</p><p>2.6: Y. Quote: &quot;91 in the DIL intervention group and 90 in the care as usual (CAU) group were used in the final intention-to-treat analysis&quot;.</p><p>2.7: NA.</p>",Low risk,<p>3.1: Y. Quote: &quot;Attrition was low in both groups: 12.2% in the CAU group and 17.6% in the DIL intervention group&quot;</p><p>3.2: NA.</p><p>3.3: NA.</p><p>3.4: NA.</p>,Some concerns,"<p>4.1: N. Note: The selected outcome method (DDS) is widely validated and established.</p><p>4.2: PN. Note: No evidence to suggest differences in measurement between intervention and control.</p><p>4.3: PN. Note: Outcome assessors (participants) were most likely aware of intervention allocation.</p><p>4.4: PY; 4.5: PN. Note: Knowledge of the assigned intervention could influence participant-reported outcomes, but there is no reason to believe that it did. </p>",Some concerns,"<p>5.1: N. Note: Protocol available. No evidence to suggest otherwise, the protocol and manuscript do not show discrepancies.<br/>5.2: N. Note: no evidence to suggest outcome selection. All outcomes mentioned in the methods and protocol were reported.</p><p>5.3: N. Note: No evidence to suggest analyses selection. All outcomes in the methods and protocol were reported.</p>",Some concerns,"<p>The study is judged to raise some concerns in two domains (4 and 5), but not to be at high risk of bias for any domain.</p>"
3,11,Depressive symptoms at 0-1 months,,SUBGROUP_AND_OVERALL,Acarturk 2022,2022,0.0,0.0,5.241,4.905,0,236,5.324,5.124,0,267,0.0,0.0,9.976031,-0.016501,-0.191618,0.158616,Patient Health Questionnaire 9 (PHQ-9),Low risk,"<p>1.1: Y. Quote: &quot;Participants were randomly assigned either to the Self-Help Plus arm or to ECAU only, in a 1:1 ratio.&quot; 1.2: Y. Quote &quot;The randomization schedule was generated by Castor Electronic Data Capture (EDC). (..)  Research team members involved in<br/>recruitment were able to access the web-based software to randomize each newly enrolled participant, but were not able to access the randomization list, and were not aware of the block size.&quot;</p><p>1.3: N. Note: No significant differences at baseline. </p>",Low risk,<p>2.1: PY; 2.2: PY. Note: Due to the nature of the intervention participants and the interventionists were most likely aware of the allocation.</p><p>2.3: PN. Note: No evidence to suggest issues to implement intervention.</p><p>2.4: NA.</p><p>2.5: NA.</p><p>2.6: Y. Quote: &quot;We followed an intent-to-treat approach for analysis of primary and secondary outcomes&quot;</p><p>2.7: NA.</p>,Low risk,<p>3.1: PY. Quote: &quot; The distribution of participants lost to follow-up was similar between the study groups (15.53% vs. 14.06%)&quot;</p><p>3.2: NA.</p><p>3.3: NA.</p><p>3.4: NA.</p>,Some concerns,"<p>4.1: N. Note: The selected outcome method (PHQ-9) is widely validated and established.</p><p>4.2: PN. Note: No evidence to suggest differences in measurement between intervention and control. </p><p>4.3: PY. Note: Outcome assessors (participants) were most likely aware of intervention allocation. </p><p>4.4: PY; 4.5: PN. Note: Knowledge of the assigned intervention could influence participant-reported outcomes, but there is no reason to believe that it did.</p>",Low risk,"<p>5.1: PY. Note: no evidence to suggest otherwise, methods and results do not show discrepancies. </p><p>5.2: PN. Note: No evidence to suggest outcome selection. All outcomes mentioned in the methods are reported.</p><p>5.3: PN. Note: No evidence to suggest analyses selection. All analyses mentioned in the methods were reported. </p>",Some concerns,"<p>The study is judged to raise some concerns in one domain (4), but not to be at high risk of bias for any domain.</p>"
3,11,Depressive symptoms at 0-1 months,,SUBGROUP_AND_OVERALL,Asnani 2021,2021,0.0,0.0,14.0,10.3,0,32,15.7,12.3,0,32,0.0,0.0,4.76686,-0.148037,-0.638742,0.342669,Center for Epidemiologic Studies Depression Scale (CES-D),Low risk,"<p>1.1: Y; 1.2: Y. Note: Quote: &quot;A random numbers<br/>table, computer generated by an independent staff statistician, was kept centrally. Once baseline<br/>measurements were completed, the study coordinator telephoned the central site for the<br/>next assignment based on the random number table and informed the subject of her allocation<br/>group. Th&quot;</p><p>1.3: PN. Note: Baseline characteristics were overall comparable across groups, significant differences were reported for 2 variables (compatible with chances) </p>",Low risk,<p>2.1: PY; 2.2: PY. Note: Due to the nature of the intervention participants and personnel were most likely aware of their assigned intervention </p><p>2.3: PN. Note: No evidence to suggest issues to implement intervention. Some changes were made to the protocol before recruitment. These are reported in the manuscript.</p><p>2.4: NA.</p><p>2.5: NA. </p><p>2.6: Y. Quote: &quot;Analyses were performed based on intention to treat principles&quot;</p><p>2.7: NA.</p>,Low risk,"<p>3.1: Y. Note: Data was availalble for all 64 randomized participants, there were no losses at the 6 months follow-up.</p><p>3.2: NA.</p><p>3.3: NA.</p><p>3.4: NA.</p>",Some concerns,"<p>4.1: PN. Note: The selected outcome method (CES-D) is widely validated and established and demonstrated good inter-item reliability in the study (0.9)</p><p>4.2: PN. Note: No evidence to suggest differences in measurement between intervention and control.</p><p>4.3: PY. Note: Outcome assessors (participants) were most likely aware of intervention allocation. Staff involved in data collection was blinded to the allocation.</p><p>4.4: PY; 4.5: PN. Note: Knowledge of the assigned intervention could influence participant-reported outcomes, but there is no reason to believe that it did.</p>",Low risk,"<p>5.1: PY. Note: No evidence to suggest otherwise, methods and results do not show discrepancies. </p><p>5.2: PN. Note: No evidence to suggest outcome selection. All outcomes mentioned in the methods are reported. Authors mention that the CES-D was not initially planned to be an outcome of interest in the study, this was added in a second moment, but still before the beginning of recruitment. </p><p>5.3: PN. Note: No evidence to suggest analyses selection. All analyses mentioned in the methods were reported. </p>",Some concerns,"<p>The study is judged to raise some concerns in one domain (4), but not to be at high risk of bias for any domain.</p>"
3,11,Depressive symptoms at 0-1 months,,SUBGROUP_AND_OVERALL,Baumgartner 2021,2021,0.0,0.0,2.79,3.81,0,119,1.56,2.8,0,85,0.0,0.0,7.981958,0.357648,0.077107,0.638188,Patient Health Questionnaire 9 (PHQ-9),Low risk,"<p>1a.1: PY; 1a.2: PY. Researchers performed stratified constrained randomization. This was carried out through software. Quote: &quot;Constrained randomization was implemented using the cvcrand Stata package by the US-based team&quot;. 1a.3: NI.  No useful information is reported to evaluate this element. 1b.1: PN. It appears the randomization was conducted prior to the recruitment of participants: 1b.2: PN. It is unlikely that the selection of individual participants was affected by knowledge of the intervention assigned to the cluster. 1b.3: PN. There were some baseline imbalances that were compatible with chance, there is no evidence to indicate differential identification or recruitment of individual participants. </p>",Some concerns,"<p>2.1 a: NI; 2.1b: PY; 2.2: PY. No information was provided on whether participants knew that they were in a trial, due to the nature of the intervention they (as those delivering the intervention) were most likely aware of intervention allocation. 2.3: PY. The low literacy of the lay providers could have impacted implementation fidelity. Quote: &quot;This strategy supported the potential sustainability of the intervention but came with literacy challenges for delivering the iMBC content with full fidelity&quot;. 2.4: PN. No evidence to suggest deviations from the intended intervention would have influenced the outcomes. 2.5: NA. 2.6: PY. Data were analysed for most randomized participants. 2.7: NA.</p>",Low risk,"<p>3.1a: PY. All included clusters were analyzed. 3.1b: PY. Data were available for nearly all participants within the cluster. Quote: &quot;303 (81%), 313 (83.7%), and 266 (71.1%) participants were followed up at the mini-survey, imme- diate post-intervention survey (follow-up 1), and the 8-month post- intervention survey (follow-up 2) time points, respectively &quot;. 3.2: NA. 3.3: NA. 3.4: NA.</p>",Some concerns,"<p>4.1: N. The outcome measure is well established and reported good psychometric properties in this sample. 4.2: PN. No evidence to suggest differences in measurement between intervention and control. 4.3A: NI; 4.3b: PY. No information provided on whether participants knew that they were in a trial, participants (outcome assessors) were most likely aware of the group allocation due to the nature of the intervention. 4.4: PY; 4.5: PN. Knowledge of the assigned intervention could influence participant-reported outcomes, but there is no reason to believe that it did.</p>",Low risk,"<p>5.1: PY. No evidence to suggest otherwise, methods and results do not show discrepancies. 5.2: PN. No evidence to suggest outcomes selection. All outcomes mentioned in the methods and results were reported. 5.3: PN. No evidence to suggest analyses selection. All outcomes mentioned in the methods and results were reported. </p>",Some concerns,"<p>The study is judged to raise some concerns in two domains (2 and 4), but not to be at high risk of bias for any domain.</p>"
3,11,Depressive symptoms at 0-1 months,,SUBGROUP_AND_OVERALL,Chaharrahifard 2021,2021,0.0,0.0,10.64,5.83,0,27,12.6,5.78,0,25,0.0,0.0,4.152282,-0.33249,-0.880534,0.215555,Edinburgh Postnatal Depression Scale (EPDS),Low risk,<p>1.1: Y. Note: Title mentions RCT design; Quote: &quot;the samples were randomly assigned to two groups of received counseling (intervention) and non-received counseling (control) by four-sized randomized blocks.&quot;</p><p>1.2: Y. Quote: &quot;The details of blocks were contained in asset of sealed.</p><p>1.3: N. Quote: &quot;There was not significant difference between the demographic characteristics in the control and intervention group.&quot;</p>,Some concerns,"<p>2.1: PY; 2.2: PY. Note: Due to the nature of the intervention, participants and the interventionists were most likely aware of the allocation.</p><p>2.3: PN. No evidence to suggest issues to implement intervention.</p><p>2.4: NA</p><p>2.5: NA</p><p>2.5: NI. Note: No explicit mention of the analysis used to estimate the effect of assignment to intervention.</p><p>2.6: N. Note: There was not a substantial impact of the failure to analyse participants in the group to which they were randomized.</p>",Low risk,<p>3.1: PY. Note: Drop-out rate: 21%. </p><p>3.2: NA</p><p>3.3: NA</p><p>3.4: NA</p>,Some concerns,"<p>4.1: N. Note: The selected outcome method (EPDS) is widely validated and established.</p><p>4.2: PN. Note: No evidence to suggest differences in measurement between intervention and control.</p><p>4.3: PY. Note: Outcome assessors (participants) were most likely aware of intervention allocation.</p><p>4.4: PY; 4.5: PN. Note: Knowledge of the assigned intervention could influence participant-reported outcomes, but there is no reason to believe that it did.</p>",Low risk,"<p>5.1: PY. Note: No evidence to suggest otherwise, methods and results do not show discrepancies.</p><p>5.2: PN. Note: No evidence to suggest outcome selection. All outcomes mentioned in the methods and results were reported.</p><p>5.3: PN. Note: No evidence to suggest analyses selection. All outcomes mentioned in the methods and results were reported.</p>",Some concerns,"<p>The study is judged to raise some concerns in two domains (2 and 4), but not to be at high risk of bias for any domain.</p>"
3,11,Depressive symptoms at 0-1 months,,SUBGROUP_AND_OVERALL,Chang 2015,2015,0.0,0.0,19.0,13.3,0,20,18.8,11.6,0,63,0.0,0.0,4.625891,0.016484,-0.486562,0.51953,Center for Epidemiologic Studies Depression Scale (CES-D),Low risk,"<p>1.1: Y; 1.2: PY. Note: Title mentions RCT design. Quote: &quot;The evaluation was a cluster randomized trial conducted in Jamaica, Antigua, and St Lucia with public health center as the unit of randomization.&quot;</p><p>1.3: N. Note: Quote: &quot;There were no significant differences between groups in enrollment characteristics&quot;</p>",High risk,"<p>2.1a: NI; 2.1b: PY; 2.2: PY. Note: No information provided on wheter participants knew that they were in a trial, due to the nature of the intervention they (as those delivering the intervention) were most likely aware of intervention allocation. </p><p>2.3: PY. Note: Quote: &quot;Clinics were often noisy and crowded, and some mothers would have had<br/>difficulty hearing and seeing the films. It also made it difficult for the health workers to interact<br/>with the mothers during the<br/>demonstration.&quot;</p><p>2.4: NA.</p><p>2.5: NA.</p><p>2.6: Y. Quote: &quot;Analyses were by intention to treat&quot;</p><p>2.7: NA.</p>",Low risk,<p>3.1a: NI. No information on wheter data was available for all clusters. <br/>3.1b: PY.</p><p>3.2: PY. Quote: &quot;Loss did not differ by group (16% of children were lost to follow-up in the control and 14% were lost to follow-up in the intevrention)&quot;</p><p>3.3: NA.</p><p>3.4: NA.</p>,Some concerns,"<p>4.1: N. Note: The selected outcome measure (center for Epidemiologic Studies-depression Scale) is widely validated and established. </p><p>4.2: PN. Note: No evidence to suggest differences in measurements between intevrention and control.</p><p>4.3a: PY; 4.3b: PY. Note: Interviewers and testers were blind to center assignment but participants (mothers) probably knew that they were in a trial and participants were most likely aware of the group allocation due to the nature of the intervention. Self-assessment scale. </p><p>4.4: PY; 4.5: PN. Note: Knowledge of the assigned intervention could influence participant-reported outcome, but there is no reason to believe that it did</p>",Low risk,"<p>5.1: PY. Note: no evidence to suggest otherwise, methods and results do not show discrepancies. </p><p>5.2: PN. Note: No evidence to suggest outcome selection. All outcomes mentioned in the methods are reported.</p><p>5.3: PN. Note: No evidence to suggest analyses selection. All analyses mentioned in the methods were reported. </p>",High risk,<p>The study is judged to be at high risk of bias<b> </b>in one domain (2).</p>
3,11,Depressive symptoms at 0-1 months,,SUBGROUP_AND_OVERALL,Chew 2018,2018,0.0,0.0,6.2,4.4,0,50,6.7,5.1,0,60,0.0,0.0,6.337791,-0.103548,-0.479111,0.272016,Patient Health Questionnaire 9 (PHQ-9),Low risk,"<p>1a.1: Y; 1a.2: PY.  Note: Title mentions RCT design. <br/>Quote: &quot;In assigning the HCs to the VEMOFIT group (VG) or attention-control groups (AG), randomisation will be carried out after stratification by cluster size and geographical areas of the 10 HCs.&quot;</p><p>Quote: &quot;A member of the Data Management Services team at the University Medical center, Ultrecht will carry out the randomisation.&quot;</p><p>1.3: NI.  Note: No useful information is reported to evaluate this element</p><p>1b.1: PY. Seems that participants were recruited after randomization. </p>",Low risk,<p>2.1a: PY. 2.1b: PN. Quote: &quot;We use a modified informed consent procedure to ensure that patients are unware of the two different intervention programmes&quot;.<br/>2.2.: Y. Nurses were trained to deliver the intervention. </p><p>2.3: PN. Note: No evidence to suggest deviations from the intended intervention that arose because of the trial context.</p><p>2.4: NA.</p><p>2.5: NA.</p><p>2.6: Y. Note: The analysis was carried out on an intention to treat basis.</p><p>2.7: NA.</p>,Low risk,"<p>3.1a: PY. All 10 clusters that recruited participants were analyzed. <br/>3.1b: PN. 92 from intervention group (n = 145) and 79 from control group (n = 150) did not receive allocated intervention. In addition to the 33 people lost to follow up at 12 months, 5 additional missing data were noted with regard to PHQ-9.</p><p>3.2: PN. No evidence that the result was not biased by missing data.</p><p>3.3: PN; 3.4: NA. Note: Missingness in the outcome do not depend on its true value. </p>",Low risk,"<p>4.1: N. Note: The selected outcome method (Malay Brief Illness Perception Quetsionnaire, MBIPQ) is validated and established.</p><p>4.2: PN.  Note: No evidence to suggest differences in measurement between intervention and control</p><p>4.3a: PY.Outcome assessors (participants) were most likeley aware that a trial was taking a place.<br/>4.3b: PN. Quote: &quot;We use a modified informed consent procedure to ensure that patients are unware of the two different intervention programmes&quot;</p><p>4.4: NA.</p><p>4.5: NA.</p>",Low risk,<p>5.1: PY.  Note: Protocol is available. </p><p>5.2: PN.  Note: No evidence to suggest outcome selection. Almost all outcomes mentioned in the methods and protocol were reported (It is not reported &quot;heath-care utilization hospital&quot; that is a secondary outcome). </p><p>5.3: PN. Note: No evidence to suggest analyses selection. All outcomes mentioned in the methdis and protocol were reported. </p>,Low risk,<p>The study is judged to be at low risk of bias for all domains.</p>
3,11,Depressive symptoms at 0-1 months,,SUBGROUP_AND_OVERALL,Escolar 2014,2014,0.0,0.0,4.36,1.77,0,25,7.8,3.0,0,15,0.0,0.0,2.797312,-1.465319,-2.189283,-0.741355,Geriatric Depression Scale Short Form (GDS-S),Some concerns,<p>1.1: Y; 1.2: NI. Quote: &quot;The respondents were then randomly assigned to either the experimental or control group&quot; No information provided about allocation concealment.</p><p>1.3: PN. Note: No significant differences at baseline. </p>,Some concerns,<p>2.1: PY; 2.2: PY. Note: Due to the nature of the intervention participants and the interventionists were most likely aware of the allocation.</p><p>2.3: NI. Note: No information provided. </p><p>2.4: NA.</p><p>2.5: NA.</p><p>2.6: NI. Note: No infomation provided. </p><p>2.7: N. Note: No drop-out. </p>,Low risk,<p>3.1: Y. Note: No missing data. </p><p>3.2: NA.</p><p>3.3: NA.</p><p>3.4: NA.</p>,Some concerns,"<p>4.1: N. Note: The selected outcome method (PHQ-9) is widely validated and established.</p><p>4.2: PN. Note: No evidence to suggest differences in measurement between intervention and control. </p><p>4.3: Y. Note: Only self-reported measure. </p><p>4.4: PY; 4.5: PN. Note: Knowledge of the assigned intervention could influence participant-reported outcomes, but there is no reason to believe that it did.</p>",Low risk,"<p>5.1: PY. Note: No protocol available. No evidence to suggest otherwise, methods and results do not show discrepancies. </p><p>5.2: PN. Note: No evidence to suggest outcome selection. All outcomes mentioned in the methods are reported.</p><p>5.3: PN. Note: No evidence to suggest analyses selection. All analyses mentioned in the methods were reported. </p>",Some concerns,"<p>The study is judged to raise some concerns in three domains (1, 2, 4), but not to be at high risk of bias for any domain.</p>"
3,11,Depressive symptoms at 0-1 months,,SUBGROUP_AND_OVERALL,Ferreira-Vorkapic 2018,2018,0.0,0.0,9.8,8.44,0,20,11.2,10.48,0,20,0.0,0.0,3.507647,-0.144215,-0.764904,0.476473,Beck’s Depression Inventory (BDI),Low risk,"<p>1.1: Y; 1.2: Y. Quote: &quot;(...) volunteers were randomly allocated to one of the three experimental groups. A separate examiner coordinated the group distribution (and all statistical analysis was performed by an expert from another<br/>state), using the random allocation method.&quot;</p><p>1.3: N. Quote: &quot;the baseline data showing no significant differences between the groups, except for education years, where the relaxation group showed a higher<br/>level of education&quot;</p>",Some concerns,<p>2.1: PY; 2.2: PY. Note: Due to the nature of the intervention participants and personnel were most likely aware of their assigned intervention </p><p>2.3: PN. Note: No evidence to suggest issues to implement intervention</p><p>2.4: NA.</p><p>2.5: NA. </p><p>2.6: NI. Note: No explicit mention of the analysis used to estimate the effect of assignment to intervention</p><p>2.7: NA. Note: There was not a substantial impact of the failure to analyse participants in the group to which they were randomized</p>,Low risk,<p>3.1: Y. Note: Drop-out: 0</p><p>3.2: NA.</p><p>3.3: NA.</p><p>3.4: NA.</p>,Some concerns,"<p>4.1: N. Note: The selected outcome method (BAI) is widely validated and established across multiple languages.ility in the study (0.9)</p><p>4.2: PN. Note: No evidence to suggest differences in measurement between intervention and control.</p><p>4.3: PY. Note: Outcome assessors (participants) were most likely aware of intervention allocation. </p><p>4.4: PY; 4.5: PN. Note: Knowledge of the assigned intervention could influence participant-reported outcomes, but there is no reason to believe that it did.</p>",Low risk,"<p>5.1: PY. Note: No evidence to suggest otherwise, methods and results do not show discrepancies. </p><p>5.2: PN. Note: No evidence to suggest outcome selection. All outcomes mentioned in the methods and results were reported. </p><p>5.3: PN. Note: No evidence to suggest analyses selection. All analyses mentioned in the methods were reported. </p>",Some concerns,"<p>The study is judged to raise some concerns in two domains (2 and 4), but not to be at high risk of bias for any domain.</p>"
3,11,Depressive symptoms at 0-1 months,,SUBGROUP_AND_OVERALL,Gao 2015,2015,0.0,0.0,7.61,3.43,0,90,8.96,4.55,0,90,0.0,0.0,7.728626,-0.333648,-0.627893,-0.039403,Edinburgh Postnatal Depression Scale (EPDS),Low risk,"<p>1.1: Y. Quote: &quot;The randomization sequence was generated using a computerized random number generator and the allocation was kept in sealed opaque consecutively numbered envelopes.&quot; </p><p>1.2.: Y. Quote: &quot;This simple randomization scheme was independently prepared by a research assistant who was not involved in determining eligibility, providing care, or assessing outcome.&quot;</p><p>1.3: N. Quote: &quot;There were no significant differences between the two groups in their demographic, obstetric and related characteristics (...) There were also no significant differences between the two groups in their baseline measures&quot;</p>",Low risk,"<p>2.1: PY; 2.2: PY. Note: Due to the nature of the intervention, participants and the interventionists were most likely aware of the allocation.</p><p>2.3: PN. Note: No evidence to suggest issues to implement intervention.</p><p>2.4: NA</p><p>2.5: BA</p><p>2.6: Y. Note: Intention to treat analysis done.</p><p>2.7: NA</p>",Low risk,<p>3.1: PY. Note: Drop-out: 14 of 180. </p><p>3.2: NA</p><p>3.3: NA</p><p>3.4: NA</p>,Some concerns,"<p>4.1: N. Note: The selected outcome method (EPDS) is widely validated in Chinese mothers and established.</p><p>4.2: PN. Note: No evidence to suggest differences in measurement between intervention and control.</p><p>4.3: PY. Note: Outcome assessors (participants) were most likely aware of intervention allocation.</p><p>4.4.: PY; 4.5: PN. Note: Knowledge of the assigned intervention could influence participant-reported outcomes, but there is no reason to believe that it did. </p>",Low risk,"<p>5.1: PY. Note: No evidence to suggest otherwise, methods and results do not show discrepancies.</p><p>5.2: PN. Note: No evidence to suggest outcome selection. All outcomes mentioned in the methods and results were reported.</p><p>5.3: PN. Note: No evidence to suggest analyses selection. All outcomes mentioned in the methods and results were reported.</p>",Some concerns,"<p>The study is judged to raise some concerns in one domain (4), but not to be at high risk of bias for any domain.</p>"
3,11,Depressive symptoms at 0-1 months,,SUBGROUP_AND_OVERALL,Hinton 2021,2018,0.0,0.0,0.9,1.0,0,19,2.9,2.8,0,20,0.0,0.0,3.183928,-0.922295,-1.586265,-0.258325,Patient Health Questionnaire 4 (PHQ-4) ,Low risk,"<p>1a.1: PY. 1a.2: Y. Quote: &quot;Randomizationwas at the level of clusters, defined as geographic areas (ie, communes) served by commune health stations which have a population<br/>range of ≈5000-15,000 people. Randomization was conducted<br/>by one of the study investigators residing in the United States through<br/>the flip of a coin.&quot;</p><p>1a.3: NI. No useful information is reported to evaluate this element</p><p>1b.1: N. Note: particpants were recruited after randomization; </p><p>1b.2: PN. Note: there is no evidence to suggest that selection of individual participants was affected by knoweldge of the intervention assigned to the cluster; </p><p>1b.3:N. Note: no significant differences at baseline were identified. </p>",Low risk,"<p>2.1a: NI; 2.1b: PY; 2.2: Y. Note: No information provided on whether participants knew that they were in a trial, due to the nature of the intervention they (as those delivering the intervention) were most likely aware of intervention allocation.</p><p>2.3: PN. Note: No evidence to suggest deviations from the intended intervention that arose because of the trial context </p><p>2.4: NA.</p><p>2.5: NA.</p><p>2.6: Y. Note: Data was analysed on an intention-to-treat basis.</p><p>2.7: NA.</p>",Low risk,<p>3.1a PY. Note: no evidence to suggest failure in analyzing any clyster; </p><p>3.1b: PY. Note: data was avaiable for 85% of participants at follow-up.</p><p>3.2: NA.</p><p>3.3: NA; 3.4: NA.</p>,Some concerns,"<p>4.1: PN.  The outcome measure (CES-D) is widely established and used across contexts. </p><p>4.2: PN. Note: no evidence to suggest that. </p><p>4.3a: NI; 4.3b: PY. Note: No information provided on whether participants knew that they were in a trial, participants were most likely aware of the group allocation due to the nature of the intervention. </p><p>4.4: PY; 4.5: PN. Note: Knowledge of the assigned interventio could influence participant-reported outcomes, but there is no reason to believe that it did.</p>",Low risk,"<p>5.1: Y. Note: A pre-determined statistical plan is avaiable and in line with procedures reported in the final manuscript</p><p>5.2: PN. Note:No evidence to suggest outcome selection. All outcomes mentioned in the protocol, methods and results were reported.</p><p>5.3: PN. Note: No evidence to suggest analyses selection. All analyses mentioned in the protocol, methods and results were reported.</p>",Some concerns,"<p>The study is judged to raise some concerns in one domain (4), but not to be at high risk of bias for any domain.</p>"
3,11,Depressive symptoms at 0-1 months,,SUBGROUP_AND_OVERALL,Lachman 2017,2017,0.0,0.0,9.93,10.02,0,34,8.77,8.59,0,34,0.0,0.0,4.943402,0.12288,-0.352957,0.598717,Beck Depression Inventory (BDI-II),Low risk,"<p>1.1: Y; 1.2:Y. Quote: &quot;An external researcher not directly involved in the study conducted the randomization procedures remotely in Oxford, United<br/>Kingdom. Participants were randomly assigned on a 1:1 ratio to an intervention or wait-list control group after baseline data collection<br/>using a concealed computerized program, SealedEnvelope™.&quot;; &quot;Our implementing partner, Clowns Without Borders South Africa, notified participants of their<br/>allocation status via telephone.&quot;</p><p>1.3:PN.</p>",Low risk,"<p>2.1:Y; 2.2:Y. Quote: &quot;Although program implementers and participants were aware of their allocation status, researchers<br/>conducting self-report interviews and observational assessments were blind to allocation.&quot;</p><p>2.3: PN. Note: No evidence to suggest issues to implement intervention</p><p>2.4:NA.</p><p>2.5:NA.</p><p>2.6:Y. Quote: &quot;Data analyses were conducted with an intention-to-treat design&quot;</p><p>2.7:NA.</p>",Low risk,<p>3.1:Y. Note: 3 out of the 68 participants randomized were lost at follow-up (2.9%).</p><p>3.2:NA.</p><p>3.3:NA.</p><p>3.4:NA.</p>,Some concerns,"<p>4.1:PN. Note: The selected outcome method is widely validated and established, appropriate for the local context, and assessed in its psychometric properties for this sample. </p><p>4.2:PN. Note: No evidence to suggest differences in measurement between intervention and control. </p><p>4.3:Y. Note: Outcome assessors (participants) were most likely aware of intervention allocation. The research assistants administering the questionnaires were blinded.</p><p>4.4: PY; 4.5:PN. Note: Knowledge of the assigned intervention could influence participant-reported outcomes, but there is no reason to believe that it did</p>",Some concerns,"<p>5.1:PY. Note: No evidence to suggest otherwise, the protocol and manuscript do not show discrepancies. </p><p>5.2: PY. Note: A few of the secondary outcomes mentioned in the protocol (e.g. ASSIST, Grover-Counter Scale of Cognitive Development) were not reported in this manuscript. </p><p>5.3: PN. Note: No evidence to suggest analyses selection. All analyses mentioned in the protocol and methods were reported in the results. </p>",Some concerns,"<p>The study is judged to raise some concerns in two domains (4 and 5), but not to be at high risk of bias for any domain.</p>"
3,11,Depressive symptoms at 0-1 months,,SUBGROUP_AND_OVERALL,Lachman 2020,2020,0.0,0.0,11.88,9.13,0,29,14.0,11.15,0,24,0.0,0.0,4.208311,-0.20698,-0.749384,0.335424,Center for Epidemiologic Studies Depression Scale (CES-D),Low risk,"<p>1a.1: Y; 1a.2: Y. Quote: &quot;Cluster randomisation was conducted at village level prior to baseline assessments, to reduce the likelihood of contamination between arms. An external researcher used concealed computer-generated codes to randomly allocate eight villages into three treatment arms and a control arm &quot;; &quot;The implementing partner notified the participating families of their allocation status after baseline data collection.&quot;</p><p>1a.3: NI. No useful information is reported to evaluate this element.</p><p>1b.1: PN. Note: randomization was conducted prior to the recruitment of participants</p><p>1b.2: PN. Note: groups were comparable at baseline, see Table 1. </p>",Low risk,"<p>2.1a: NI; 2.1b: PY; 2.2: PY. Note: No information provided on whether participants knew that they were in a trial, due to the nature of the intervention they (as those delivering the intervention) were aware of intervention allocation. </p><p>2.3: PN. Note: No evidence to indicate deviations from protocol.</p><p>2.4: NA.</p><p>2.5: NA.</p><p>2.6: Y. Note: Data was analysed on an intention-to-treat basis.</p><p>2.7: NA.</p>",Low risk,"<p>3.1a.: Y. Note: all included clusters were analyzed; 3.1b: PY. Note: data were available for nearly all participants within the cluster. Quote:&quot;Study retention was considerably higher than anticipated with 94.8% adults (n=235/248), 87.5% children (n=154/176) and 87.8% in their early childhood (n=122/139) assessments completed at post-treatment, with no differences between arms &quot;</p><p>3.2: NA.</p><p>3.3: NA.</p><p>3.4: NA.</p>",Some concerns,"<p>4.1: PN. Note: The outcome measure is widely established and validated for use across different contexts.</p><p>4.2: PN. Note: No evidence to suggest differences in measurement between intervention and control.</p><p>4.3a: NI; 4.3b: PY. Note: No information provided on whether participants knew that they were in a trial, participants (outcome assessors) were most likely aware of the group allocation due to the nature of the intervention.</p><p>4.4: PY; 4.5: PN. Note: Knowledge of the assigned intervention could influence participant-reported outcomes, but there is no reason to believe that it did.</p>",Low risk,"<p>5.1: PY. Note: No evidence to suggest otherwise, methods and results do not show discrepancies.</p><p>5.2: PN. Note: No evidence to suggest outcomes selection. All outcomes mentioned in the methods and results were reported. </p><p>5.3: PN. Note: No evidence to suggest analyses selection. All outcomes mentioned in the methods and results were reported. </p>",Some concerns,"<p>The study is judged to raise some concerns in one domain (4), but not to be at high risk of bias for any domain.</p>"
3,11,Depressive symptoms at 0-1 months,,SUBGROUP_AND_OVERALL,Luoto 2020,2020,0.0,0.0,14.41,8.67,0,181,14.74,9.28,0,184,0.0,0.0,9.415729,-0.036661,-0.241864,0.168541,Center for Epidemiologic Studies Depression Scale (CES-D),Low risk,"<p>1a.1: PY; 1a.2: PY. Quote: &quot;Using a random<br/>number generator in Stata, two authors (JEL and ILG) randomly assigned villages in a 1:1:1 ratio to one of three study groups, stratified by sub-county&quot;</p><p>1a.3: NI.  No useful information is reported to evaluate this element.</p><p>1b.1: Y. Note: from protocol it is clear that recruitment of both adults and children as well as baseline assessments, took place before randomization to study arms </p>",Low risk,"<p>2.1 a: NI; 2.1b:PY; 2.2: PY. Note: No information provided on whether participants knew that they were in a trial, due to the nature of the intervention they (as those delivering the intervention) were most likely aware of intervention allocation. Quote: &quot;Due to the nature of the intervention, masking of<br/>participants and community health volunteers who<br/>delivered the intervention was not possible&quot;</p><p>2.3: PN. Note: No evidence to suggest deviations from the intended intervention that arose because of the trial context.</p><p>2.4: NA.</p><p>2.5: NA.</p><p>2.6: Y. Note: Data was analysed on an intention-to-treat basis.</p><p>2.7: NA.</p>",Low risk,<p>3.1a PY. Note: all 60 clusters that recruited participants were analyzed; </p><p>3.1b: PY. Note: 92 participants out of 1152 were lost at followup (8%).</p><p>3.2: NA.</p><p>3.3: NA; 3.4: NA.</p>,Some concerns,"<p>4.1: PN.  The outcome measure (CES-D) is widely established and used across contexts. </p><p>4.2: PN. Note: No evidence to suggest that measurement or ascertainment of the outcome  differed between intervention groups.</p><p>4.3a: NI; 4.3b: PY. Note: No information provided on whether participants knew that they were in a trial, participants (outcome assessors) were most likely aware of the group allocation due to the nature of the intervention. Efforts were made to keep the data collection teams as masked to group status as possible. </p><p>4.4: PY; 4.5: PN. Note: Knowledge of the assigned interventio could influence participant-reported outcomes, but there is no reason to believe that it did.</p>",Low risk,"<p>5.1: PY. Note:No evidence to suggest otherwise, protocol and paper do not show discrepancies.</p><p>5.2: PN. Note:No evidence to suggest outcome selection. All outcomes mentioned in the protocol, methods and results were reported.</p><p>5.3: PN. Note: No evidence to suggest analyses selection. All analyses mentioned in the protocol, methods and results were reported.</p>",Some concerns,"<p>The study is judged to raise some concerns in one domain (4), but not to be at high risk of bias for any domain.</p>"
3,11,Depressive symptoms at 0-1 months,,SUBGROUP_AND_OVERALL,Rodriguez 2021,2021,0.0,0.0,6.78,4.2,0,27,7.42,5.4,0,27,0.0,0.0,4.29305,-0.130386,-0.664432,0.403659,Patient Health Questionnaire 9 (PHQ-9),Low risk,"<p>1.1: Y. Note: Title mentions RCT design. Quote: &quot;Students who completed the web-based baseline assessment measures were randomly assigned to a brief, 4-week internet-based mindfulness intervention (MIND), or to the intervention plus peer counselor support (MIND+).&quot; </p><p>1.2: Y. Quote: &quot;The randomization sequence was sourced through random.org [49], an automated, web-based randomization service that generates randomness using atmospheric noise. Using random.org, two 25-person blocks were used to randomize the participants into 2 equally-sized groups.&quot;</p><p>1.3: PN. Note: No significant differences at baseline.</p>",Some concerns,"<p>2.1: PY; 2.2: PY. Note: Due to the nature of the intervention, participants and the interventionists were most likely aware of the allocation.</p><p>2.3: PN. Note: No evidence to suggest issues to implement intervention. </p><p>2.4: NA</p><p>2.5: NA</p><p>2.6: NI. Note: No explicit mention of the analysis used to estimate the effect of assignment to intervention. </p><p>2.7: N. Note: There was not a substantial impact of the failure to analyze participants in the group to which they were randomized. </p>",High risk,<p>3.1: PN. Note: Drop-out: 31 of 54. </p><p>3.2: PN. Note: Proportions of lost to follow-up between control and intervention are not comparable (n= 20 and n= 11).</p><p>3.3: NI; 3.4: NI. Note: No information about documented reasons that withdrawal are related to the outcome.</p>,Some concerns,"<p>4.1: N. Note: The selected outcome method (PHQ-9) is widely validated and established. </p><p>4.2: PN. Note: No evidence to suggest differences in measurement between intervention and control.</p><p>4.3: PY. Note: Outcome assessors (participants) were most likely aware of intervention allocation.</p><p>4.4: PY; 4.5: PN. Note: Knowledge of the assigned intervention could influence participant-reported outcomes, but there is no reason to believe that it did.</p>",Low risk,"<p>5.1: PY. Note: No evidence to suggest otherwise, methods and results do not show discrepancies.</p><p>5.2: PN. Note: No evidence to suggest outcome selection.</p><p>5.3: PN. Note: No evidence to suggest analyses selection. </p>",High risk,<p>The study is judged to be at high risk of bias<b> </b>in one domain (3).</p>
3,11,Depressive symptoms at 0-1 months,,SUBGROUP_AND_OVERALL,Sangraula 2020,2020,0.0,0.0,6.2,3.7,0,7,9.3,4.3,0,7,0.0,0.0,1.41138,-0.7235,-1.817804,0.370804,Patient Health Questionnaire 9 (PHQ-9),Low risk,"<p>1a.1: PY. 1a.2: PY. Quote: &quot;A randomization procedure was used, in which names of the two VDCs were written on cards and placed into a hat. The District Public Health Officer (DPHO) was to draw one card from the hat which would be allocated as the intervention arm VDC and the VDC in the remaining card would be allocated to the control arm. Program staff, including community psychosocial workers (CPSWs) and research assistants (RAs) were only assigned to either VDC after the random drawing to reduce risk of unblinding. </p><p>1a.3: PN.  There is no evidencde to suggest problems in the randomization process</p><p>1b.1: PN. it appears the randomization was conducted prior to the recruitment of participants.</p><p>1b.2: PN. It is unlikely that the selection of inidividual participants was affected by knowledge of the intervention assigned to the cluster. </p><p>1b.3: PN. there is no evidence to indicate imbalances in baseline values to indicate differentail identification or recruitment of individual participants. </p>",Low risk,"<p>2.1 a:NI. 2.1b: PN. 2.2: PN. Quote: &quot;CPSWs, RAs, trial participants, and local mhGAP trained health workers were blinded to the allocation of the study conditions. The VDCs of the two arms were separated by another VDC which worked as a buffer and physical barrier against contamination between the two arms. CPSWs in both arms were instructed not to disclose the treatment that any participants received except with their clinical supervisors. The trial statistician was blinded to treatment arm during analysis. &quot;</p><p>2.3: NA.</p><p>2.4: NA.</p><p>2.5: NA. </p><p>2.6: PY. Data was analysed for most participants randomized.</p>",Low risk,<p>3.1a: Y. all included clusters were analyzed; </p><p>3.1b: PY. data were available for nearly all participants within the cluster</p><p>3.2: NA.</p><p>3.3: NA.</p><p>3.4: NA.</p>,Low risk,"<p>4.1: PN. The outcome measure (PHQ-9) is widely established and used across contexts, included the one of the trial</p><p>4.2: PN. No evidence to suggest that measurement or ascertainment of the outcome differed between intervention groups.</p><p>4.3a:NI. 4.3b: PN.  No information provided on whether participants knew that they were in a trial, participants (outcome assessors) were blinded</p>",Low risk,"<p>5.1: PY. No evidence to suggest otherwise, protocol and paper do not show discrepancies.</p><p>5.2: PN. No evidence to suggest outcome selection. All outcomes mentioned in the protocol, methods and results were reported.</p><p>5.3: PN. No evidence to suggest analyses selection. All analyses mentioned in the protocol, methods and results were reported.</p>",Low risk,<p>The study is judged to be at low risk of bias for all domains.</p>
3,11,Depressive symptoms at 0-1 months,,SUBGROUP_AND_OVERALL,Song 2019,2019,0.0,0.0,4.87,3.22,0,60,5.7,3.6,0,60,0.0,0.0,6.600216,-0.241477,-0.600662,0.117708,Geriatric Depression Scale (GDS),Low risk,"<p>1.1: Y; 1.2: PY. Note: Block randomization, computer-generated random list. Using opaque and sealed envelopes for group allocation code keeping. This was done by a person not involved in data collection. </p><p>1.3: N. Quote: &quot;No considerable differences were observed between the intervention and control groups in terms of demographic characteristics, baseline outcome and mediating variables.&quot;</p>",Low risk,<p>2.1: Y; 2.2: PY. Note: Due to the nature of the intervention participants were most likely aware of their allocation. </p><p>2.3: PN. Note: No evidence to suggest issues in recruitment and engagement nor failures to implement intervention</p><p>2.4: NA.</p><p>2.5: NA.</p><p>2.6: Y. Note: An ITT analysis was conducted.</p><p>2.7: NA.</p>,Low risk,"<p>3.1: PY. Note: Data at end line was missing, due to withdrawal or loss to follow-up, for 29 participants (circa 24%). </p><p>3.2: NA.</p><p>3.3: NA.</p><p>3.4: NA.</p>",Some concerns,"<p>4.1: PN. Quote: &quot;GDS is easy to administer and is a valid tool for assessing depressive symptoms in individuals with mild cognitive impairment&quot;; The Cronbach’s alpha in this study was 0.784.</p><p>4.2: PN. Note:  No evidence to suggest differences in measurement between intervention and control.</p><p>4.3: PY. Note: Outcome assessors (participants) were most likely aware of intervention allocation. Researchers involved in data collection were blinded to group allocation.</p><p>4.4: PY; 4.5: PN. Note: Knowledge of the assigned intervention could influence participant-reported outcomes, but there is no reason to believe that it did.</p>",Low risk,"<p>5.1: PY. Note: no evidence to suggest otherwise, methods and results do not show discrepancies. </p><p>5.2: PN. Note: No evidence to suggest outcome selection. All outcomes mentioned in the methods are reported.</p><p>5.3: PN. Note: No evidence to suggest analyses selection. All analyses mentioned in the methods were reported. </p>",Some concerns,"<p>The study is judged to raise some concerns in one domain (4), but not to be at high risk of bias for any domain.</p>"
3,11,Depressive symptoms at 0-1 months,,SUBGROUP_AND_OVERALL,Ward 2020,2020,0.0,0.0,8.75,8.44,0,148,10.9,10.48,0,128,0.0,0.0,8.801268,-0.227118,-0.46446,0.010224,Beck’s Depression Inventory (BDI),Low risk,<p>1.1: PY; 1.2: PY.  Quote: &quot;Randomization was conducted after data collection by an off-site statistician with no other contact with the trial&quot;.&quot;</p><p>1.3: PN. Baseline characteristics were overall comparable across groups as demonstrated by Table 1.</p>,High risk,"<p>2.1: PY; 2.2: PY.  Due to the nature of the intervention participants and personnel were moslt likely aware of their assigned intervention.</p><p>2.3: PY. There is some evidence to suggest possible contamination between the intervention and control group. Quote: &quot;In addition, in the dense living environments of informal settlements, it is possible that there was contamination between intervention and control groups.&quot;</p><p>2.4: PY. Contamination could have affected the outcomes.</p><p>2.5: PY. Contamination is more liekly to affect the participants in the control group.</p><p>2.6: PY. No explicit mention of the analysis used to estimate the effect of assignment to intervention, but data was analyzed for almost all randomized participants. Quote: &quot;For caregiver self-report, the follow-up rate was 97.0% at t1 and 91.9% at t&quot;. </p><p>2.7: NA.</p>",Low risk,"<p>3.1: PY.  Data was availalble for almost all randomized participants. Quote: &quot;For caregiver self-report, the follow-up rate was 97.0% at t1 and 91.9% at t&quot;</p><p>3.2: NA. </p><p>3.3: NA.</p><p>3.4: NA.</p>",Some concerns,"<p>4.1: PN. The selected outcome method is widely validated and established across contexts and demonstrated good psychometric properties in the study</p><p>4.2: PN. Note: No evidence to suggest differences in measurement between intervention and control. </p><p>4.3: PY. Outcome assessors (participants) were most likely aware of intervention allocation. </p><p>4.4: PY. Knowledge of the assigned intervention could influence participant-reported outcomes, but there is no reason to believe that it did</p><p>4.5: PN.</p>",Low risk,"<p>5.1: PY.  No evidence to suggest otherwise, methods and results do not show discrepancies.. </p><p>5.2: PN. No evidence to suggest outcome selection.. </p><p>5.3: PN. No evidence to suggest analyses selection. All analyses mentioned in the methods were reported.. </p>",High risk,<p>The study is judged to be at high risk of bias<b> </b>in one domain (2).</p>
3,11,Depressive symptoms at 0-1 months,,SUBGROUP_AND_OVERALL,Yeomans 2010,2010,0.0,0.0,1.76,0.62,0,38,1.83,0.67,0,38,0.0,0.0,5.268318,-0.107343,-0.557331,0.342645,Depression Subscale of the Hopkins Symptom Checklist-25 (HSCL),Low risk,"<p>1.1: Y; 1.2: NI.Note: Title mentions RCT design. No further information.  </p><p>1.3: N. Quote: &quot;There  were no significant baseline differences between the three treatment groups across age, gender, ethnicity, symptoms, education level, traumatic events experienced, or on prior exposure to trauma discourse&quot;</p>",Some concerns,"<p>2.1: Y; 2.2: PY. Quote: &quot;Participants (...) were informed of random allocation procedures&quot;. Due to the nature of the intervention, the interventionists were most likely aware of the allocation. </p><p>2.3: PN. Note: No evidence to suggest issues to implement intervention</p><p>2.4: NA.</p><p>2.5: NA. </p><p>2.6: NI. Note: No explicit mention of the analysis used to estimate the effect of assignment to intervention</p><p>2.7: NA. Note: There was not a substantial impact of the failure to analyse participants in the group to which they were randomized</p>",Low risk,<p>3.1: Y. Note:  Lost to follow-up: 7 of 120</p><p>3.2: NA.</p><p>3.3: NA.</p><p>3.4: NA.</p>,Some concerns,"<p>4.1: N. Note: The selected outcome method (HSCL-25) is widely validated and established across multiple languages.</p><p>4.2: PN. Note: No evidence to suggest differences in measurement between intervention and control.</p><p>4.3: PY. Note: Outcome assessors (participants) were most likely aware of intervention allocation. </p><p>4.4: PY; 4.5: PN. Note: Knowledge of the assigned intervention could influence participant-reported outcomes, but there is no reason to believe that it did.</p>",Low risk,"<p>5.1: PY. Note: No evidence to suggest otherwise, methods and results do not show discrepancies. </p><p>5.2: PN. Note: No evidence to suggest outcome selection. All outcomes mentioned in the methods and results were reported. </p><p>5.3: PN. Note: No evidence to suggest analyses selection. All analyses mentioned in the methods were reported. </p>",Some concerns,"<p>The study is judged to raise some concerns in two domains (2 and 4), but not to be at high risk of bias for any domain.</p>"
3,12,Depressive symptoms at 1-6 months,,SUBGROUP_AND_OVERALL,Acarturk 2022,2022,0.0,0.0,4.928,5.048,0,262,6.694,6.694,0,262,0.0,0.0,10.445967,-0.29746,-0.469654,-0.125265,Patient Health Questionnaire 9 (PHQ-9),Low risk,"<p>1.1: Y. Quote: &quot;Participants were randomly assigned either to the Self-Help Plus arm or to ECAU only, in a 1:1 ratio.&quot; 1.2: Y. Quote &quot;The randomization schedule was generated by Castor Electronic Data Capture (EDC). (..)  Research team members involved in<br/>recruitment were able to access the web-based software to randomize each newly enrolled participant, but were not able to access the randomization list, and were not aware of the block size.&quot;</p><p>1.3: N. Note: No significant differences at baseline. </p>",Low risk,<p>2.1: PY; 2.2: PY. Note: Due to the nature of the intervention participants and the interventionists were most likely aware of the allocation.</p><p>2.3: PN. Note: No evidence to suggest issues to implement intervention.</p><p>2.4: NA.</p><p>2.5: NA.</p><p>2.6: Y. Quote: &quot;We followed an intent-to-treat approach for analysis of primary and secondary outcomes&quot;</p><p>2.7: NA.</p>,Low risk,<p>3.1: PY. Quote: &quot; The distribution of participants lost to follow-up was similar between the study groups (15.53% vs. 14.06%)&quot;</p><p>3.2: NA.</p><p>3.3: NA.</p><p>3.4: NA.</p>,Some concerns,"<p>4.1: N. Note: The selected outcome method (PHQ-9) is widely validated and established.</p><p>4.2: PN. Note: No evidence to suggest differences in measurement between intervention and control. </p><p>4.3: PY. Note: Outcome assessors (participants) were most likely aware of intervention allocation. </p><p>4.4: PY; 4.5: PN. Note: Knowledge of the assigned intervention could influence participant-reported outcomes, but there is no reason to believe that it did.</p>",Low risk,"<p>5.1: PY. Note: no evidence to suggest otherwise, methods and results do not show discrepancies. </p><p>5.2: PN. Note: No evidence to suggest outcome selection. All outcomes mentioned in the methods are reported.</p><p>5.3: PN. Note: No evidence to suggest analyses selection. All analyses mentioned in the methods were reported. </p>",Some concerns,"<p>The study is judged to raise some concerns in one domain (4), but not to be at high risk of bias for any domain.</p>"
3,12,Depressive symptoms at 1-6 months,,SUBGROUP_AND_OVERALL,Chaharrahifard 2021,2021,0.0,0.0,8.33,4.7,0,27,14.16,5.51,0,25,0.0,0.0,6.652372,-1.124831,-1.713474,-0.536188,Edinburgh Postnatal Depression Scale (EPDS),Low risk,<p>1.1: Y. Note: Title mentions RCT design; Quote: &quot;the samples were randomly assigned to two groups of received counseling (intervention) and non-received counseling (control) by four-sized randomized blocks.&quot;</p><p>1.2: Y. Quote: &quot;The details of blocks were contained in asset of sealed.</p><p>1.3: N. Quote: &quot;There was not significant difference between the demographic characteristics in the control and intervention group.&quot;</p>,Some concerns,"<p>2.1: PY; 2.2: PY. Note: Due to the nature of the intervention, participants and the interventionists were most likely aware of the allocation.</p><p>2.3: PN. Note: No evidence to suggest issues to implement intervention.</p><p>2.4: NA</p><p>2.5: NA</p><p>2.6: NI. Note: No explicit mention of the analysis used to estimate the effect of assignment to intervention. </p><p>2.7: N. Note: There was not a substantial impact of the failure to analyse participants in the group to which they were randomized.</p>",Low risk,<p>3.1: PY. Note: Drop-out rate: 21%. </p><p>3.2: NA</p><p>3.3: NA</p><p>3.4: NA</p>,Some concerns,"<p>4.1: N. Note: The selected outcome method (EPDS) is widely validated and established.</p><p>4.2: PN. Note: No evidence to suggest differences in measurement between intervention and control.</p><p>4.3: PY. Note: Outcome assessors (participants) were most likely aware of intervention allocation.</p><p>4.4: PY; 4.5: PN. Note: Knowledge of the assigned intervention could influence participant-reported outcomes, but there is no reason to believe that it did.</p>",Low risk,"<p>5.1: PY. Note: No evidence to suggest otherwise, methods and results do not show discrepancies.</p><p>5.2: PN. Note: No evidence to suggest outcome selection. All outcomes mentioned in the methods and results were reported.</p><p>5.3: PN. Note: No evidence to suggest analyses selection. All outcomes mentioned in the methods and results were reported.</p>",Some concerns,"<p>The study is judged to raise some concerns in two domains (2 and 4), but not to be at high risk of bias for any domain.</p>"
3,12,Depressive symptoms at 1-6 months,,SUBGROUP_AND_OVERALL,Chew 2018,2018,0.0,0.0,6.3,4.2,0,43,6.0,5.0,0,49,0.0,0.0,8.365605,0.064062,-0.3456,0.473724,Edinburgh Postnatal Depression Scale (EPDS),Low risk,"<p>1a.1: Y; 1a.2: PY.  Note: Title mentions RCT design. <br/>Quote: &quot;In assigning the HCs to the VEMOFIT group (VG) or attention-control groups (AG), randomisation will be carried out after stratification by cluster size and geographical areas of the 10 HCs.&quot;</p><p>Quote: &quot;A member of the Data Management Services team at the University Medical center, Ultrecht will carry out the randomisation.&quot;</p><p>1.3: NI.  Note: No useful information is reported to evaluate this element</p><p>1b.1: PY. Seems that participants were recruited after randomization. </p>",Low risk,<p>2.1a: PY. 2.1b: PN. Quote: &quot;We use a modified informed consent procedure to ensure that patients are unware of the two different intervention programmes&quot;.<br/>2.2.: Y. Nurses were trained to deliver the intervention. </p><p>2.3: PN. Note: No evidence to suggest deviations from the intended intervention that arose because of the trial context.</p><p>2.4: NA.</p><p>2.5: NA.</p><p>2.6: Y. Note: The analysis was carried out on an intention to treat basis.</p><p>2.7: NA.</p>,Low risk,"<p>3.1a: PY. All 10 clusters that recruited participants were analyzed. <br/>3.1b: PN. 92 from intervention group (n = 145) and 79 from control group (n = 150) did not receive allocated intervention. In addition to the 33 people lost to follow up at 12 months, 5 additional missing data were noted with regard to PHQ-9.</p><p>3.2: PN. No evidence that the result was not biased by missing data.</p><p>3.3: PN; 3.4: NA. Note: Missingness in the outcome do not depend on its true value. </p>",Low risk,"<p>4.1: N. Note: The selected outcome method (Malay Brief Illness Perception Quetsionnaire, MBIPQ) is validated and established.</p><p>4.2: PN.  Note: No evidence to suggest differences in measurement between intervention and control</p><p>4.3a: PY.Outcome assessors (participants) were most likeley aware that a trial was taking a place.<br/>4.3b: PN. Quote: &quot;We use a modified informed consent procedure to ensure that patients are unware of the two different intervention programmes&quot;</p><p>4.4: NA.</p><p>4.5: NA.</p>",Low risk,<p>5.1: PY.  Note: Protocol is available. </p><p>5.2: PN.  Note: No evidence to suggest outcome selection. Almost all outcomes mentioned in the methods and protocol were reported (It is not reported &quot;heath-care utilization hospital&quot; that is a secondary outcome). </p><p>5.3: PN. Note: No evidence to suggest analyses selection. All outcomes mentioned in the methdis and protocol were reported. </p>,Low risk,<p>The study is judged to be at low risk of bias for all domains.</p>
3,12,Depressive symptoms at 1-6 months,,SUBGROUP_AND_OVERALL,Cooper 2009,2009,0.0,0.0,2.78,4.54,0,170,3.91,5.8,0,184,0.0,0.0,10.18783,-0.215475,-0.424589,-0.00636,Patient Health Questionnaire 9 (PHQ-9),Low risk,"<p>1.1: PY; 1.2: PY.  Quote:&quot;minimization was conducted to the trial manager who then communicated the group assignment&quot;</p><p>1.3: PN.  Quote: &quot;The randomisation process resulted in<br/>closely equivalent groups in terms of demographic<br/>variables.&quot;; p-values are not reported in table 1, however values are very much comparable</p>",Some concerns,<p>2.1: PY; 2.2: PY.  Note: Due to the nature of the intervention participants and the interventionists were most likely aware of the intervention. </p><p>2.3: PN. Note: No evidence to suggest issues to implement intervention</p><p>2.4: NA.</p><p>2.5: NA.</p><p>2.6: NI.  Note: No specification given on the analysis approach </p><p>2.7: PN.</p><p> </p>,Low risk,"<p>3.1: PY. Note: At 12 months, data is avaiable for 170 participants in intervention and 184 in control, from the 449 radomized individuals 95 were lost at this follow-up (21%) </p><p>3.2: NA.</p><p>3.3: NA.</p><p>3.4: NA.</p>",Some concerns,"<p>4.1: N. Note: &quot;We<br/>also obtained a continuous measure of depressive<br/>symptoms by incorporating the 10 items from the<br/>Edinburgh postnatal depression scale, each scored<br/>0-3, into the structured clinical interview for DSM-IV.&quot;; The EPDS is a well validated and widely adapted measure for the assesment of maternal depression</p><p>4.2: PN. Note: No evidence to suggest differences in measurament between intervention and control; &quot;Mothers and infants in the intervention and controls<br/>groups visited the research unit on an equal number<br/>of occasions and for equivalent lengths of time, and<br/>their experience of the assessment procedures, including<br/>the video recording, was similarly equivalent.&quot;</p><p>4.3: PY. Note: Outcome assessors (that given the RoB guidelines are the participants) were most likely aware of intervention allocation. Researchers involved in data collection were blinded to group allocation.</p><p>4.4: PY.  Note: Knowledge of intervention could influence participant-reported outcomes</p><p>4.5: PN.</p>",Some concerns,"<p>5.1: PY.  Note: No evidence to suggest otherwise, methods and results vs. protocol do not show discrepancies</p><p>5.2: PN.  Note: No evidence to suggest outcome selection. All outcomes mentioned in the methods and protocol were reported. </p><p>5.3: PN. Note: No evidence to suggest selection of analyses.</p>",Some concerns,"<p>The study is judged to raise some concerns in three domains (2, 4, 5), but not to be at high risk of bias for any domain.</p>"
3,12,Depressive symptoms at 1-6 months,,SUBGROUP_AND_OVERALL,Eloff 2014,2014,0.0,0.0,12.07,11.67,0,161,13.77,11.05,0,169,0.0,0.0,10.134589,-0.149349,-0.365502,0.066803,Center for Epidemiologic Studies Depression Scale (CES-D),Low risk,<p>1.1: Y; 1.2: PY. Quote: &quot;mother-child pairs were randomized to either the intervention or standard conditions using a block randomization process and table of random numbers with 30 subkects in each block&quot;.</p><p>1.3: N. Note: Not significant differences at baseline.</p>,Some concerns,<p>2.1: PY; 2.2: PY. Note: Due to the nature of the intervention participants were most likely aware of their assigned intervention.</p><p>2.3: NI. Note: No information provided. </p><p>2.4: NA.</p><p>2.5: NA.</p><p>2.6: NI. Note: no information provided.</p><p>2.7: PN. Note: There is no reason to believe it.</p>,Low risk,<p>3.1: PY. Note: 28 of 160 mothers and 10 of 152 children drop-out in experimental group. 5 of 161 mothers and 17 of 151 children drop-out from usual care. </p><p>3.2: NA.</p><p>3.3: NA.</p><p>3.4: NA.</p>,Some concerns,"<p>4.1: N. Note: The selected outcome method is widely validated and established.</p><p>4.2: N. Note: No evidence to suggest differences in measurement between intervention and control. </p><p>4.3: PY. Note: No information provided.  </p><p>4.4: PY; 4.5: PN. Note: Knowledge of the assigned intervention could influence participant-reported outcomes, but there is no reason to believe that it did.</p>",Low risk,"<p>5.1: PY. Note: no protocol available. No evidence to suggest otherwise, methods and results do not show discrepancies. </p><p>5.2: PN. Note: No evidence to suggest outcome selection. All outcomes mentioned in the methods and results were reported. </p><p>5.3: PN. Note: No evidence to suggest analyses selection. All analyses mentioned in the methods  and results were reported. </p>",Some concerns,"<p>The study is judged to raise some concerns in two domains (2 and 4), but not to be at high risk of bias for any domain.</p>"
3,12,Depressive symptoms at 1-6 months,,SUBGROUP_AND_OVERALL,Rajeswari 2020,2020,0.0,0.0,6.9,2.45,0,120,10.54,2.71,0,119,0.0,0.0,9.571374,-1.404899,-1.688486,-1.121313,Edinburgh Postnatal Depression Scale (EPDS),Some concerns,"<p>1.1: PY; 1.2: NI. Quote: &quot;The women were assigned using a lottery method to intervention and control groups, 125 in each group&quot;</p><p>1.3: PN. Quote: &quot;Majority were in the age group of 25–29 years (intervention group 60 [48%]; control group 57 [45.60%]).It was seen that 37 (29.60%) in the intervention group and 35 (28.0%) in the control group had high school education, 63 (50.40%) of the intervention group and 59 (47.20%) of the control group were residing in suburban area, 72 (57.60%) in the intervention group and 68 (54.40%) in the control group belonged to nuclear families.; &quot;No formal testing is reported</p>",Low risk,"<p>2.1: PY. 2.2: Y.  Note: Due to the nature of the intervention participants were most likely aware of the intervention. Research team members were aware of the intervention during its delivery.</p><p>2.3: PN. Note: No evidence of deviations</p><p>2.4: NA.</p><p>2.5: NA.</p><p>2.6: PY. No mention of approach to estimate effect of assignment to intervention. Out of the 250 participants randomized, 239 were analyzed.</p><p>2.7: NA.</p>",Low risk,"<p>3.1: Y. Note: 125 randomized to intervention, 120 analysed at follow-up. 125 allocated to control, 119 analysed (about 4% were lost)</p><p>3.2: NA.</p><p>3.3: NA.</p><p>3.4: NA.</p>",Some concerns,"<p>4.1: N. Quote: &quot;It is a standardized tool and the original tool had established validity, the “r” obtained was 0.83.&quot;</p><p>4.2: PN. Note: no evidence to suggest differences in measurement between intervention and control.</p><p>4.3: PY. Note: Outcome assessors (mothers) were most likely aware of intervention allocation.</p><p>4.4: PY. Note: Knowledge of the assigned intervention could influence participant-reported outcomes, but there is no reason to believe that it did</p><p>4.5: PN.</p>",Low risk,"<p>5.1: PY.  Note: no evidence to suggest otherwise, methods and results do not show discrepancies.</p><p>5.2: PN.  Note: No evidence to suggest outcome selection. All outcomes mentioned in the methods were reported. </p><p>5.3: PN. Note: no evidence to suggest analyses selection. All outcomes mentioned in the methods and results were reported. </p>",Some concerns,"<p>The study is judged to raise some concerns in two domains (1 and 4), but not to be at high risk of bias for any domain.</p>"
3,12,Depressive symptoms at 1-6 months,,SUBGROUP_AND_OVERALL,Rong 2021a,2021,0.0,0.0,7.16,3.16,0,32,8.03,4.08,0,32,0.0,0.0,7.558912,-0.235519,-0.727316,0.256279,Edinburgh Postnatal Depression Scale (EPDS),Low risk,"<p>1.1: PY; 1.2.PY. Quote: &quot;All participants were numbered and randomly assigned by a member of the yoga exercise research team using a random number table, and the information about numbering was placed in a sealed envelope beforehand.&quot;</p><p>1.3: PN. Note: Baseline characteristics were overall comparable across groups, as demonstrated by Table 2.</p>",Low risk,"<p>2.1:PY; 2.2: PY. Note: Due to the nature of the intervention, participants and personnel were most likely aware of their assigned intervention. </p><p>2.3: PN. Note: No evidence to suggest issues in recruitment and engagement, nor failures to implement intervention allowed by the protocol.</p><p>2.4: NA</p><p>2.5: NA</p><p>2.6: Y. Note: The data were analyzed on an intention-to-treat basis.</p><p>2.7: NA</p>",Low risk,"<p>3.1: PY: Note: Data was available for almost all randomized participants (7 out of 64 were lost at follow-up, 115).</p><p>3.2: NA</p><p>3.3: NA</p><p>3.4: NA</p>",Some concerns,"<p>4.1: PN. Note: The selected outcome method is widely validated and established and demonstrated good psychometric properties in the study. </p><p>4.2: PN. Note: No evidence to suggest differences in measurement between intervention and control.</p><p>4.3: PY. Note: Outcome assessors (participants) were most likely aware of intervention allocation.</p><p>4.4: PY; 4.5: PN. Note: Knowledge of the assigned intervention could influence participant-reported outcomes, but there is no reason to believe that it did.</p>",Low risk,"<p>5.1: PY. Note: No evidence to suggest otherwise, methods and results do not show discrepancies.</p><p>5.2: PN. No evidence to suggest outcome selection.</p><p>5.3: PN. No evidence to suggest analyses selection. All analyses mentioned in the methods were reported.</p>",Some concerns,"<p>The study is judged to raise some concerns in one domain (4), but not to be at high risk of bias for any domain.</p>"
3,12,Depressive symptoms at 1-6 months,,SUBGROUP_AND_OVERALL,Rong 2021b,2021,0.0,0.0,6.0,3.7,0,74,7.6,4.4,0,72,0.0,0.0,9.164502,-0.392008,-0.719641,-0.064376,Patient Health Questionnaire 9 (PHQ-9),Low risk,"<p>1.1: Y; 1.2: Y. Note: Title mentions RCT design. Quote: &quot;Eligible participants were randomly assigned to the intervention ( n = 74) and control ( n = 72) groups according to the randomization results, which were sealed in an opaque envelope delivered by the co-investigators.&quot;. Quote: &quot;The randomization coding list was generated by a simple randomization allocation method, the PLAN procedure (SAS, version 9.4, USA).&quot;</p><p>1.3: PN. Note: No significant differences at baseline. </p>",Some concerns,<p>2.1: Y; 2.2: Y. Quote: &quot;Neither the students nor their teachers were blind to the allo- cated group due to the interactive schedules between the two groups&quot;</p><p>2.3: PY. Note: NCT registration describes the &quot;control group&quot; as a &quot;no intervention&quot; but the paper describes this group as &quot;active control&quot;. Quote: &quot;Students in the control group were also guided by a teacher and were encouraged to discuss their difficulties in clinical work and school life.&quot;</p><p>2.4: PN. Changes from assigned control that are inconsistent with the trial protocol are not more likely to impact on the intervention effect estimate.</p><p>2.5: NA</p><p>2.6: NI. Note: No explicit mention of the analysis used to estimate the effect of assignment to intervention.</p><p>2.7: N. Note: There was not a substantial impact of the failure to analyze participants in the group to which they were randomized.</p>,Low risk,<p>3.1: Y. Note: Drop-out: 0.</p><p>3.2: NA</p><p>3.3: NA</p><p>3.4: NA</p>,Some concerns,"<p>4.1: N. Note: The selected outcome method (PHQ-9) is widely validated and established.</p><p>4.2: PN. Note: No evidence to suggest differences in measurement between intervention and control.</p><p>4.3: PY. Note: Outcome assessors (participants) were most likely aware of intervention allocation. Quote: &quot;All participants were asked to complete the self-assessment scales and provide their individual randomized number on the questionnaires that were administered before and one months after the whole intervention courses&quot;</p><p>4.4: PY; 4.5: PN. Note: Knowledge of the assigned intervention could influence participant-reported outcomes, but there is no reason to believe that it did</p>",Low risk,"<p>5.1: PY. Note: No evidence to suggest otherwise, methods and results do not show discrepancies.</p><p>5.2: PN. Note: No evidence to suggest outcome selection. All outcomes mentioned in the methods and results were reported.</p><p>5.3: PN. Note: No evidence to suggest analyses selection. All outcomes mentioned in the methods and results were reported.</p>",Some concerns,"<p>The study is judged to raise some concerns in two domains (2 and 4), but not to be at high risk of bias for any domain.</p>"
3,12,Depressive symptoms at 1-6 months,,SUBGROUP_AND_OVERALL,Singla 2015,2015,0.0,0.0,15.36,12.51,0,105,18.61,10.44,0,86,0.0,0.0,9.54574,-0.278465,-0.564908,0.007978,Center for Epidemiologic Studies Depression Scale (CES-D),Low risk,"<p>1a.1: Y; 1a.2: PY. Note: Randomization was done using computer-generated random numbers by authors not involved in the direct implementation of the intervention </p><p>1a.3: NI. Note: No useful information is reported to evaluate this element</p><p>1b.1: N: particpants were recruited after randomization; </p><p>1b.2: PN- there is no evidence to suggest that selection of individual participants was affected by knoweldge of the intervention assigned to the cluster;</p><p>1b.3:PN - groups were comparable at baseline, observed differences are compatible with chance in a cluster design. </p>",Low risk,<p>2.1a: NI. No information provided on whether participants for which we are analysing the outcome (parents)  knew that they were in a trial. 2.1b: PY; 2.2: PY. Quote: &quot;participants (mothers) and implementers were aware of the programme&quot;</p><p>2.3: PN. Note: No evidence to suggest deviations from the intended intervention that arose because of the trial context </p><p>2.4: NA.</p><p>2.5: NA.</p><p>2.6: Y. Note: Data was analysed on an intention-to-treat basis.</p><p>2.7: NA. </p>,Some concerns,"<p>3.1a PN: data was not avaiable for one cluster out of 12. Quote. &quot;(15 participants) was removed from the intervention<br/>group because the community volunteer only implemented three sessions before leaving his community&quot; ; </p><p>3.1b PY: data were avaiable for almost all randomized participants. Quote: &quot;At endline, our final sample included 291 (84%) mother–child dyads&quot;</p><p>3.2: PN. Note: No evidence that the result was not biased by missing data</p><p>3.3: PY; 3.4: PN. Note: Reasonons for missingness reported indicate that it could depend on its true value, but it is unlikely that it does. The cluster was dropped because the community volounteer leaft the village before completing the intervention</p>",Some concerns,"<p>4.1: PN. Note: The outcome measure is widely established and validated for use across different contexts, included the one of the trial.</p><p>4.2: PN. Note: No evidence to suggest that.</p><p>4.3a: NI; 4.3b: PY. Note: No information provided on whether participants knew that they were in a trial, participants were most likely aware of the group allocation due to the nature of the intervention </p><p>4.4: PY, 4.5: PN. Note: Knowledge of the assigned intervention could influence participant-reported outcomes, but there is no reason to believe that it did.</p>",Low risk,"<p>5.1: PY. Note: No evidence to suggest otherwise, protocol and final article not show discrepancies. </p><p>5.2: PN. Note: No evidence to suggest outcome selection. Further outcomes than those mentioned in the protocol were reported.</p><p>5.3: PN. Note: No evidence to suggest analyses selection. All analyses mentioned in the methods and results were reported.</p>",Some concerns,"<p>The study is judged to raise some concerns in two domains (3 and 4), but not to be at high risk of bias for any domain.</p>"
3,12,Depressive symptoms at 1-6 months,,SUBGROUP_AND_OVERALL,Srisuwan 2020,2020,0.0,0.0,3.5,2.37,0,40,2.33,1.82,0,37,0.0,0.0,7.91114,0.545359,0.089641,1.001077,Hospital Anxiety and Depression Scale (HADS),Low risk,"<p>1.1: PY; 1.2: PY. Quote: &quot;After informed consent, participants were randomly allocated to either: intervention group; or control group on 1:1 basic using simple randomization methods. Randomization was carried out by a Clinical Trials Manager who was blinded to patient status throughout the study&quot;</p><p>1.3: N. Note: Baseline characteristics are comparable across groups.</p>",Some concerns,<p>2.1: PY; 2.2: PY. Note: Due to the nature of the intervention participants and personnel were most likely aware of allocation.</p><p>2.3: PN. No evidence to suggest issues to implement intervention</p><p>2.4: NA.</p><p>2.5: NA.</p><p>2.6: NI. No explicit mention of the analysis used to estimate the effect of assignment to intervention. Quote: &quot;Participants in the intervention groupwho attended less than 80% of the sessions (4 sessions) were not included in the analysis&quot;</p><p>2.7: PN. Note: No evidence to suggest analysis in the wrong group or exclusion of participants that could have had a substantial impact on the results. Data was analyzed for 76 out of the 80 participants randomized (95%) - 1 year follow-up. </p>,Low risk,<p>3.1: Y. Quote: &quot;77 (96.2%) participants performedthe 6-month follow-up and 76 (95%) participants completed the 1-year follow-up&quot;</p><p>3.2: NA.</p><p>3.3: NA.</p><p>3.4: NA.</p>,Some concerns,"<p>4.1: PN. Note: The selected outcome method (HADS) is widely validated and established.</p><p>4.2: PN. Note: No evidence to suggest differences in measurement between intervention and control. </p><p>4.3: PY. Note: Outcome assessors (participants) were most likely aware of intervention allocation. Interviewers were blind to allocation.</p><p>4.4: PY; 4.5: PN. Note: Knowledge of the assigned intervention could influence participant-reported outcomes, but there is no reason to believe that it did</p>",Low risk,"<p>5.1: PY. Note: No evidence to suggest otherwise, methods and results do not show discrepancies. </p><p>5.2: PN. Note: No evidence to suggest outcome selection. All outcomes mentioned in the methods are reported.</p><p>5.3: PN. Note: No evidence to suggest analyses selection. All analyses mentioned in the methods were reported. </p>",Some concerns,"<p>The study is judged to raise some concerns in two domains (2 and 4), but not to be at high risk of bias for any domain.</p>"
3,12,Depressive symptoms at 1-6 months,,SUBGROUP_AND_OVERALL,Xu 2021,2021,0.0,0.0,5.77,3.81,0,268,7.07,4.53,0,272,0.0,0.0,10.461968,-0.309965,-0.479673,-0.140256,Patient Health Questionnaire 9 (PHQ-9),Low risk,<p>1a.1: Y; 1a.2: Y. Quote: &quot;The randomization sequence was generated by a research statistician who had no contact with the participants. One of the corresponding authors randomly assigned (1:1) the 48 communities to receive either CBT plus UC (intervention group) or UC only (control group) using a random digit table&quot;.</p><p>1a.3: NI. No useful information is reported to evaluate this element.</p><p>1b.1: Y. Individual participants were identified before randomization of clusters</p><p>1b.2: NA.</p><p>1b.3: NA. </p>,Low risk,"<p>2.1 a: NI; 2.1b: PY; 2.2: PY. No information provided on whether participants knew that they were in a trial, due to the nature of the intervention they (as those delivering the intervention) were aware of intervention allocation.</p><p>2.3: PN. No evidence to indicate deviations from protocol.</p><p>2.4: NA..</p><p>2.5: NA. 2.6: PY. Data were analysed for most randomized participants. </p><p>2.7: NA.</p>",Low risk,<p>3.1a: PY. All included clusters were analyzed</p><p>3.1b: PY. Data were available for nearly all participants within the cluster.Quote:&quot;86.3% of response rate&quot;.</p><p>3.2: NA. 3.3: NA. 3.4: NA.</p>,Some concerns,"<p>4.1: N. The outcome measure is widely established and validated for use across different contexts, including that of application.</p><p>4.2: PN. No evidence to suggest that measurement or ascertainment of the outcome differed between intervention groups.</p><p>4.3a: NI; 4.3b: PY. No information provided on whether participants knew that they were in a trial, participants (outcome assessors) were most likely aware of the group allocation due to the nature of the intervention.</p><p>4.4: PY; 4.5: PN. Knowledge of the assigned intervention could influence participant-reported outcomes, but there is no reason to believe that it did.</p>",Low risk,"<p>5.1: PY. No evidence to suggest otherwise, methods and results do not show discrepancies.</p><p>5.2: PN. No evidence to suggest outcomes selection. All outcomes mentioned in the methods and results were reported.</p><p>5.3: PN. No evidence to suggest analyses selection. All outcomes mentioned in the methods and results were reported<b>.</b></p>",Some concerns,"<p>The study is judged to raise some concerns in one domain (4), but not to be at high risk of bias for any domain.</p>"
3,13,Depressive symptoms at 7-24 months,,SUBGROUP_AND_OVERALL,Baumgartner 2021,2021,0.0,0.0,1.96,2.92,0,104,1.4,2.65,0,70,0.0,0.0,9.934208,0.19808,-0.105661,0.50182,Patient Health Questionnaire 9 (PHQ-9),Low risk,"<p>1a.1: PY; 1a.2: PY. Researchers performed stratified constrained randomization. This was carried out through software. Quote: &quot;Constrained randomization was implemented using the cvcrand Stata package by the US-based team&quot;. 1a.3: NI.  No useful information is reported to evaluate this element. 1b.1: PN. It appears the randomization was conducted prior to the recruitment of participants: 1b.2: PN. It is unlikely that the selection of individual participants was affected by knowledge of the intervention assigned to the cluster. 1b.3: PN. There were some baseline imbalances that were compatible with chance, there is no evidence to indicate differential identification or recruitment of individual participants. </p>",Some concerns,"<p>2.1 a: NI; 2.1b: PY; 2.2: PY. No information was provided on whether participants knew that they were in a trial, due to the nature of the intervention they (as those delivering the intervention) were most likely aware of intervention allocation. 2.3: PY. The low literacy of the lay providers could have impacted implementation fidelity. Quote: &quot;This strategy supported the potential sustainability of the intervention but came with literacy challenges for delivering the iMBC content with full fidelity&quot;. 2.4: PN. No evidence to suggest deviations from the intended intervention would have influenced the outcomes. 2.5: NA. 2.6: PY. Data were analysed for most randomized participants. 2.7: NA.</p>",Low risk,"<p>3.1a: PY. All included clusters were analyzed. 3.1b: PY. Data were available for nearly all participants within the cluster. Quote: &quot;303 (81%), 313 (83.7%), and 266 (71.1%) participants were followed up at the mini-survey, imme- diate post-intervention survey (follow-up 1), and the 8-month post- intervention survey (follow-up 2) time points, respectively &quot;. 3.2: NA. 3.3: NA. 3.4: NA.</p>",Some concerns,"<p>4.1: N. The outcome measure is well established and reported good psychometric properties in this sample. 4.2: PN. No evidence to suggest differences in measurement between intervention and control. 4.3A: NI; 4.3b: PY. No information provided on whether participants knew that they were in a trial, participants (outcome assessors) were most likely aware of the group allocation due to the nature of the intervention. 4.4: PY; 4.5: PN. Knowledge of the assigned intervention could influence participant-reported outcomes, but there is no reason to believe that it did.</p>",Low risk,"<p>5.1: PY. No evidence to suggest otherwise, methods and results do not show discrepancies. 5.2: PN. No evidence to suggest outcomes selection. All outcomes mentioned in the methods and results were reported. 5.3: PN. No evidence to suggest analyses selection. All outcomes mentioned in the methods and results were reported. </p>",Some concerns,"<p>The study is judged to raise some concerns in two domains (2 and 4), but not to be at high risk of bias for any domain.</p>"
3,13,Depressive symptoms at 7-24 months,,SUBGROUP_AND_OVERALL,Chew 2018,2018,0.0,0.0,6.0,5.6,0,42,7.6,6.6,0,44,0.0,0.0,5.949424,-0.258577,-0.683234,0.166081,Patient Health Questionnaire 9 (PHQ-9),Low risk,"<p>1a.1: Y; 1a.2: PY.  Note: Title mentions RCT design. <br/>Quote: &quot;In assigning the HCs to the VEMOFIT group (VG) or attention-control groups (AG), randomisation will be carried out after stratification by cluster size and geographical areas of the 10 HCs.&quot;</p><p>Quote: &quot;A member of the Data Management Services team at the University Medical center, Ultrecht will carry out the randomisation.&quot;</p><p>1.3: NI.  Note: No useful information is reported to evaluate this element</p><p>1b.1: PY. Seems that participants were recruited after randomization. </p>",Low risk,<p>2.1a: PY. 2.1b: PN. Quote: &quot;We use a modified informed consent procedure to ensure that patients are unware of the two different intervention programmes&quot;.<br/>2.2.: Y. Nurses were trained to deliver the intervention. </p><p>2.3: PN. Note: No evidence to suggest deviations from the intended intervention that arose because of the trial context.</p><p>2.4: NA.</p><p>2.5: NA.</p><p>2.6: Y. Note: The analysis was carried out on an intention to treat basis.</p><p>2.7: NA.</p>,Low risk,"<p>3.1a: PY. All 10 clusters that recruited participants were analyzed. <br/>3.1b: PN. 92 from intervention group (n = 145) and 79 from control group (n = 150) did not receive allocated intervention. In addition to the 33 people lost to follow up at 12 months, 5 additional missing data were noted with regard to PHQ-9.</p><p>3.2: PN. No evidence that the result was not biased by missing data.</p><p>3.3: PN; 3.4: NA. Note: Missingness in the outcome do not depend on its true value. </p>",Low risk,"<p>4.1: N. Note: The selected outcome method (Malay Brief Illness Perception Quetsionnaire, MBIPQ) is validated and established.</p><p>4.2: PN.  Note: No evidence to suggest differences in measurement between intervention and control</p><p>4.3a: PY.Outcome assessors (participants) were most likeley aware that a trial was taking a place.<br/>4.3b: PN. Quote: &quot;We use a modified informed consent procedure to ensure that patients are unware of the two different intervention programmes&quot;</p><p>4.4: NA.</p><p>4.5: NA.</p>",Low risk,<p>5.1: PY.  Note: Protocol is available. </p><p>5.2: PN.  Note: No evidence to suggest outcome selection. Almost all outcomes mentioned in the methods and protocol were reported (It is not reported &quot;heath-care utilization hospital&quot; that is a secondary outcome). </p><p>5.3: PN. Note: No evidence to suggest analyses selection. All outcomes mentioned in the methdis and protocol were reported. </p>,Low risk,<p>The study is judged to be at low risk of bias for all domains.</p>
3,13,Depressive symptoms at 7-24 months,,SUBGROUP_AND_OVERALL,Cooper 2009,2009,0.0,0.0,1.93,4.54,0,170,2.69,5.86,0,184,0.0,0.0,15.771439,-0.143968,-0.352746,0.064809,Edinburgh Postnatal Depression Scale (EPDS),Low risk,"<p>1.1: PY; 1.2: PY.  Quote:&quot;minimization was conducted to the trial manager who then communicated the group assignment&quot;</p><p>1.3: PN.  Quote: &quot;The randomisation process resulted in<br/>closely equivalent groups in terms of demographic<br/>variables.&quot;; p-values are not reported in table 1, however values are very much comparable</p>",Some concerns,<p>2.1: PY; 2.2: PY.  Note: Due to the nature of the intervention participants and the interventionists were most likely aware of the intervention. </p><p>2.3: PN. Note: No evidence to suggest issues to implement intervention</p><p>2.4: NA.</p><p>2.5: NA.</p><p>2.6: NI.  Note: No specification given on the analysis approach </p><p>2.7: PN.</p><p> </p>,Low risk,"<p>3.1: PY. Note: At 12 months, data is avaiable for 170 participants in intervention and 184 in control, from the 449 radomized individuals 95 were lost at this follow-up (21%) </p><p>3.2: NA.</p><p>3.3: NA.</p><p>3.4: NA.</p>",Some concerns,"<p>4.1: N. Note: &quot;We<br/>also obtained a continuous measure of depressive<br/>symptoms by incorporating the 10 items from the<br/>Edinburgh postnatal depression scale, each scored<br/>0-3, into the structured clinical interview for DSM-IV.&quot;; The EPDS is a well validated and widely adapted measure for the assesment of maternal depression</p><p>4.2: PN. Note: No evidence to suggest differences in measurament between intervention and control; &quot;Mothers and infants in the intervention and controls<br/>groups visited the research unit on an equal number<br/>of occasions and for equivalent lengths of time, and<br/>their experience of the assessment procedures, including<br/>the video recording, was similarly equivalent.&quot;</p><p>4.3: PY. Note: Outcome assessors (that given the RoB guidelines are the participants) were most likely aware of intervention allocation. Researchers involved in data collection were blinded to group allocation.</p><p>4.4: PY.  Note: Knowledge of intervention could influence participant-reported outcomes</p><p>4.5: PN.</p>",Some concerns,"<p>5.1: PY.  Note: No evidence to suggest otherwise, methods and results vs. protocol do not show discrepancies</p><p>5.2: PN.  Note: No evidence to suggest outcome selection. All outcomes mentioned in the methods and protocol were reported. </p><p>5.3: PN. Note: No evidence to suggest selection of analyses.</p>",Some concerns,"<p>The study is judged to raise some concerns in three domains (2, 4, 5), but not to be at high risk of bias for any domain.</p>"
3,13,Depressive symptoms at 7-24 months,,SUBGROUP_AND_OVERALL,Eloff 2014,2014,0.0,0.0,10.43,11.29,0,161,11.5,11.18,0,169,0.0,0.0,15.210317,-0.09503,-0.311002,0.120941,Center for Epidemiological Studies-Depression (CES-D),Low risk,<p>1.1: Y; 1.2: PY. Quote: &quot;mother-child pairs were randomized to either the intervention or standard conditions using a block randomization process and table of random numbers with 30 subkects in each block&quot;.</p><p>1.3: N. Note: Not significant differences at baseline.</p>,Some concerns,<p>2.1: PY; 2.2: PY. Note: Due to the nature of the intervention participants were most likely aware of their assigned intervention.</p><p>2.3: NI. Note: No information provided. </p><p>2.4: NA.</p><p>2.5: NA.</p><p>2.6: NI. Note: no information provided.</p><p>2.7: PN. Note: There is no reason to believe it.</p>,Low risk,<p>3.1: PY. Note: 28 of 160 mothers and 10 of 152 children drop-out in experimental group. 5 of 161 mothers and 17 of 151 children drop-out from usual care. </p><p>3.2: NA.</p><p>3.3: NA.</p><p>3.4: NA.</p>,Some concerns,"<p>4.1: N. Note: The selected outcome method is widely validated and established.</p><p>4.2: N. Note: No evidence to suggest differences in measurement between intervention and control. </p><p>4.3: PY. Note: No information provided.  </p><p>4.4: PY; 4.5: PN. Note: Knowledge of the assigned intervention could influence participant-reported outcomes, but there is no reason to believe that it did.</p>",Low risk,"<p>5.1: PY. Note: no protocol available. No evidence to suggest otherwise, methods and results do not show discrepancies. </p><p>5.2: PN. Note: No evidence to suggest outcome selection. All outcomes mentioned in the methods and results were reported. </p><p>5.3: PN. Note: No evidence to suggest analyses selection. All analyses mentioned in the methods  and results were reported. </p>",Not applicable,
3,13,Depressive symptoms at 7-24 months,,SUBGROUP_AND_OVERALL,Sherman 2009,2009,0.0,0.0,15.7,9.7,0,209,17.9,9.3,0,206,0.0,0.0,17.072091,-0.231072,-0.424146,-0.037998,Center for Epidemiological Studies-Depression (CES-D),Some concerns,"<p>1.1: PY; 1.2: PY. Quote: &quot;Randomization of index members occurred at the end of the baseline<br/>visit. Indexes were randomised to either the peer education or the life skills<br/>condition within 45 days of their baseline visit. Randomization occurred in<br/>blocks (cohorts) once a minimum of 16 and a maximum of 24 index participants<br/>had been enrolled, and randomisation sequences for each cohort were<br/>generated by a computer program.&quot;</p><p>1.3: PY. Quote: &quot;There were few significant differences in demographic or reported<br/>drug use patterns between participants randomised to the peer education<br/>compared to the life skills condition. A significantly higher percentage of participants<br/>in the peer education condition compared to those in the life skills<br/>condition reported drinking problems (77% vs. 71%, p&lt;0.05), condom use at<br/>last vaginal sex act (38% vs. 31%, p&lt;0.05) and &quot;always&quot; using condoms in the<br/>past 30 days (22% vs. 16%, p&lt;0.05)&quot;. The imbalances in the baseline measures for outcomes variables could result in bias in the intervention effect estimates.</p>",Some concerns,"<p>2.1: PY; 2.2: PY. Note: Due to the nature of the intervention participants and personnel were most likely aware of allocation</p><p>2.3: PY. Quote: &quot;There is the possibility that tight social networks were randomised to<br/>both control and intervention arms, leading to a high degree of contamination<br/>that resulted in a bias towards the null&quot;; &quot;It is highly probable that contamination occurred between the two<br/>study arms. Based on our observation at the study house, many participants<br/>enrolled in the study with or were referred to the study by their friends who<br/>could have been randomized to different study arms&quot;</p><p>2.4: PY. Note: Contamination could have affected the outcomes.</p><p>2.5: PY. Note: Contamination is more liekly to affect the participants in the control group.</p><p>2.6: PY. Note: The analysis was carried out on an intention to treat basis</p><p>2.7: NA.</p>",Low risk,"<p>3.1: PY. Quote: &quot;At each of the four follow-up visits, follow-up was greater or equal to<br/>90% (range: 89% – 95%) for index participants and 86% (range: 85% – 91%)<br/>for network participants in both arms. Among index and network members in<br/>both arms, there was at least an 89% retention rate at the 12-month follow-up&quot;</p><p>3.2: NA.</p><p>3.3: NA.</p><p>3.4: NA.</p>",Some concerns,"<p>4.1: PN. Note:The selected outcome method (CES-D) is widely validated and established, appropriate for the local context, and assessed in its psychometric properties for this sample.  </p><p>4.2: PN. No evidence to suggest differences in measurement between intervention and control. </p><p>4.3: PY. Outcome assessors (participants) were most likely aware of intervention allocation.</p><p>4.4: PY. Knowledge of the assigned intervention could influence participant-reported outcomes, but there is no reason to believe that it did</p><p>4.5: PN.</p>",Low risk,"<p>5.1: PY. Note: No evidence to suggest otherwise, methods and results do not show discrepancies. </p><p>5.2: PN. No evidence to suggest outcome selection. All outcomes mentioned in the methods are reported.</p><p>5.3: PN. No evidence to suggest analyses selection. All analyses mentioned in the methods were reported. </p>",Some concerns,"<p>The study is judged to raise some concerns in three domains (1, 2, 4), but not to be at high risk of bias for any domain.</p>"
3,13,Depressive symptoms at 7-24 months,,SUBGROUP_AND_OVERALL,Srisuwan 2020,2020,0.0,0.0,3.39,2.36,0,40,2.6,2.04,0,37,0.0,0.0,5.38952,0.35353,-0.097187,0.804247,Hospital Anxiety and Depression Scale (HADS),Low risk,"<p>1.1: PY; 1.2: PY. Quote: &quot;After informed consent, participants were randomly allocated to either: intervention group; or control group on 1:1 basic using simple randomization methods. Randomization was carried out by a Clinical Trials Manager who was blinded to patient status throughout the study&quot;</p><p>1.3: N. Note: Baseline characteristics are comparable across groups.</p>",Some concerns,<p>2.1: PY; 2.2: PY. Note: Due to the nature of the intervention participants and personnel were most likely aware of allocation.</p><p>2.3: PN. No evidence to suggest issues to implement intervention</p><p>2.4: NA.</p><p>2.5: NA.</p><p>2.6: NI. No explicit mention of the analysis used to estimate the effect of assignment to intervention. Quote: &quot;Participants in the intervention groupwho attended less than 80% of the sessions (4 sessions) were not included in the analysis&quot;</p><p>2.7: PN. Note: No evidence to suggest analysis in the wrong group or exclusion of participants that could have had a substantial impact on the results. Data was analyzed for 76 out of the 80 participants randomized (95%) - 1 year follow-up. </p>,Low risk,<p>3.1: Y. Quote: &quot;77 (96.2%) participants performedthe 6-month follow-up and 76 (95%) participants completed the 1-year follow-up&quot;</p><p>3.2: NA.</p><p>3.3: NA.</p><p>3.4: NA.</p>,Some concerns,"<p>4.1: PN. Note: The selected outcome method (HADS) is widely validated and established.</p><p>4.2: PN. Note: No evidence to suggest differences in measurement between intervention and control. </p><p>4.3: PY. Note: Outcome assessors (participants) were most likely aware of intervention allocation. Interviewers were blind to allocation.</p><p>4.4: PY; 4.5: PN. Note: Knowledge of the assigned intervention could influence participant-reported outcomes, but there is no reason to believe that it did</p>",Low risk,"<p>5.1: PY. Note: No evidence to suggest otherwise, methods and results do not show discrepancies. </p><p>5.2: PN. Note: No evidence to suggest outcome selection. All outcomes mentioned in the methods are reported.</p><p>5.3: PN. Note: No evidence to suggest analyses selection. All analyses mentioned in the methods were reported. </p>",Some concerns,"<p>The study is judged to raise some concerns in two domains (2 and 4), but not to be at high risk of bias for any domain.</p>"
3,13,Depressive symptoms at 7-24 months,,SUBGROUP_AND_OVERALL,Ward 2020,2020,0.0,0.0,7.75,9.26,0,137,8.41,10.62,0,104,0.0,0.0,12.530338,-0.066665,-0.321642,0.188311,Beck’s Depression Inventory (BDI),Low risk,<p>1.1: PY; 1.2: PY.  Quote: &quot;Randomization was conducted after data collection by an off-site statistician with no other contact with the trial&quot;.&quot;</p><p>1.3: PN. Baseline characteristics were overall comparable across groups as demonstrated by Table 1.</p>,High risk,"<p>2.1: PY; 2.2: PY.  Due to the nature of the intervention participants and personnel were moslt likely aware of their assigned intervention.</p><p>2.3: PY. There is some evidence to suggest possible contamination between the intervention and control group. Quote: &quot;In addition, in the dense living environments of informal settlements, it is possible that there was contamination between intervention and control groups.&quot;</p><p>2.4: PY. Contamination could have affected the outcomes.</p><p>2.5: PY. Contamination is more liekly to affect the participants in the control group.</p><p>2.6: PY. No explicit mention of the analysis used to estimate the effect of assignment to intervention, but data was analyzed for almost all randomized participants. Quote: &quot;For caregiver self-report, the follow-up rate was 97.0% at t1 and 91.9% at t&quot;. </p><p>2.7: NA.</p>",Low risk,"<p>3.1: PY.  Data was availalble for almost all randomized participants. Quote: &quot;For caregiver self-report, the follow-up rate was 97.0% at t1 and 91.9% at t&quot;</p><p>3.2: NA. </p><p>3.3: NA.</p><p>3.4: NA.</p>",Some concerns,"<p>4.1: PN. The selected outcome method is widely validated and established across contexts and demonstrated good psychometric properties in the study</p><p>4.2: PN. Note: No evidence to suggest differences in measurement between intervention and control. </p><p>4.3: PY. Outcome assessors (participants) were most likely aware of intervention allocation. </p><p>4.4: PY. Knowledge of the assigned intervention could influence participant-reported outcomes, but there is no reason to believe that it did</p><p>4.5: PN.</p>",Low risk,"<p>5.1: PY.  No evidence to suggest otherwise, methods and results do not show discrepancies.. </p><p>5.2: PN. No evidence to suggest outcome selection.. </p><p>5.3: PN. No evidence to suggest analyses selection. All analyses mentioned in the methods were reported.</p>",High risk,<p>The study is judged to be at high risk of bias<b> </b>in one domain (2).</p>
3,13,Depressive symptoms at 7-24 months,,SUBGROUP_AND_OVERALL,Xu 2021,2021,0.0,0.0,6.19,3.51,0,232,7.1,4.66,0,240,0.0,0.0,18.142664,-0.219724,-0.400727,-0.038721,Patient Health Questionnaire 9 (PHQ-9),Low risk,<p>1a.1: Y; 1a.2: Y. Quote: &quot;The randomization sequence was generated by a research statistician who had no contact with the participants. One of the corresponding authors randomly assigned (1:1) the 48 communities to receive either CBT plus UC (intervention group) or UC only (control group) using a random digit table&quot;.</p><p>1a.3: NI. No useful information is reported to evaluate this element.</p><p>1b.1: Y. Individual participants were identified before randomization of clusters</p><p>1b.2: NA.</p><p>1b.3: NA. </p>,Low risk,"<p>2.1 a: NI; 2.1b: PY; 2.2: PY. No information provided on whether participants knew that they were in a trial, due to the nature of the intervention they (as those delivering the intervention) were aware of intervention allocation.</p><p>2.3: PN. No evidence to indicate deviations from protocol.</p><p>2.4: NA..</p><p>2.5: NA. 2.6: PY. Data were analysed for most randomized participants. </p><p>2.7: NA.</p>",Low risk,<p>3.1a: PY. All included clusters were analyzed</p><p>3.1b: PY. Data were available for nearly all participants within the cluster.Quote:&quot;86.3% of response rate&quot;.</p><p>3.2: NA. 3.3: NA. 3.4: NA.</p>,Some concerns,"<p>4.1: N. The outcome measure is widely established and validated for use across different contexts, including that of application.</p><p>4.2: PN. No evidence to suggest that measurement or ascertainment of the outcome differed between intervention groups.</p><p>4.3a: NI; 4.3b: PY. No information provided on whether participants knew that they were in a trial, participants (outcome assessors) were most likely aware of the group allocation due to the nature of the intervention.</p><p>4.4: PY; 4.5: PN. Knowledge of the assigned intervention could influence participant-reported outcomes, but there is no reason to believe that it did.</p>",Low risk,"<p>5.1: PY. No evidence to suggest otherwise, methods and results do not show discrepancies.</p><p>5.2: PN. No evidence to suggest outcomes selection. All outcomes mentioned in the methods and results were reported.</p><p>5.3: PN. No evidence to suggest analyses selection. All outcomes mentioned in the methods and results were reported<b>.</b></p>",Some concerns,"<p>The study is judged to raise some concerns in one domain (4), but not to be at high risk of bias for any domain.</p>"
3,14,Anxiety symptoms at 0-1 months,,SUBGROUP_AND_OVERALL,Bernardi 2020,2020,0.0,0.0,33.8,5.1,0,18,47.7,11.1,0,18,0.0,0.0,19.130332,-1.573463,-2.331852,-0.815073,State-Trait Anxiety Inventory (STAI),Low risk,"<p>1.1: Y; 1.2: Y. Quote: &quot;They were allocated in the clinical and control groups in a random sequence, pre-defined by the program Statistical Package for the Social Sciences (SPSS) and known only by the professional in charge of screening the participants&quot;.</p><p>1.3: PN. Note: No significant differences at baseline. Quote: &quot;there was a difference between groups only in the comparison of the assisted children's and adolescents' diagnosis (p ≤ 0.05)&quot;</p>",Some concerns,"<p>2.1: PY; 2.2: PY. Note: Due to the nature of the intervention, participants and the interventionists were most likely aware of the allocation.</p><p>2.3: PN. Note: No evidence to suggest issues to implement intervention.</p><p>2.4: NA</p><p>2.5: NA</p><p>2.6: NI. Note: No explicit mention of the analysis used to estimate the effect of assignment to intervention.</p><p>2.7: N. Note: There was not a substantial impact of the failure to analyze participants in the group to which they were randomized.</p>",Low risk,<p>3.1: PY. Note: Lost to post-intervention:12 of 48</p><p>3.2: NA</p><p>3.3: NA; 3.4: NA</p>,Some concerns,"<p>4.1: N. Note: The selected outcome method (STAI) is widely validated and established.</p><p>4.2: PN. Note: No evidence to suggest differences in measurement between intervention and control.</p><p>4.3: PY. Note: Outcome assessors (participants) were most likely aware of intervention allocation.</p><p>4.4: PY; 4.5: PN. Note: Knowledge of the assigned intervention could influence participant-reported outcomes, but there is no reason to believe that it did. </p>",Low risk,"<p>5.1: PY. Note: No evidence to suggest otherwise, methods and results do not show discrepancies.</p><p>5.2: PN. Note: No evidence to suggest outcome selection. All outcomes mentioned in the methods and results were reported.</p><p>5.3: PN. Note: No evidence to suggest analyses selection. All outcomes mentioned in the methods and results were reported.</p>",Some concerns,"<p>The study is judged to raise some concerns in two domains (2 and 4), but not to be at high risk of bias for any domain.</p>"
3,14,Anxiety symptoms at 0-1 months,,SUBGROUP_AND_OVERALL,Ferreira-Vorkapic 2018,2018,0.0,0.0,7.0,6.26,0,20,21.9,8.05,0,20,0.0,0.0,18.986477,-2.025303,-2.801596,-1.24901,Beck’s Anxiety Inventory (BAI),Low risk,"<p>1.1: Y; 1.2: Y. Quote: &quot;(...) volunteers were randomly allocated to one of the three experimental groups. A separate examiner coordinated the group distribution (and all statistical analysis was performed by an expert from another<br/>state), using the random allocation method.&quot;</p><p>1.3: N. Quote: &quot;the baseline data showing no significant differences between the groups, except for education years, where the relaxation group showed a higher<br/>level of education&quot;</p>",Some concerns,<p>2.1: PY; 2.2: PY. Note: Due to the nature of the intervention participants and personnel were most likely aware of their assigned intervention </p><p>2.3: PN. Note: No evidence to suggest issues to implement intervention</p><p>2.4: NA.</p><p>2.5: NA. </p><p>2.6: NI. Note: No explicit mention of the analysis used to estimate the effect of assignment to intervention</p><p>2.7: NA. Note: There was not a substantial impact of the failure to analyse participants in the group to which they were randomized</p>,Low risk,<p>3.1: Y. Note: Drop-out: 0</p><p>3.2: NA.</p><p>3.3: NA.</p><p>3.4: NA.</p>,Some concerns,"<p>4.1: N. Note: The selected outcome method (BAI) is widely validated and established across multiple languages.</p><p>4.2: PN. Note: No evidence to suggest differences in measurement between intervention and control.</p><p>4.3: PY. Note: Outcome assessors (participants) were most likely aware of intervention allocation. </p><p>4.4: PY; 4.5: PN. Note: Knowledge of the assigned intervention could influence participant-reported outcomes, but there is no reason to believe that it did.</p>",Low risk,"<p>5.1: PY. Note: No evidence to suggest otherwise, methods and results do not show discrepancies. </p><p>5.2: PN. Note: No evidence to suggest outcome selection. All outcomes mentioned in the methods and results were reported. </p><p>5.3: PN. Note: No evidence to suggest analyses selection. All analyses mentioned in the methods were reported. </p>",Some concerns,"<p>The study is judged to raise some concerns in two domains (2 and 4), but not to be at high risk of bias for any domain.</p>"
3,14,Anxiety symptoms at 0-1 months,,SUBGROUP_AND_OVERALL,Hajarian Abhari 2021,2021,0.0,0.0,7.5,1.1,0,30,8.6,2.4,0,30,0.0,0.0,20.902578,-0.581586,-1.09897,-0.064202,Depression Anxiety Stress Scale (DASS-21),Low risk,"<p>1.1: Y. Quote:&quot;(...) using a prepared computer list, the selected women were randomly assigned to two groups of intervention and control groups.</p><p>1.2.: NI. Note: No further information.</p><p>1.3.: N. Note: No significant differences at baseline.</p>",Some concerns,"<p>2.1: PY; 2.2: PY. Note: Due to the nature of the intervention, participants and the interventionists were most likely aware of the allocation.</p><p>2.3: PN. Note: No evidence to suggest issues to implement intervention.</p><p>2.4: NA</p><p>2.5: NA</p><p>2.6.: NI. Note: No explicit mention of the analysis used to estimate the effect of assignment to intervention.</p><p>2.7: N. Note: There was not a substantial impact of the failure to analyse participants in the group to which they were randomized.</p>",Low risk,<p>3.1: Y. Note: Lost to post-intervention assessment: 12 of 72. </p><p>3.2: NA</p><p>3.3: NA</p><p>3.4: NA</p>,Some concerns,"<p>4.1: N. Note: The selected outcome method (DASS-21) is widely validated and established.</p><p>4.2: PN. Note: No evidence to suggest differences in measurement between intervention and control.</p><p>4.3: PY. Note: Outcome assessors (participants) were most likely aware of intervention allocation.</p><p>4.4: PY; 4.5: PN. Note: Knowledge of the assigned intervention could influence participant-reported outcomes, but there is no reason to believe that it did.</p>",Low risk,"<p>5.1: Note: No evidence to suggest otherwise, methods and results do not show discrepancies.</p><p>5.2: Note: No evidence to suggest outcome selection. All outcomes mentioned in the methods and results were reported.</p><p>5.3: No evidence to suggest analyses selection. All outcomes mentioned in the methods and results were reported.</p>",Some concerns,"<p>The study is judged to raise some concerns in two domains (2 and 4), but not to be at high risk of bias for any domain.</p>"
3,14,Anxiety symptoms at 0-1 months,,SUBGROUP_AND_OVERALL,Rao 2017,2017,0.0,0.0,37.46,7.16,0,30,51.86,7.45,0,30,0.0,0.0,20.184573,-1.945269,-2.566354,-1.324183,State-Trait Anxiety Inventory (STAI),Low risk,"<p>1.1: Y; 1.2: PY. Quote: &quot;All the subjects were given a serial number based on<br/>alphabetical order of their names. The participants were<br/>randomly divided into an MSRT group (n = 30) and a control<br/>group (n = 30) using computer-based random number<br/>generating software.&quot;</p><p>1.3: N. Quote:&quot;No significant differences existed in participants’ ages,<br/>socioeconomic statuses, and educational backgrounds<br/>between the groups.&quot;</p>",Low risk,<p>2.1: PY; 2.2: Y. Note: Due to the nature of the intervention participants were most likely aware of the intervention. The yoga teacher delivering the intervention was also aware of allocation. No information on blinding provided on the other members of the research team. One of the stated limitations is &quot;lack of proper blinding&quot;</p><p>2.3: PN. Note: No evidence to suggest issues in recruitment and engagement nor failures to implement intervention</p><p>2.4: NA.</p><p>2.5: NA.</p><p>2.6: PY. No explicit mention of the analysis used to estimate the effect of assignment to intervention. Results table are reported for all the randomized participants (n=30 participants in the intervention and n=30 in the control group).</p><p>2.7: NA.</p>,Low risk,"<p>3.1: PY. Note: Tables indicate that the number of participants for cases and controls is equal to 30. There is no specification on number of participants that may have been lost at follow-up. Tables report data for the 60 randomized participants. As the methods indicate that only participants attending 70% + of sessions would be included in the study, it can be deduced that no losses at follow-up could be observed.  </p><p>3.2: NA.</p><p>3.3: NA.</p><p>3.4: NA.</p>",Some concerns,"<p>4.1: N. Quote: &quot;valid and reliable tool&quot;; &quot;It is the most widely used psychological instrument for measuring the perception of stress. It consists of 10 items.&quot;</p><p>4.2: PN. Note: No evidence to suggest differences in measurement between intervention and control. </p><p>4.3: Y. Note: Outcome assessors (teachers) were most likely aware of intervention allocation. </p><p>4.4: PY; 4.5: PN. Note: Knowledge of the assigned intervention could influence participant-reported outcomes, but there is no reason to believe that it did.</p>",Low risk,"<p>5.1: PY. Note: no evidence to suggest otherwise, methods and results do not show discrepancies. </p><p>5.2: PN. Note: No evidence to suggest outcome selection. All outcomes mentioned in the methods and results are reported.</p><p>5.3: PN. Note: No evidence to suggest analyses selection. All analyses mentioned in the methods and results  were reported. </p>",Some concerns,"<p>The study is judged to raise some concerns in one domain (4), but not to be at high risk of bias for any domain.</p>"
3,14,Anxiety symptoms at 0-1 months,,SUBGROUP_AND_OVERALL,Rodriguez 2021,2021,0.0,0.0,6.09,5.1,0,27,5.83,3.3,0,27,0.0,0.0,20.79604,0.059653,-0.473909,0.593216,Generalized Anxiety Disorder 7 (GAD-7),Low risk,"<p>1.1: Y. Note: Title mentions RCT design. Quote: &quot;Students who completed the web-based baseline assessment measures were randomly assigned to a brief, 4-week internet-based mindfulness intervention (MIND), or to the intervention plus peer counselor support (MIND+).&quot; </p><p>1.2: Y. Quote: &quot;The randomization sequence was sourced through random.org [49], an automated, web-based randomization service that generates randomness using atmospheric noise. Using random.org, two 25-person blocks were used to randomize the participants into 2 equally-sized groups.&quot;</p><p>1.3: PN. Note: No significant differences at baseline.</p>",Some concerns,"<p>2.1: PY; 2.2: PY. Note: Due to the nature of the intervention, participants and the interventionists were most likely aware of the allocation.</p><p>2.3: PN. Note: No evidence to suggest issues to implement intervention. </p><p>2.4: NA</p><p>2.5: NA</p><p>2.6: NI. Note: No explicit mention of the analysis used to estimate the effect of assignment to intervention.</p><p>2.7: N. Note: There was not a substantial impact of the failure to analyze participants in the group to which they were randomized.</p>",High risk,<p>3.1: PN. Note: Drop-out: 31 of 55.</p><p>3.2: PN. Note: Proportions of lost to follow-up between control and intervention are not comparable (n= 20 and n= 11). </p><p>3.3: NI; 3.4: NI. Note: No information about documented reasons that withdrawal are related to the outcome. </p>,Some concerns,"<p>4.1: N. Note: The selected outcome method (GAD) is widely validated and established. </p><p>4.2: PN. Note: No evidence to suggest differences in measurement between intervention and control.</p><p>4.3: PY. Note: Outcome assessors (participants) were most likely aware of intervention allocation.</p><p>4.4: PY; 4.5: PN. Note: Knowledge of the assigned intervention could influence participant-reported outcomes, but there is no reason to believe that it did.</p>",Low risk,"<p>5.1: PY. Note: No evidence to suggest otherwise, methods and results do not show discrepancies.</p><p>5.2: PN. Note: No evidence to suggest outcome selection. </p><p>5.3: PN. Note: No evidence to suggest analyses selection. </p>",High risk,<p>The study is judged to be at high risk of bias<b> </b>in one domain (3).</p>
3,15,Anxiety symptoms at 1-6 months ,,SUBGROUP_AND_OVERALL,Dayhimi 2020,2020,0.0,0.0,34.48,12.77,0,44,40.57,9.84,0,46,0.0,0.0,11.472766,-0.531207,-0.952056,-0.110359,State-Trait Anxiety Inventory (STAI),Low risk,<p>1.1: Y. Note: Title mentions RCT design; Quote: &quot;samples were randomly assigned to intervention and control groups.&quot;</p><p>1.2: NI. Note: No further information.</p><p>1.3: PN. Note: No significant differences at baseline.</p>,Some concerns,"<p>2.1: PY; 2.2: PY. Note: Due to the nature of the intervention, participants and the interventionists were most likely aware of the allocation.</p><p>2.3: PN. No evidence to suggest issues to implement intervention. </p><p>2.4: NA</p><p>2.5: NA</p><p>2.6: NI. Note: No explicit mention of the analysis used to estimate the effect of assignment to intervention.</p><p>2.7: N. There was not a substantial impact of the failure to analyse participants in the group to which they were randomized.</p>",Low risk,<p>3.1: PY. Note: Drop-out: 10 of 100.</p><p>3.2: NA</p><p>3.3: NA</p><p>3.4: NA</p>,Some concerns,"<p>4.1: N. Note: The selected outcome method (Questionnaire of Explicit and Hidden Anxiety: The Spielberger Questionnaire) is widely validated and established; Quote: &quot;The psychometric properties of the AD- DQoL were demonstrated to be sound in various populations and cultures (...). The Cronbach’s alpha coefficient of the AD- DQoL was 0.94 in this study sample.&quot;</p><p>4.2: PN. Note: No evidence to suggest differences in measurement between intervention and control.</p><p>4.3: PY. Note: Outcome assessors (participants) were most likely aware of intervention allocation.</p><p>4.4: PY; 4.5: PN. Note: Knowledge of the assigned intervention could influence participant-reported outcomes, but there is no reason to believe that it did.</p>",Some concerns,"<p>5.1: PY. Note: No evidence to suggest otherwise, methods and results do not show discrepancies.</p><p>5.2: PY. Note: Depressive symptoms (evaluated with Beck Depression Scale) are not reported on the results section (only on the method). </p><p>5.3: PN. Note: No evidence to suggest analyses selection. All outcomes mentioned in the methods and results were reported.</p>",Some concerns,"<p>The study is judged to raise some concerns in three domains (2, 4, 5), but not to be at high risk of bias for any domain.</p>"
3,15,Anxiety symptoms at 1-6 months ,,SUBGROUP_AND_OVERALL,Rong 2021a,2021,0.0,0.0,34.41,6.97,0,32,34.31,8.97,0,32,0.0,0.0,8.463215,0.012298,-0.477698,0.502294,State-Trait Anxiety Inventory (STAI),Low risk,"<p>1.1: PY; 1.2.PY. Quote: &quot;All participants were numbered and randomly assigned by a member of the yoga exercise research team using a random number table, and the information about numbering was placed in a sealed envelope beforehand.&quot;</p><p>1.3: PN. Note: Baseline characteristics were overall comparable across groups, as demonstrated by Table 2.</p>",Low risk,<p>2.1: PY; 2.2: PY. Note: Due to the nature of the intervention participants and personnel were moslt likely aware of their assigned intervention. </p><p>2.3: PN. Note: No evidence to suggest issues in recruitment and engagement nor failures to implement intervention allowed by the protocol. </p><p>2.4: NA</p><p>2.5: NA</p><p>2.6: Y. Note: The data were analyzed on an intention-to-treat basis. </p><p>2.7: NA</p>,Low risk,"<p>3.1: PY. Note: Data was availalble for almost all randomized participants (7 out of 64 were lost at follow-up, 115).</p><p>3.2: NA</p><p>3.3: NA</p><p>3.4: NA</p>",Some concerns,<p>4.1: PN. Note: The selected outcome method is widely validated and established and demonstrated good psychometric properties in the study. </p><p>4.2: PN. Note: No evidence to suggest differences in measurement between intervention and control.</p><p>4.3: PN. Note: Outcome assessors (participants) were most likely aware of intervention allocation.</p><p>4.4: PY; 4.5: PN. Note: Outcome assessors (participants) were most likely aware of intervention allocation.</p>,Low risk,"<p>5.1: PY. Note: No evidence to suggest otherwise, methods and results do not show discrepancies.</p><p>5.2: PN. Note: No evidence to suggest outcome selection.</p><p>5.3: PN. Note: No evidence to suggest analyses selection. All analyses mentioned in the methods were reported.</p>",Some concerns,"<p>The study is judged to raise some concerns in one domain (4), but not to be at high risk of bias for any domain.</p>"
3,15,Anxiety symptoms at 1-6 months ,,SUBGROUP_AND_OVERALL,Srisuwan 2020,2020,0.0,0.0,5.11,2.96,0,40,3.32,2.45,0,37,0.0,0.0,9.632098,0.649782,0.190479,1.109086,Hospital Anxiety and Depression Scale (HADS),Low risk,"<p>1.1: PY; 1.2: PY. Quote: &quot;After informed consent, participants were randomly allocated to either: intervention group; or control group on 1:1 basic using simple randomization methods. Randomization was carried out by a Clinical Trials Manager who was blinded to patient status throughout the study&quot;</p><p>1.3: N. Note: Baseline characteristics are comparable across groups.</p>",Some concerns,<p>2.1: PY; 2.2: PY. Note: Due to the nature of the intervention participants and personnel were most likely aware of allocation.</p><p>2.3: PN. No evidence to suggest issues to implement intervention</p><p>2.4: NA.</p><p>2.5: NA.</p><p>2.6: NI. No explicit mention of the analysis used to estimate the effect of assignment to intervention. Quote: &quot;Participants in the intervention groupwho attended less than 80% of the sessions (4 sessions) were not included in the analysis&quot;</p><p>2.7: PN. Note: No evidence to suggest analysis in the wrong group or exclusion of participants that could have had a substantial impact on the results. Data was analyzed for 76 out of the 80 participants randomized (95%) - 1 year follow-up. </p>,Low risk,<p>3.1: Y. Quote: &quot;77 (96.2%) participants performedthe 6-month follow-up and 76 (95%) participants completed the 1-year follow-up&quot;</p><p>3.2: NA.</p><p>3.3: NA.</p><p>3.4: NA.</p>,Some concerns,"<p>4.1: PN. Note: The selected outcome method (HADS) is widely validated and established.</p><p>4.2: PN. Note: No evidence to suggest differences in measurement between intervention and control. </p><p>4.3: PY. Note: Outcome assessors (participants) were most likely aware of intervention allocation. Interviewers were blind to allocation.</p><p>4.4: PY; 4.5: PN. Note: Knowledge of the assigned intervention could influence participant-reported outcomes, but there is no reason to believe that it did</p>",Low risk,"<p>5.1: PY. Note: No evidence to suggest otherwise, methods and results do not show discrepancies. </p><p>5.2: PN. Note: No evidence to suggest outcome selection. All outcomes mentioned in the methods are reported.</p><p>5.3: PN. Note: No evidence to suggest analyses selection. All analyses mentioned in the methods were reported. </p>",Some concerns,"<p>The study is judged to raise some concerns in two domains (2 and 4), but not to be at high risk of bias for any domain.</p>"
3,15,Anxiety symptoms at 1-6 months ,,SUBGROUP_AND_OVERALL,Xu 2021,2021,0.0,0.0,6.25,4.67,0,268,7.82,4.79,0,272,0.0,0.0,70.431921,-0.331403,-0.501257,-0.161549,Generalized Anxiety Disorder 7 (GAD-7),Low risk,<p>1a.1: Y; 1a.2: Y. Quote: &quot;The randomization sequence was generated by a research statistician who had no contact with the participants. One of the corresponding authors randomly assigned (1:1) the 48 communities to receive either CBT plus UC (intervention group) or UC only (control group) using a random digit table&quot;.</p><p>1a.3: NI. No useful information is reported to evaluate this element.</p><p>1b.1: Y. Individual participants were identified before randomization of clusters</p><p>1b.2: NA.</p><p>1b.3: NA. </p>,Low risk,"<p>2.1 a: NI; 2.1b: PY; 2.2: PY. No information provided on whether participants knew that they were in a trial, due to the nature of the intervention they (as those delivering the intervention) were aware of intervention allocation.</p><p>2.3: PN. No evidence to indicate deviations from protocol.</p><p>2.4: NA..</p><p>2.5: NA. 2.6: PY. Data were analysed for most randomized participants. </p><p>2.7: NA.</p>",Low risk,<p>3.1a: PY. All included clusters were analyzed</p><p>3.1b: PY. Data were available for nearly all participants within the cluster.Quote:&quot;86.3% of response rate&quot;.</p><p>3.2: NA. 3.3: NA. 3.4: NA.</p>,Some concerns,"<p>4.1: N. The outcome measure is widely established and validated for use across different contexts, including that of application.</p><p>4.2: PN. No evidence to suggest that measurement or ascertainment of the outcome differed between intervention groups.</p><p>4.3a: NI; 4.3b: PY. No information provided on whether participants knew that they were in a trial, participants (outcome assessors) were most likely aware of the group allocation due to the nature of the intervention.</p><p>4.4: PY; 4.5: PN. Knowledge of the assigned intervention could influence participant-reported outcomes, but there is no reason to believe that it did.</p>",Low risk,"<p>5.1: PY. No evidence to suggest otherwise, methods and results do not show discrepancies.</p><p>5.2: PN. No evidence to suggest outcomes selection. All outcomes mentioned in the methods and results were reported.</p><p>5.3: PN. No evidence to suggest analyses selection. All outcomes mentioned in the methods and results were reported<b>.</b></p>",Some concerns,"<p>The study is judged to raise some concerns in one domain (4), but not to be at high risk of bias for any domain.</p>"
3,16,Anxiety symptoms at 7-24 months,,SUBGROUP_AND_OVERALL,Srisuwan 2020,2020,0.0,0.0,5.28,2.89,0,40,3.43,2.55,0,37,0.0,0.0,13.41778,0.670344,0.210265,1.130424,Hospital Anxiety and Depression Scale (HADS),Low risk,"<p>1.1: PY; 1.2: PY. Quote: &quot;After informed consent, participants were randomly allocated to either: intervention group; or control group on 1:1 basic using simple randomization methods. Randomization was carried out by a Clinical Trials Manager who was blinded to patient status throughout the study&quot;</p><p>1.3: N. Note: Baseline characteristics are comparable across groups.</p>",Some concerns,<p>2.1: PY; 2.2: PY. Note: Due to the nature of the intervention participants and personnel were most likely aware of allocation.</p><p>2.3: PN. No evidence to suggest issues to implement intervention</p><p>2.4: NA.</p><p>2.5: NA.</p><p>2.6: NI. No explicit mention of the analysis used to estimate the effect of assignment to intervention. Quote: &quot;Participants in the intervention groupwho attended less than 80% of the sessions (4 sessions) were not included in the analysis&quot;</p><p>2.7: PN. Note: No evidence to suggest analysis in the wrong group or exclusion of participants that could have had a substantial impact on the results. Data was analyzed for 76 out of the 80 participants randomized (95%) - 1 year follow-up. </p>,Low risk,<p>3.1: Y. Quote: &quot;77 (96.2%) participants performedthe 6-month follow-up and 76 (95%) participants completed the 1-year follow-up&quot;</p><p>3.2: NA.</p><p>3.3: NA.</p><p>3.4: NA.</p>,Some concerns,"<p>4.1: PN. Note: The selected outcome method (HADS) is widely validated and established.</p><p>4.2: PN. Note: No evidence to suggest differences in measurement between intervention and control. </p><p>4.3: PY. Note: Outcome assessors (participants) were most likely aware of intervention allocation. Interviewers were blind to allocation.</p><p>4.4: PY; 4.5: PN. Note: Knowledge of the assigned intervention could influence participant-reported outcomes, but there is no reason to believe that it did</p>",Low risk,"<p>5.1: PY. Note: No evidence to suggest otherwise, methods and results do not show discrepancies. </p><p>5.2: PN. Note: No evidence to suggest outcome selection. All outcomes mentioned in the methods are reported.</p><p>5.3: PN. Note: No evidence to suggest analyses selection. All analyses mentioned in the methods were reported. </p>",Some concerns,"<p>The study is judged to raise some concerns in two domains (2 and 4), but not to be at high risk of bias for any domain.</p>"
3,16,Anxiety symptoms at 7-24 months,,SUBGROUP_AND_OVERALL,Xu 2021,2021,0.0,0.0,6.77,4.33,0,232,7.87,4.75,0,240,0.0,0.0,86.58222,-0.241456,-0.422573,-0.060339,Generalized Anxiety Disorder 7 (GAD-7),Low risk,<p>1a.1: Y; 1a.2: Y. Quote: &quot;The randomization sequence was generated by a research statistician who had no contact with the participants. One of the corresponding authors randomly assigned (1:1) the 48 communities to receive either CBT plus UC (intervention group) or UC only (control group) using a random digit table&quot;.</p><p>1a.3: NI. No useful information is reported to evaluate this element.</p><p>1b.1: Y. Individual participants were identified before randomization of clusters</p><p>1b.2: NA.</p><p>1b.3: NA. </p>,Low risk,"<p>2.1 a: NI; 2.1b: PY; 2.2: PY. No information provided on whether participants knew that they were in a trial, due to the nature of the intervention they (as those delivering the intervention) were aware of intervention allocation.</p><p>2.3: PN. No evidence to indicate deviations from protocol.</p><p>2.4: NA..</p><p>2.5: NA. 2.6: PY. Data were analysed for most randomized participants. </p><p>2.7: NA.</p>",Low risk,<p>3.1a: PY. All included clusters were analyzed</p><p>3.1b: PY. Data were available for nearly all participants within the cluster.Quote:&quot;86.3% of response rate&quot;.</p><p>3.2: NA. 3.3: NA. 3.4: NA.</p>,Some concerns,"<p>4.1: N. The outcome measure is widely established and validated for use across different contexts, including that of application.</p><p>4.2: PN. No evidence to suggest that measurement or ascertainment of the outcome differed between intervention groups.</p><p>4.3a: NI; 4.3b: PY. No information provided on whether participants knew that they were in a trial, participants (outcome assessors) were most likely aware of the group allocation due to the nature of the intervention.</p><p>4.4: PY; 4.5: PN. Knowledge of the assigned intervention could influence participant-reported outcomes, but there is no reason to believe that it did.</p>",Low risk,"<p>5.1: PY. No evidence to suggest otherwise, methods and results do not show discrepancies.</p><p>5.2: PN. No evidence to suggest outcomes selection. All outcomes mentioned in the methods and results were reported.</p><p>5.3: PN. No evidence to suggest analyses selection. All outcomes mentioned in the methods and results were reported<b>.</b></p>",Some concerns,"<p>The study is judged to raise some concerns in one domain (4), but not to be at high risk of bias for any domain.</p>"
3,17,Distress/PTSD symptoms at 0-1 months,,SUBGROUP_AND_OVERALL,Acarturk 2022,2022,0.0,0.0,12.66,4.95,0,237,13.5,5.1,0,266,0.0,0.0,6.020842,-0.166751,-0.342129,0.008626,General Health Questionnaire (GHQ-12),Low risk,"<p>1.1: Y. Quote: &quot;Participants were randomly assigned either to the Self-Help Plus arm or to ECAU only, in a 1:1 ratio.&quot; 1.2: Y. Quote &quot;The randomization schedule was generated by Castor Electronic Data Capture (EDC). (..)  Research team members involved in<br/>recruitment were able to access the web-based software to randomize each newly enrolled participant, but were not able to access the randomization list, and were not aware of the block size.&quot;</p><p>1.3: N. Note: No significant differences at baseline. </p>",Low risk,<p>2.1: PY; 2.2: PY. Note: Due to the nature of the intervention participants and the interventionists were most likely aware of the allocation.</p><p>2.3: PN. Note: No evidence to suggest issues to implement intervention.</p><p>2.4: NA.</p><p>2.5: NA.</p><p>2.6: Y. Quote: &quot;We followed an intent-to-treat approach for analysis of primary and secondary outcomes&quot;</p><p>2.7: NA.</p>,Low risk,<p>3.1: PY. Quote: &quot; The distribution of participants lost to follow-up was similar between the study groups (15.53% vs. 14.06%)&quot;</p><p>3.2: NA.</p><p>3.3: NA.</p><p>3.4: NA.</p>,Some concerns,"<p>4.1: N. Note: The selected outcome method (PHQ-9) is widely validated and established.</p><p>4.2: PN. Note: No evidence to suggest differences in measurement between intervention and control. </p><p>4.3: PY. Note: Outcome assessors (participants) were most likely aware of intervention allocation. </p><p>4.4: PY; 4.5: PN. Note: Knowledge of the assigned intervention could influence participant-reported outcomes, but there is no reason to believe that it did.</p>",Low risk,"<p>5.1: PY. Note: no evidence to suggest otherwise, methods and results do not show discrepancies. </p><p>5.2: PN. Note: No evidence to suggest outcome selection. All outcomes mentioned in the methods are reported.</p><p>5.3: PN. Note: No evidence to suggest analyses selection. All analyses mentioned in the methods were reported. </p>",Some concerns,"<p>The study is judged to raise some concerns in one domain (4), but not to be at high risk of bias for any domain.</p>"
3,17,Distress/PTSD symptoms at 0-1 months,,SUBGROUP_AND_OVERALL,Chaharrahifard 2021,2021,0.0,0.0,52.22,8.53,0,27,72.78,13.82,0,25,0.0,0.0,5.261116,-1.77939,-2.429369,-1.12941,Parenting Stress Index Short Form (PSI-SF),Low risk,<p>1.1: Y. Note: Title mentions RCT design; Quote: &quot;the samples were randomly assigned to two groups of received counseling (intervention) and non-received counseling (control) by four-sized randomized blocks.&quot;</p><p>1.2: Y. Quote: &quot;The details of blocks were contained in asset of sealed.</p><p>1.3: N. Quote: &quot;There was not significant difference between the demographic characteristics in the control and intervention group.&quot;</p>,Some concerns,"<p>2.1: PY; 2.2: PY. Note: Due to the nature of the intervention, participants and the interventionists were most likely aware of the allocation.</p><p>2.3: PN. Note: No evidence to suggest issues to implement intervention.</p><p>2.4: NA</p><p>2.5: NA</p><p>2.6: NI. Note: No explicit mention of the analysis used to estimate the effect of assignment to intervention.</p><p>2.7: N. There was not a substantial impact of the failure to analyse participants in the group to which they were randomized</p>",Low risk,<p>3.1: PY. Note: Drop-out rate: 21%. </p><p>3.2: NA</p><p>3.3: NA</p><p>3.4: NA</p>,Some concerns,"<p>4.1: N. Note: The selected outcome method (PSI-SF) is widely validated and established.</p><p>4.2: PN. Note: No evidence to suggest differences in measurement between intervention and control.</p><p>4.3: PY. Note: Outcome assessors (participants) were most likely aware of intervention allocation.</p><p>4.4: PY; 4.5: PN. Note: Knowledge of the assigned intervention could influence participant-reported outcomes, but there is no reason to believe that it did. </p>",Low risk,"<p>5.1: PY. Note: No evidence to suggest otherwise, methods and results do not show discrepancies.</p><p>5.2: PN. Note: No evidence to suggest outcome selection. All outcomes mentioned in the methods and results were reported.</p><p>5.3: PN. Note: No evidence to suggest analyses selection. All outcomes mentioned in the methods and results were reported.</p>",Some concerns,"<p>The study is judged to raise some concerns in two domains (2 and 4), but not to be at high risk of bias for any domain.</p>"
3,17,Distress/PTSD symptoms at 0-1 months,,SUBGROUP_AND_OVERALL,Cheng 2021,2021,0.0,0.0,2.42,0.65,0,106,2.82,0.73,0,103,0.0,0.0,5.920663,-0.577123,-0.85399,-0.300255,Diabetes Distress Scale (DDS),Low risk,<p>1.1: Y. Quote: &quot;A total of 242 participants were assigned in a 1:1 ratio with stratification on the basis of the study site via computerized randomization with a block size of 4.</p><p>1.2: Y. Quote: &quot;Sealed envelopes were prepared by off-site researchers who were blinded to the practical implementation of the study.&quot;; Note: Alloca-tion concealment was maintained until intervention was assigned. </p><p>1.3: PN. No significant differences at baseline.</p>,Low risk,"<p>2.1: PY; 2.2: PY. Note: Due to the nature of the intervention, participants and the interventionists were most likely aware of the allocation.</p><p>2.3: PN. No evidence to suggest issues to implement intervention.</p><p>2.4: NA</p><p>2.5: NA</p><p>2.6: Y. Quote: &quot;Statistical analyses were performed using the generalized estimating equations based on the intention-to-treat principle&quot;</p><p>2.7: NA</p>",Low risk,<p>3.1: PY. Note: Drop-out: 41 of 242. </p><p>3.2: NA</p><p>3.3: NA</p><p>3.4: NA</p>,Some concerns,"<p>4.1: N. Note: The selected outcome method (DDS) is widely validated and established.</p><p>4.2: PN. Note: No evidence to suggest differences in measurement between intervention and control.</p><p>4.3: PN. Note: Outcome assessors (participants) were most likely aware of intervention allocation.</p><p>4.4: PY; 4.5: PN. Note: Knowledge of the assigned intervention could influence participant-reported outcomes, but there is no reason to believe that it did. </p>",Low risk,"<p>5.1: PY. Note: No evidence to suggest otherwise, methods and results do not show discrepancies.</p><p>5.2: PN. Note: No evidence to suggest outcome selection. All outcomes mentioned in the methods and results were reported.</p><p>5.3: PN. Note: No evidence to suggest analyses selection. All outcomes mentioned in the methods and results were reported.</p>",Some concerns,"<p>The study is judged to raise some concerns in one domain (4), but not to be at high risk of bias for any domain.</p>"
3,17,Distress/PTSD symptoms at 0-1 months,,SUBGROUP_AND_OVERALL,Chew 2018,2018,0.0,0.0,3.1,0.9,0,44,2.9,0.9,0,56,0.0,0.0,5.753352,0.220517,-0.175558,0.616593,Diabetes Distress Scale (DDS),Low risk,"<p>1a.1: Y; 1a.2: PY.  Note: Title mentions RCT design. <br/>Quote: &quot;In assigning the HCs to the VEMOFIT group (VG) or attention-control groups (AG), randomisation will be carried out after stratification by cluster size and geographical areas of the 10 HCs.&quot;</p><p>Quote: &quot;A member of the Data Management Services team at the University Medical center, Ultrecht will carry out the randomisation.&quot;</p><p>1.3: NI.  Note: No useful information is reported to evaluate this element</p><p>1b.1: PY. Seems that participants were recruited after randomization. </p>",Low risk,<p>2.1a: PY. 2.1b: PN. Quote: &quot;We use a modified informed consent procedure to ensure that patients are unware of the two different intervention programmes&quot;.<br/>2.2.: Y. Nurses were trained to deliver the intervention. </p><p>2.3: PN. Note: No evidence to suggest deviations from the intended intervention that arose because of the trial context.</p><p>2.4: NA.</p><p>2.5: NA.</p><p>2.6: Y. Note: The analysis was carried out on an intention to treat basis.</p><p>2.7: NA.</p>,Low risk,"<p>3.1a: PY. All 10 clusters that recruited participants were analyzed. <br/>3.1b: PN. 92 from intervention group (n = 145) and 79 from control group (n = 150) did not receive allocated intervention. In addition to the 33 people lost to follow up at 12 months, 5 additional missing data were noted with regard to PHQ-9.</p><p>3.2: PN. No evidence that the result was not biased by missing data.</p><p>3.3: PN; 3.4: NA. Note: Missingness in the outcome do not depend on its true value. </p>",Low risk,"<p>4.1: N. Note: The selected outcome method (Malay Brief Illness Perception Quetsionnaire, MBIPQ) is validated and established.</p><p>4.2: PN.  Note: No evidence to suggest differences in measurement between intervention and control</p><p>4.3a: PY.Outcome assessors (participants) were most likeley aware that a trial was taking a place.<br/>4.3b: PN. Quote: &quot;We use a modified informed consent procedure to ensure that patients are unware of the two different intervention programmes&quot;</p><p>4.4: NA.</p><p>4.5: NA.</p>",Low risk,<p>5.1: PY.  Note: Protocol is available. </p><p>5.2: PN.  Note: No evidence to suggest outcome selection. Almost all outcomes mentioned in the methods and protocol were reported (It is not reported &quot;heath-care utilization hospital&quot; that is a secondary outcome). </p><p>5.3: PN. Note: No evidence to suggest analyses selection. All outcomes mentioned in the methdis and protocol were reported. </p>,Low risk,<p>The study is judged to be at low risk of bias for all domains.</p>
3,17,Distress/PTSD symptoms at 0-1 months,,SUBGROUP_AND_OVERALL,Chomat 2019,2019,0.0,0.0,36.7,10.7,0,68,35.7,11.4,0,53,0.0,0.0,5.810189,0.090242,-0.269072,0.449555,Psychosocial Distress Subscale of the Hopkins Symptom Checklist (HSCL-25),Low risk,<p>1.1: Y; 1.2: PY. Note: Remaining names were allocated to the control group with a delayed circle intervention&quot;<br/>Quote: &quot;in a study of this nature it is virtually impossible to keep allocation to groups concealed after the intervention starts&quot;</p><p>1.3: PN. Note: Not significant differences at baseline.</p>,Low risk,"<p>2.1: PY; 2.2: PY.  Quote: In a study of this nature it is virtually impossible to keep allocation to groups concealed after the intervention starts. However, we made no announcements as to the allocation to any of the participants. Given the nature of the intervention, masking was not possible either&quot;</p><p>2.3: PN.  Note: There is no reasons to believe it.</p><p>2.4: NA.</p><p>2.5: NA.</p><p>2.6: Y.  Quote: all primary and secondary analyses followed the intention to treat principle&quot;</p><p>2.7: NA.</p><p> </p>",Low risk,"<p>3.1: PY.  Quote: &quot;147 (81 intervention, 66 control) completed it at baseline, and 121 (68 intervention, 53 control) post-intervention.&quot;</p><p>3.2: NA.</p><p>3.3: NA.</p><p>3.4: NA.</p>",Some concerns,"<p>4.1: N. Note: The selected outcome method is widely validated and established. The selected outcome measure was adapted to fit the local context.</p><p>4.2: N. Note: No evidence to suggest differences in measurement between intervention and control groups. </p><p>4.3: PY.  Note: Outcome assessors were most likely aware of intervention allocation.</p><p>4.4: PY. Note: Knowledge o fthe assigned intervention could influence participant-reported outcomes, but there is no reason to believe that it did. </p><p>4.5: PN.</p>",Low risk,"<p>5.1: PY.  Note: No protocol available. No evidence to suggest otherwise, methods and results do not show discrepancies. </p><p>5.2: PN. Note: No protocol available. No evidence to suggest otherwise, methods and results do not show discrepancies. </p><p>5.3: PN. Note: No evidence to suggest analyses selection. All outcomes mentioned in the methods and results were reported.</p>",Some concerns,"<p>The study is judged to raise some concerns in one domain (4), but not to be at high risk of bias for any domain.</p>"
3,17,Distress/PTSD symptoms at 0-1 months,,SUBGROUP_AND_OVERALL,Dias 2019,2019,0.0,0.0,3.45,2.64,0,80,5.76,2.84,0,84,0.0,0.0,5.866396,-0.837845,-1.157491,-0.518198,General Health Questionnaire (GHQ-12),Low risk,"<p>1.1: Y. 1.2: Y.  Quote: &quot;The data manager randomized participants equally to CAU or DIL intervention via prmuted block randomization (block size of 8), using a computer-generated random-number table&quot;</p><p>1.3: N. Quote: &quot;The DIL and CAU arms were well balanced with respect to sociodemograohic and clinical characteristics&quot;</p>",Low risk,"<p>2.1: Y; 2.2: PN. Quote: &quot;Partcipants wee asked not to discose their assignment to masked assessors&quot;. <br/>Quote: &quot;All study personnel, including assessors, were masked to random assignment until outcomes analysis was complete and reviewed by the Data Safety Monitoring Board&quot;</p><p>2.3: N. Note: There is no reason to believe it.</p><p>2.4: NA.</p><p>2.5: NA.</p><p>2.6: Y. Quote: &quot;91 in the DIL intervention group and 90 in the care as usual (CAU) group were used in the final intention-to-treat analysis&quot;.</p><p>2.7: NA.</p>",Low risk,<p>3.1: Y. Quote: &quot;Attrition was low in both groups: 12.2% in the CAU group and 17.6% in the DIL intervention group&quot;</p><p>3.2: NA.</p><p>3.3: NA.</p><p>3.4: NA.</p>,Some concerns,"<p>4.1: N. Note: The selected outcome method (DDS) is widely validated and established.</p><p>4.2: PN. Note: No evidence to suggest differences in measurement between intervention and control.</p><p>4.3: PN. Note: Outcome assessors (participants) were most likely aware of intervention allocation.</p><p>4.4: PY; 4.5: PN. Note: Knowledge of the assigned intervention could influence participant-reported outcomes, but there is no reason to believe that it did. </p>",Some concerns,"<p>5.1: N. Note: Protocol available. No evidence to suggest otherwise, the protocol and manuscript do not show discrepancies.<br/>5.2: N. Note: no evidence to suggest outcome selection. All outcomes mentioned in the methods and protocol were reported.</p><p>5.3: N. Note: No evidence to suggest analyses selection. All outcomes in the methods and protocol were reported.</p>",Some concerns,"<p>The study is judged to raise some concerns in two domains (4 and 5), but not to be at high risk of bias for any domain.</p>"
3,17,Distress/PTSD symptoms at 0-1 months,,SUBGROUP_AND_OVERALL,Dybdahl 2001,2001,0.0,0.0,56.1,20.4,0,35,59.2,17.4,0,40,0.0,0.0,5.65449,-0.162703,-0.617134,0.291729,Impact of Event Scale (IES),Low risk,"<p>1.1: Y; 1.2: PY. Quote: Tha assignment was random. All the names of the mothers-child dyads were written on pieces of papaer, which were folded, mixed together, and then separated into two piles at random so that one pile formed the intervention group and the other pile formed the control group&quot;</p><p>1.3: PN. Note: No significant differences at baseline. </p>",Some concerns,<p>2.1: PY; 2.2: PY. Note: Due to the nature of the intervention participants were most likely aware of their assigned intervention.</p><p>2.3: NI. Note: No information provided. </p><p>2.4: NA.</p><p>2.5: NA.</p><p>2.6: NI. Note: No explicit mention of the analysis used to estimate the effect of assignment to intervention. </p><p>2.7: NI. Note: No information provided. </p>,High risk,"<p>3.1: PN. Quote: &quot;Twelve of the families dropped out of the study and did not participate in scheduled interventions: 7 from intervention group, and 5 from the control gorip&quot;. Quote: &quot;Several of the mothers and children did not complete all tests at both tests periods for a variety of reasons; thus the number of participants varied from test to test&quot;.</p><p>3.2: NI. Note: No information provided. </p><p>3.3: NI. Note: No information provided. </p><p>3.4: NI. Note: No information provided.</p>",Some concerns,"<p>4.1: N. Note: The selected outcome method is widely validated and established.</p><p>4.2: NI. Note: No information provided. </p><p>4.3: N. Quote: &quot;The third and fourth teams carried out the evaluations. They Were blind with respect to which families were in the intervention or control groups, as were the physicians who provided the medican checkups&quot;.</p><p>4.4: NA.</p><p>4.5: NA. </p>",Low risk,"<p>5.1: PY. No evidence to suggest otherwise, methods and results do not show discrepancies. </p><p>5.2: PN. Note: No evidence to suggest outcome selection. </p><p>5.3: PN. Note: No evidence to suggest analyses selection. </p>",High risk,<p>The study is judged to be at high risk of bias<b> </b>in one domains (3).</p>
3,17,Distress/PTSD symptoms at 0-1 months,,SUBGROUP_AND_OVERALL,Ferreira-Vorkapic 2018,2018,0.0,0.0,1.1,0.0,0,20,25.1,0.0,0,20,0.0,0.0,,,,,Lipp’s Stress Symptoms Inventory for Adults (ISSL),Low risk,"<p>1.1: Y; 1.2: Y. Quote: &quot;(...) volunteers were randomly allocated to one of the three experimental groups. A separate examiner coordinated the group distribution (and all statistical analysis was performed by an expert from another<br/>state), using the random allocation method.&quot;</p><p>1.3: N. Quote: &quot;the baseline data showing no significant differences between the groups, except for education years, where the relaxation group showed a higher<br/>level of education&quot;</p>",Some concerns,<p>2.1: PY; 2.2: PY. Note: Due to the nature of the intervention participants and personnel were most likely aware of their assigned intervention </p><p>2.3: PN. Note: No evidence to suggest issues to implement intervention</p><p>2.4: NA.</p><p>2.5: NA. </p><p>2.6: NI. Note: No explicit mention of the analysis used to estimate the effect of assignment to intervention</p><p>2.7: NA. Note: There was not a substantial impact of the failure to analyse participants in the group to which they were randomized</p>,Low risk,<p>3.1: Y. Note: Drop-out: 0</p><p>3.2: NA.</p><p>3.3: NA.</p><p>3.4: NA.</p>,Some concerns,"<p>4.1: N. Note: The selected outcome method (BAI) is widely validated and established across multiple languages.ility in the study (0.9)</p><p>4.2: PN. Note: No evidence to suggest differences in measurement between intervention and control.</p><p>4.3: PY. Note: Outcome assessors (participants) were most likely aware of intervention allocation. </p><p>4.4: PY; 4.5: PN. Note: Knowledge of the assigned intervention could influence participant-reported outcomes, but there is no reason to believe that it did.</p>",Low risk,"<p>5.1: PY. Note: No evidence to suggest otherwise, methods and results do not show discrepancies. </p><p>5.2: PN. Note: No evidence to suggest outcome selection. All outcomes mentioned in the methods and results were reported. </p><p>5.3: PN. Note: No evidence to suggest analyses selection. All analyses mentioned in the methods were reported. </p>",Some concerns,"<p>The study is judged to raise some concerns in two domains (2 and 4), but not to be at high risk of bias for any domain.</p>"
3,17,Distress/PTSD symptoms at 0-1 months,,SUBGROUP_AND_OVERALL,Hinton 2021,2018,0.0,0.0,2.9,2.4,0,19,5.5,3.4,0,20,0.0,0.0,5.240101,-0.861595,-1.521082,-0.202107,Zarit Burden Interview (ZBI),Low risk,"<p>1a.1: PY. 1a.2: Y. Quote: &quot;Randomizationwas at the level of clusters, defined as geographic areas (ie, communes) served by commune health stations which have a population<br/>range of ≈5000-15,000 people. Randomization was conducted<br/>by one of the study investigators residing in the United States through<br/>the flip of a coin.&quot;</p><p>1a.3: NI. No useful information is reported to evaluate this element</p><p>1b.1: N. Note: particpants were recruited after randomization; </p><p>1b.2: PN. Note: there is no evidence to suggest that selection of individual participants was affected by knoweldge of the intervention assigned to the cluster; </p><p>1b.3:N. Note: no significant differences at baseline were identified. </p>",Low risk,"<p>2.1a: NI; 2.1b: PY; 2.2: Y. Note: No information provided on whether participants knew that they were in a trial, due to the nature of the intervention they (as those delivering the intervention) were most likely aware of intervention allocation.</p><p>2.3: PN. Note: No evidence to suggest deviations from the intended intervention that arose because of the trial context </p><p>2.4: NA.</p><p>2.5: NA.</p><p>2.6: Y. Note: Data was analysed on an intention-to-treat basis.</p><p>2.7: NA.</p>",Low risk,<p>3.1a PY. Note: no evidence to suggest failure in analyzing any clyster; </p><p>3.1b: PY. Note: data was avaiable for 85% of participants at follow-up.</p><p>3.2: NA.</p><p>3.3: NA; 3.4: NA.</p>,Some concerns,"<p>4.1: PN.  The outcome measure (CES-D) is widely established and used across contexts. </p><p>4.2: PN. Note: no evidence to suggest that. </p><p>4.3a: NI; 4.3b: PY. Note: No information provided on whether participants knew that they were in a trial, participants were most likely aware of the group allocation due to the nature of the intervention. </p><p>4.4: PY; 4.5: PN. Note: Knowledge of the assigned interventio could influence participant-reported outcomes, but there is no reason to believe that it did.</p>",Low risk,"<p>5.1: Y. Note: A pre-determined statistical plan is avaiable and in line with procedures reported in the final manuscript</p><p>5.2: PN. Note:No evidence to suggest outcome selection. All outcomes mentioned in the protocol, methods and results were reported.</p><p>5.3: PN. Note: No evidence to suggest analyses selection. All analyses mentioned in the protocol, methods and results were reported.</p>",Some concerns,"<p>The study is judged to raise some concerns in one domain (4), but not to be at high risk of bias for any domain.</p>"
3,17,Distress/PTSD symptoms at 0-1 months,,SUBGROUP_AND_OVERALL,Lachman 2017,2017,0.0,0.0,20.53,8.2,0,34,22.4,7.63,0,34,0.0,0.0,5.613495,-0.233414,-0.71049,0.243662,Parenting Stress Index Short Form (PSI-SF),Low risk,"<p>1.1: Y; 1.2:Y. Quote: &quot;An external researcher not directly involved in the study conducted the randomization procedures remotely in Oxford, United<br/>Kingdom. Participants were randomly assigned on a 1:1 ratio to an intervention or wait-list control group after baseline data collection<br/>using a concealed computerized program, SealedEnvelope™.&quot;; &quot;Our implementing partner, Clowns Without Borders South Africa, notified participants of their<br/>allocation status via telephone.&quot;</p><p>1.3:PN.</p>",Low risk,"<p>2.1:Y; 2.2:Y. Quote: &quot;Although program implementers and participants were aware of their allocation status, researchers<br/>conducting self-report interviews and observational assessments were blind to allocation.&quot;</p><p>2.3: PN. Note: No evidence to suggest issues to implement intervention</p><p>2.4:NA.</p><p>2.5:NA.</p><p>2.6:Y. Quote: &quot;Data analyses were conducted with an intention-to-treat design&quot;</p><p>2.7:NA.</p>",Low risk,<p>3.1:Y. Note: 3 out of the 68 participants randomized were lost at follow-up (2.9%).</p><p>3.2:NA.</p><p>3.3:NA.</p><p>3.4:NA.</p>,Some concerns,"<p>4.1:PN. Note: The selected outcome method is widely validated and established, appropriate for the local context, and assessed in its psychometric properties for this sample. </p><p>4.2:PN. Note: No evidence to suggest differences in measurement between intervention and control. </p><p>4.3:Y. Note: Outcome assessors (participants) were most likely aware of intervention allocation. The research assistants administering the questionnaires were blinded.</p><p>4.4: PY; 4.5:PN. Note: Knowledge of the assigned intervention could influence participant-reported outcomes, but there is no reason to believe that it did</p>",Some concerns,"<p>5.1:PY. Note: No evidence to suggest otherwise, the protocol and manuscript do not show discrepancies. </p><p>5.2: PY. Note: A few of the secondary outcomes mentioned in the protocol (e.g. ASSIST, Grover-Counter Scale of Cognitive Development) were not reported in this manuscript. </p><p>5.3: PN. Note: No evidence to suggest analyses selection. All analyses mentioned in the protocol and methods were reported in the results. </p>",Some concerns,"<p>The study is judged to raise some concerns in two domains (4 and 5), but not to be at high risk of bias for any domain.</p>"
3,17,Distress/PTSD symptoms at 0-1 months,,SUBGROUP_AND_OVERALL,Lachman 2020,2020,0.0,0.0,21.08,9.56,0,29,21.29,10.74,0,24,0.0,0.0,5.490938,-0.020466,-0.561337,0.520405,Parenting Stress Scale (PSS),Low risk,"<p>1a.1: Y; 1a.2: Y. Quote: &quot;Cluster randomisation was conducted at village level prior to baseline assessments, to reduce the likelihood of contamination between arms. An external researcher used concealed computer-generated codes to randomly allocate eight villages into three treatment arms and a control arm &quot;; &quot;The implementing partner notified the participating families of their allocation status after baseline data collection.&quot;</p><p>1a.3: NI. No useful information is reported to evaluate this element.</p><p>1b.1: PN. Note: randomization was conducted prior to the recruitment of participants</p><p>1b.2: PN. Note: groups were comparable at baseline, see Table 1. </p>",Low risk,"<p>2.1a: NI; 2.1b: PY; 2.2: PY. Note: No information provided on whether participants knew that they were in a trial, due to the nature of the intervention they (as those delivering the intervention) were aware of intervention allocation. </p><p>2.3: PN. Note: No evidence to indicate deviations from protocol.</p><p>2.4: NA.</p><p>2.5: NA.</p><p>2.6: Y. Note: Data was analysed on an intention-to-treat basis.</p><p>2.7: NA.</p>",Low risk,"<p>3.1a.: Y. Note: all included clusters were analyzed; 3.1b: PY. Note: data were available for nearly all participants within the cluster. Quote:&quot;Study retention was considerably higher than anticipated with 94.8% adults (n=235/248), 87.5% children (n=154/176) and 87.8% in their early childhood (n=122/139) assessments completed at post-treatment, with no differences between arms&quot;</p><p>3.2: NA.</p><p>3.3: NA.</p><p>3.4: NA.</p>",Some concerns,"<p>4.1: PN. Note: The outcome measure is widely established and validated for use across different contexts.</p><p>4.2: PN. Note: No evidence to suggest differences in measurement between intervention and control.</p><p>4.3a: NI; 4.3b: PY. Note: No information provided on whether participants knew that they were in a trial, participants (outcome assessors) were most likely aware of the group allocation due to the nature of the intervention.</p><p>4.4: PY; 4.5: PN. Note: Knowledge of the assigned intervention could influence participant-reported outcomes, but there is no reason to believe that it did.</p>",Low risk,"<p>5.1: PY. Note: No evidence to suggest otherwise, methods and results do not show discrepancies.</p><p>5.2: PN. Note: No evidence to suggest outcomes selection. All outcomes mentioned in the methods and results were reported. </p><p>5.3: PN. Note: No evidence to suggest analyses selection. All outcomes mentioned in the methods and results were reported. </p>",Some concerns,"<p>The study is judged to raise some concerns in one domain (4), but not to be at high risk of bias for any domain.</p>"
3,17,Distress/PTSD symptoms at 0-1 months,,SUBGROUP_AND_OVERALL,Luoto 2020,2020,0.0,0.0,15.98,12.41,0,181,14.98,13.35,0,184,0.0,0.0,5.995698,0.077404,-0.127859,0.282667,Daily Stress Index (DSI),Low risk,"<p>1a.1: PY; 1a.2: PY. Quote: &quot;Using a random<br/>number generator in Stata, two authors (JEL and ILG) randomly assigned villages in a 1:1:1 ratio to one of three study groups, stratified by sub-county&quot;</p><p>1a.3: NI.  No useful information is reported to evaluate this element.</p><p>1b.1: Y. Note: from protocol it is clear that recruitment of both adults and children as well as baseline assessments, took place before randomization to study arms </p>",Low risk,"<p>2.1 a: NI; 2.1b:PY; 2.2: PY. Note: No information provided on whether participants knew that they were in a trial, due to the nature of the intervention they (as those delivering the intervention) were most likely aware of intervention allocation. Quote: &quot;Due to the nature of the intervention, masking of<br/>participants and community health volunteers who<br/>delivered the intervention was not possible&quot;</p><p>2.3: PN. Note: No evidence to suggest deviations from the intended intervention that arose because of the trial context.</p><p>2.4: NA.</p><p>2.5: NA.</p><p>2.6: Y. Note: Data was analyzed on an intention-to-treat basis.</p><p>2.7: NA.</p>",Low risk,<p>3.1a PY. Note: all 60 clusters that recruited participants were analyzed; </p><p>3.1b: PY. Note: 92 participants out of 1152 were lost at follow-up (8%).</p><p>3.2: NA.</p><p>3.3: NA; 3.4: NA.</p>,Some concerns,"<p>4.1: PN.  The outcome measure (CES-D) is widely established and used across contexts. </p><p>4.2: PN. Note: No evidence to suggest that measurement or ascertainment of the outcome differed between intervention groups.</p><p>4.3a: NI; 4.3b: PY. Note: No information provided on whether participants knew that they were in a trial, participants (outcome assessors) were most likely aware of the group allocation due to the nature of the intervention. Efforts were made to keep the data collection teams as masked to group status as possible. </p><p>4.4: PY; 4.5: PN. Note: Knowledge of the assigned intervention could influence participant-reported outcomes, but there is no reason to believe that it did.</p>",Low risk,"<p>5.1: PY. Note: No evidence to suggest otherwise, protocol and paper do not show discrepancies.</p><p>5.2: PN. Note: No evidence to suggest outcome selection. All outcomes mentioned in the protocol, methods, and results were reported.</p><p>5.3: PN. Note: No evidence to suggest analyses selection. All analyses mentioned in the protocol, methods, and results were reported.</p>",Some concerns,"<p>The study is judged to raise some concerns in one domain (4), but not to be at high risk of bias for any domain.</p>"
3,17,Distress/PTSD symptoms at 0-1 months,,SUBGROUP_AND_OVERALL,Novelli 2018,2018,0.0,0.0,30.4,15.39,0,15,35.33,13.55,0,15,0.0,0.0,5.100451,-0.330829,-1.05212,0.390463,Zarit Burden Interview (ZBI),Low risk,"<p>1.1: Y; 1.2: Y. Quote: &quot;The 30 dyads were randomized to an EG and a CG, by randomization in blocks of 4 generated by a computer, performed by a blinded research assistant.&quot;</p><p>1.3: N. Quote: &quot;There was no statistical difference between the groups with regard to baseline characteristics&quot;</p>",Low risk,"<p>2.1: PY; 2.2: PY. Note: Due to the nature of the intervention, caregivers and people who delivering the intervention were most likely aware of the assignment. May be different for patients given the nature of their disorder. </p><p>2.3: N. Note: No evidence of deviations from protocol.</p><p>2.4: NA.</p><p>2.5: NA.</p><p>2.6: PY. Note: 32 out of the 33 randomized dyads were included in post-test analyses. No explicit mention of approach used. </p><p>2.7: NA.</p>",Low risk,"<p>3.1: Y. Quote: &quot;With regard to the total sample, there was a 2-dyad sample loss at the start of the TAP-BR application, because of subject desistance, and 2 new dyads were included in this group; hence, the final sample was of 15 dyads in each group.<br/>There was no loss in the CG because retention strategies were applied.&quot;; &quot;There was no sample loss in the postintervention evaluation.&quot;</p><p>3.2: NA.</p><p>3.3: NA.</p><p>3.4: NA.</p>",Some concerns,"<p>4.1: N. Note: Zarit scale has been validated for use in Brazil</p><p>4.2: PN. Note: No evidence to suggest differences in measurement between intervention and control. </p><p>4.3: PY. Note: Outcome assessors (participants) were most likely aware of intervention allocation. CHWs collecting data were blinded.</p><p>4.4: PY; 4.5: PN. Note: Knowledge of the assigned intervention could influence participant-reported outcomes, but there is no reason to believe that it did</p>",Low risk,"<p>5.1: PY. Note: no evidence to suggest otherwise, methods and results do not show discrepancies. </p><p>5.2: PN. Note: No evidence to suggest outcome selection. All outcomes mentioned in the methods are reported.</p><p>5.3: PN. Note: No evidence to suggest analyses selection. All analyses mentioned in the methods were reported. </p>",Some concerns,"<p>The study is judged to raise some concerns in one domain (4), but not to be at high risk of bias for any domain.</p>"
3,17,Distress/PTSD symptoms at 0-1 months,,SUBGROUP_AND_OVERALL,Rajeswari 2020,2020,0.0,0.0,40.52,8.61,0,120,77.56,8.89,0,119,0.0,0.0,5.648104,-4.219477,-4.677488,-3.761467, Calvin Hobel Scale,Some concerns,"<p>1.1: PY; 1.2: NI. Quote: &quot;The women were assigned using a lottery method to intervention and control groups, 125 in each group&quot;</p><p>1.3: PN. Quote: &quot;Majority were in the age group of 25–29 years (intervention group 60 [48%]; control group 57 [45.60%]).It was seen that 37 (29.60%) in the intervention group and 35 (28.0%) in the control group had high school education, 63 (50.40%) of the intervention group and 59 (47.20%) of the control group were residing in suburban area, 72 (57.60%) in the intervention group and 68 (54.40%) in the control group belonged to nuclear families.; &quot;No formal testing is reported</p>",Low risk,"<p>2.1: PY. 2.2: Y.  Note: Due to the nature of the intervention participants were most likely aware of the intervention. Research team members were aware of the intervention during its delivery.</p><p>2.3: PN. Note: No evidence of deviations</p><p>2.4: NA.</p><p>2.5: NA.</p><p>2.6: PY. No mention of approach to estimate effect of assignment to intervention. Out of the 250 participants randomized, 239 were analyzed.</p><p>2.7: NA.</p>",Low risk,"<p>3.1: Y. Note: 125 randomized to intervention, 120 analysed at follow-up. 125 allocated to control, 119 analysed (about 4% were lost)</p><p>3.2: NA.</p><p>3.3: NA.</p><p>3.4: NA.</p>",Some concerns,"<p>4.1: NI. Note: While information on validity for this sample are reported, the measure has been validated across other contexts</p><p>4.2: PN. Note: no evidence to suggest differences in measurement between intervention and control.</p><p>4.3: PY. Note: Outcome assessors (mothers) were most likely aware of intervention allocation.</p><p>4.4: PY. Note: Knowledge of the assigned intervention could influence participant-reported outcomes, but there is no reason to believe that it did</p><p>4.5: PN.</p>",Low risk,"<p>5.1: PY.  Note: no evidence to suggest otherwise, methods and results do not show discrepancies.</p><p>5.2: PN.  Note: No evidence to suggest outcome selection. All outcomes mentioned in the methods were reported. </p><p>5.3: PN. Note: no evidence to suggest analyses selection. All outcomes mentioned in the methods and results were reported. </p>",Some concerns,"<p>The study is judged to raise some concerns in two domains (1 and 4), but not to be at high risk of bias for any domain.</p>"
3,17,Distress/PTSD symptoms at 0-1 months,,SUBGROUP_AND_OVERALL,Rao 2017,2017,0.0,0.0,9.26,6.77,0,30,12.53,5.55,0,30,0.0,0.0,5.541482,-0.5214,-1.036581,-0.006219,General Health Questionnaire (GHQ-12),Low risk,"<p>1.1: Y; 1.2: PY. Quote: &quot;All the subjects were given a serial number based on<br/>alphabetical order of their names. The participants were<br/>randomly divided into an MSRT group (n = 30) and a control<br/>group (n = 30) using computer-based random number<br/>generating software.&quot;</p><p>1.3: N. Quote:&quot;No significant differences existed in participants’ ages,<br/>socioeconomic statuses, and educational backgrounds<br/>between the groups.&quot;</p>",Low risk,"<p>2.1: PY; 2.2: PY.  Note: Due to the nature of the intervention, caregivers and people who delivering the intervention were most likely aware of the assignment. May be different for patients given the nature of their disorder. </p><p>2.3: PN.  Note: No evidence to suggest issues in recruitment and engagement nor failures to implement intervention</p><p>2.4: NA.</p><p>2.5: NA.</p><p>2.6: PY.  Note: No explicit mention of the analysis used to estimate the effect of assignment to intervention. Results table are reported for all the randomized participants (n=30 participants in the intervention and n=30 in the control group).</p><p>2.7: NA.</p>",Low risk,"<p>3.1: PY.  Note: Tables indicate that the number of participants for cases and controls is equal to 30. There is no specification on number of participants that may have been lost at follow-up. Tables report data for the 60 randomized participants. As the methods indicate that only participants attending 70% + of sessions would be included in the study, it can be deduced that no losses at follow-up could be observed.  </p><p>3.2: NA. </p><p>3.3: NA.</p><p>3.4: NA.</p>",Some concerns,"<p>4.1: N.  Quote: &quot;valid and reliable tool&quot;; &quot;It is the most widely<br/>used psychological instrument for measuring the perception<br/>of stress. It consists of 10 items.&quot; </p><p>4.2: PN. Note: no evidence to suggest differences in measurement between intervention and control.</p><p>4.3: Y. Note: Outcome assessors (mothers) were most likely aware of intervention allocation.</p><p>4.4: PY. Note: Knowledge of the assigned intervention could influence participant-reported outcomes, but there is no reason to believe that it did</p><p>4.5: PN.  </p>",Low risk,"<p>5.1: PY.  Note: no evidence to suggest otherwise, methods and results do not show discrepancies.</p><p>5.2: PN.  Note: No evidence to suggest outcome selection. All outcomes mentioned in the methods were reported. </p><p>5.3: PN. Note: no evidence to suggest analyses selection. All outcomes mentioned in the methods and results were reported. </p>",Some concerns,"<p>The study is judged to raise some concerns in one domain (4), but not to be at high risk of bias for any domain.</p>"
3,17,Distress/PTSD symptoms at 0-1 months,,SUBGROUP_AND_OVERALL,Rodriguez 2021,2021,0.0,0.0,7.09,4.3,0,27,6.33,2.9,0,27,0.0,0.0,5.502757,0.204227,-0.330706,0.739159,Distress Subscale of the Depression Anxiety Stress Scale (DASS-21),Low risk,"<p>1.1: Y. Note: Title mentions RCT design. Quote: &quot;Students who completed the web-based baseline assessment measures were randomly assigned to a brief, 4-week internet-based mindfulness intervention (MIND), or to the intervention plus peer counselor support (MIND+).&quot; </p><p>1.2: Y. Quote: &quot;The randomization sequence was sourced through random.org [49], an automated, web-based randomization service that generates randomness using atmospheric noise. Using random.org, two 25-person blocks were used to randomize the participants into 2 equally-sized groups.&quot;</p><p>1.3: PN. Note: No significant differences at baseline.</p>",Some concerns,"<p>2.1: PY; 2.2: PY. Note: Due to the nature of the intervention, participants and the interventionists were most likely aware of the allocation.</p><p>2.3: PN. Note: No evidence to suggest issues to implement intervention. </p><p>2.4: NA</p><p>2.5: NA</p><p>2.6: NI. Note: No explicit mention of the analysis used to estimate the effect of assignment to intervention.</p><p>2.7: N. Note: There was not a substantial impact of the failure to analyse participants in the group to which they were randomized.</p>",High risk,<p>3.1: PN. Note: Drop-out: 31 of 56.</p><p>3.2: PN. Note: Proportions of lost to follow-up between control and intervention are not comparable (n= 20 and n= 11).</p><p>3.3: NI; 3.4: NI. Note: No information about documented reasons that withdrawal are related to the outcome.</p>,Some concerns,"<p>4.1: N. Note: The selected outcome method (DASS-21) is widely validated and established.</p><p>4.2: PN. Note: No evidence to suggest differences in measurement between intervention and control.</p><p>4.3: PY. Note: Outcome assessors (participants) were most likely aware of intervention allocation.</p><p>4.4: PY; 4.5: PN. Note: Knowledge of the assigned intervention could influence participant-reported outcomes, but there is no reason to believe that it did.</p>",High risk,"<p>5.1: PY. Note: No evidence to suggest otherwise, methods and results do not show discrepancies.</p><p>5.2: PY. Note: Evidence to suggest outcome selection. The outcome &quot;stress&quot; (PSS) mentioned in the methods, it was not reported in the results.</p><p>5.3: PY: Evidence to suggest analyses selection. The outcome &quot;stress&quot; (PSS) mentioned in the methods, it was not reported in the results.</p>",High risk,<p>The study is judged to be at high risk of bias<b> </b>in two domains (3 and 5).</p>
3,17,Distress/PTSD symptoms at 0-1 months,,SUBGROUP_AND_OVERALL,Sangraula 2020,2020,0.0,0.0,11.9,6.6,0,6,17.6,6.0,0,6,0.0,0.0,3.956287,-0.83422,-2.036853,0.368414,General Health Questionnaire (GHQ-12),Low risk,"<p>1a.1: PY. 1a.2: PY. Quote: &quot;A randomization procedure was used, in which names of the two VDCs were written on cards and placed into a hat. The District Public Health Officer (DPHO) was to draw one card from the hat which would be allocated as the intervention arm VDC and the VDC in the remaining card would be allocated to the control arm. Program staff, including community psychosocial workers (CPSWs) and research assistants (RAs) were only assigned to either VDC after the random drawing to reduce risk of unblinding. </p><p>1a.3: PN.  There is no evidencde to suggest problems in the randomization process</p><p>1b.1: PN. it appears the randomization was conducted prior to the recruitment of participants.</p><p>1b.2: PN. It is unlikely that the selection of inidividual participants was affected by knowledge of the intervention assigned to the cluster. </p><p>1b.3: PN. there is no evidence to indicate imbalances in baseline values to indicate differentail identification or recruitment of individual participants. </p>",Low risk,"<p>2.1 a:NI. 2.1b: PN. 2.2: PN. Quote: &quot;CPSWs, RAs, trial participants, and local mhGAP trained health workers were blinded to the allocation of the study conditions. The VDCs of the two arms were separated by another VDC which worked as a buffer and physical barrier against contamination between the two arms. CPSWs in both arms were instructed not to disclose the treatment that any participants received except with their clinical supervisors. The trial statistician was blinded to treatment arm during analysis. &quot;</p><p>2.3: NA.</p><p>2.4: NA.</p><p>2.5: NA. </p><p>2.6: PY. Data was analysed for most participants randomized.</p>",Low risk,<p>3.1a: Y. all included clusters were analyzed; </p><p>3.1b: PY. data were available for nearly all participants within the cluster</p><p>3.2: NA.</p><p>3.3: NA.</p><p>3.4: NA.</p>,Low risk,"<p>4.1: PN. The outcome measure (PHQ-9) is widely established and used across contexts, included the one of the trial</p><p>4.2: PN. No evidence to suggest that measurement or ascertainment of the outcome differed between intervention groups.</p><p>4.3a:NI. 4.3b: PN.  No information provided on whether participants knew that they were in a trial, participants (outcome assessors) were blinded</p>",Low risk,"<p>5.1: PY. No evidence to suggest otherwise, protocol and paper do not show discrepancies.</p><p>5.2: PN. No evidence to suggest outcome selection. All outcomes mentioned in the protocol, methods and results were reported.</p><p>5.3: PN. No evidence to suggest analyses selection. All analyses mentioned in the protocol, methods and results were reported.</p>",Low risk,<p>The study is judged to be at low risk of bias for all domains.</p>
3,17,Distress/PTSD symptoms at 0-1 months,,SUBGROUP_AND_OVERALL,Ward 2020,2020,0.0,0.0,127.56,21.16,0,148,123.12,21.22,0,128,0.0,0.0,5.964731,0.20898,-0.028245,0.446205,Parenting Stress Index (PSI),Low risk,<p>1.1: PY; 1.2: PY.  Quote: &quot;Randomization was conducted after data collection by an off-site statistician with no other contact with the trial&quot;.&quot;</p><p>1.3: PN. Baseline characteristics were overall comparable across groups as demonstrated by Table 1.</p>,High risk,"<p>2.1: PY; 2.2: PY.  Due to the nature of the intervention participants and personnel were moslt likely aware of their assigned intervention.</p><p>2.3: PY. There is some evidence to suggest possible contamination between the intervention and control group. Quote: &quot;In addition, in the dense living environments of informal settlements, it is possible that there was contamination between intervention and control groups.&quot;</p><p>2.4: PY. Contamination could have affected the outcomes.</p><p>2.5: PY. Contamination is more liekly to affect the participants in the control group.</p><p>2.6: PY. No explicit mention of the analysis used to estimate the effect of assignment to intervention, but data was analyzed for almost all randomized participants. Quote: &quot;For caregiver self-report, the follow-up rate was 97.0% at t1 and 91.9% at t&quot;. </p><p>2.7: NA.</p>",Low risk,"<p>3.1: PY.  Data was availalble for almost all randomized participants. Quote: &quot;For caregiver self-report, the follow-up rate was 97.0% at t1 and 91.9% at t&quot;</p><p>3.2: NA. </p><p>3.3: NA.</p><p>3.4: NA.</p>",Some concerns,"<p>4.1: PN. The selected outcome method is widely validated and established across contexts and demonstrated good psychometric properties in the study</p><p>4.2: PN. Note: No evidence to suggest differences in measurement between intervention and control. </p><p>4.3: PY. Outcome assessors (participants) were most likely aware of intervention allocation. </p><p>4.4: PY. Knowledge of the assigned intervention could influence participant-reported outcomes, but there is no reason to believe that it did</p><p>4.5: PN.</p>",Low risk,"<p>5.1: PY.  No evidence to suggest otherwise, methods and results do not show discrepancies.. </p><p>5.2: PN. No evidence to suggest outcome selection.. </p><p>5.3: PN. No evidence to suggest analyses selection. All analyses mentioned in the methods were reported.</p>",High risk,<p>The study is judged to be at high risk of bias<b> </b>in one domain (2).</p>
3,17,Distress/PTSD symptoms at 0-1 months,,SUBGROUP_AND_OVERALL,Yeomans 2010,2010,0.0,0.0,1.97,0.45,0,38,2.11,0.54,0,38,0.0,0.0,5.658907,-0.278802,-0.730747,0.173142,Harvard Trauma Questionnaire Part IV (HTQ),Low risk,"<p>1.1: Y; 1.2: NI.Note: Title mentions RCT design. No further information.  </p><p>1.3: N. Quote: &quot;There  were no significant baseline differences between the three treatment groups across age, gender, ethnicity, symptoms, education level, traumatic events experienced, or on prior exposure to trauma discourse&quot;</p>",Some concerns,"<p>2.1: Y; 2.2: PY. Quote: &quot;Participants (...) were informed of random allocation procedures&quot;. Due to the nature of the intervention, the interventionists were most likely aware of the allocation. </p><p>2.3: PN. Note: No evidence to suggest issues to implement intervention</p><p>2.4: NA.</p><p>2.5: NA. </p><p>2.6: NI. Note: No explicit mention of the analysis used to estimate the effect of assignment to intervention</p><p>2.7: NA. Note: There was not a substantial impact of the failure to analyse participants in the group to which they were randomized</p>",Low risk,<p>3.1: Y. Note:  Lost to follow-up: 7 of 120</p><p>3.2: NA.</p><p>3.3: NA.</p><p>3.4: NA.</p>,Some concerns,"<p>4.1: N. Note: The selected outcome method (HSCL-25) is widely validated and established across multiple languages.</p><p>4.2: PN. Note: No evidence to suggest differences in measurement between intervention and control.</p><p>4.3: PY. Note: Outcome assessors (participants) were most likely aware of intervention allocation. </p><p>4.4: PY; 4.5: PN. Note: Knowledge of the assigned intervention could influence participant-reported outcomes, but there is no reason to believe that it did.</p>",Low risk,"<p>5.1: PY. Note: No evidence to suggest otherwise, methods and results do not show discrepancies. </p><p>5.2: PN. Note: No evidence to suggest outcome selection. All outcomes mentioned in the methods and results were reported. </p><p>5.3: PN. Note: No evidence to suggest analyses selection. All analyses mentioned in the methods were reported. </p>",Some concerns,"<p>The study is judged to raise some concerns in two domains (2 and 4), but not to be at high risk of bias for any domain.</p>"
3,18,Distress/PTSD symptoms at 1-6 months ,,SUBGROUP_AND_OVERALL,Acarturk 2022,2022,0.0,0.0,13.269,4.825,0,264,13.768,4.548,0,263,0.0,0.0,15.16605,-0.106271,-0.277148,0.064605,General Health Questionnaire (GHQ-12),Low risk,"<p>1.1: Y. Quote: &quot;Participants were randomly assigned either to the Self-Help Plus arm or to ECAU only, in a 1:1 ratio.&quot; 1.2: Y. Quote &quot;The randomization schedule was generated by Castor Electronic Data Capture (EDC). (..)  Research team members involved in<br/>recruitment were able to access the web-based software to randomize each newly enrolled participant, but were not able to access the randomization list, and were not aware of the block size.&quot;</p><p>1.3: N. Note: No significant differences at baseline. </p>",Low risk,<p>2.1: PY; 2.2: PY. Note: Due to the nature of the intervention participants and the interventionists were most likely aware of the allocation.</p><p>2.3: PN. Note: No evidence to suggest issues to implement intervention.</p><p>2.4: NA.</p><p>2.5: NA.</p><p>2.6: Y. Quote: &quot;We followed an intent-to-treat approach for analysis of primary and secondary outcomes&quot;</p><p>2.7: NA.</p>,Low risk,<p>3.1: PY. Quote: &quot; The distribution of participants lost to follow-up was similar between the study groups (15.53% vs. 14.06%)&quot;</p><p>3.2: NA.</p><p>3.3: NA.</p><p>3.4: NA.</p>,Some concerns,"<p>4.1: N. Note: The selected outcome method (PHQ-9) is widely validated and established.</p><p>4.2: PN. Note: No evidence to suggest differences in measurement between intervention and control. </p><p>4.3: PY. Note: Outcome assessors (participants) were most likely aware of intervention allocation. </p><p>4.4: PY; 4.5: PN. Note: Knowledge of the assigned intervention could influence participant-reported outcomes, but there is no reason to believe that it did.</p>",Low risk,"<p>5.1: PY. Note: no evidence to suggest otherwise, methods and results do not show discrepancies. </p><p>5.2: PN. Note: No evidence to suggest outcome selection. All outcomes mentioned in the methods are reported.</p><p>5.3: PN. Note: No evidence to suggest analyses selection. All analyses mentioned in the methods were reported. </p>",Some concerns,"<p>The study is judged to raise some concerns in one domain (4), but not to be at high risk of bias for any domain.</p>"
3,18,Distress/PTSD symptoms at 1-6 months ,,SUBGROUP_AND_OVERALL,Chaharrahifard 2021,2021,0.0,0.0,47.0,11.51,0,27,58.84,8.59,0,25,0.0,0.0,7.430941,-1.141816,-1.731764,-0.551867,Parenting Stress Index Short Form (PSI-SF),Low risk,<p>1.1: Y. Note: Title mentions RCT design; Quote: &quot;the samples were randomly assigned to two groups of received counseling (intervention) and non-received counseling (control) by four-sized randomized blocks.&quot;</p><p>1.2: Y. Quote: &quot;The details of blocks were contained in asset of sealed.</p><p>1.3: N. Quote: &quot;There was not significant difference between the demographic characteristics in the control and intervention group.&quot;</p>,Some concerns,"<p>2.1: PY; 2.2: PY. Note: Due to the nature of the intervention, participants and the interventionists were most likely aware of the allocation.</p><p>2.3: PN. Note: No evidence to suggest issues to implement intervention.</p><p>2.4: NA</p><p>2.5: NA</p><p>2.6: NI. Note: No explicit mention of the analysis used to estimate the effect of assignment to intervention. </p><p>2.7: N. Note: There was not a substantial impact of the failure to analyse participants in the group to which they were randomized.</p>",Low risk,<p>3.1: PY. Note: Drop-out rate: 21%.</p><p>3.2: NA</p><p>3.3: NA</p><p>3.4: NA</p>,Some concerns,"<p>4.1: N. Note: The selected outcome method (PSI-SF) is widely validated and established.</p><p>4.2: PN. Note: No evidence to suggest differences in measurement between intervention and control.</p><p>4.3: PY. Note: Outcome assessors (participants) were most likely aware of intervention allocation.</p><p>4.4: PY; 4.5: PN. Note: Knowledge of the assigned intervention could influence participant-reported outcomes, but there is no reason to believe that it did.</p>",Low risk,"<p>5.1: PY. Note: No evidence to suggest otherwise, methods and results do not show discrepancies.</p><p>5.2: PN. Note: No evidence to suggest outcome selection. All outcomes mentioned in the methods and results were reported.</p><p>5.3: PN. Note: No evidence to suggest analyses selection. All outcomes mentioned in the methods and results were reported.</p>",Some concerns,"<p>The study is judged to raise some concerns in two domains (2 and 4), but not to be at high risk of bias for any domain.</p>"
3,18,Distress/PTSD symptoms at 1-6 months ,,SUBGROUP_AND_OVERALL,Cheng 2021,2021,0.0,0.0,2.29,0.52,0,102,2.69,0.69,0,99,0.0,0.0,12.985706,-0.653615,-0.937566,-0.369664,Diabetes Distress Scale (DDS),Low risk,<p>1.1: Y. Quote: &quot;A total of 242 participants were assigned in a 1:1 ratio with stratification on the basis of the study site via computerized randomization with a block size of 4.</p><p>1.2: Y. Quote: &quot;Sealed envelopes were prepared by off-site researchers who were blinded to the practical implementation of the study.&quot;; Note: Alloca-tion concealment was maintained until intervention was assigned. </p><p>1.3: PN. No significant differences at baseline.</p>,Low risk,"<p>2.1: PY; 2.2: PY. Note: Due to the nature of the intervention, participants and the interventionists were most likely aware of the allocation.</p><p>2.3: PN. Note: No evidence to suggest issues to implement intervention. </p><p>2.4: NA</p><p>2.5: NA</p><p>2.6: Y. Quote: &quot;Statistical analyses were performed using the generalized estimating equations based on the intention-to-treat principle&quot;. </p><p>2.7: NA</p>",Low risk,<p>3.1: PY. Note: Drop-out: 41 of 242. </p><p>3.2: NA</p><p>3.3: NA</p><p>3.4: NA</p>,Some concerns,"<p>4.1: N. Note: The selected outcome method (DDS) is widely validated and established.</p><p>4.2: PN. Note: No evidence to suggest differences in measurement between intervention and control.</p><p>4.3: PN. Note: Outcome assessors (participants) were most likely aware of intervention allocation.</p><p>4.4: PY; 4.5: PN.  Note: Knowledge of the assigned intervention could influence participant-reported outcomes, but there is no reason to believe that it did.</p>",Low risk,"<p>5.1: PY. Note: No evidence to suggest otherwise, methods and results do not show discrepancies.</p><p>5.2: PN. Note: No evidence to suggest outcome selection. All outcomes mentioned in the methods and results were reported.</p><p>5.3: PN. Note: No evidence to suggest analyses selection. All outcomes mentioned in the methods and results were reported.</p>",Some concerns,"<p>The study is judged to raise some concerns in one domain (4), but not to be at high risk of bias for any domain.</p>"
3,18,Distress/PTSD symptoms at 1-6 months ,,SUBGROUP_AND_OVERALL,Chew 2018,2018,0.0,0.0,2.9,1.0,0,37,2.7,0.9,0,48,0.0,0.0,10.054971,0.209794,-0.220202,0.63979,Diabetes Distress Scale (DDS),Low risk,"<p>1a.1: Y; 1a.2: PY.  Note: Title mentions RCT design. <br/>Quote: &quot;In assigning the HCs to the VEMOFIT group (VG) or attention-control groups (AG), randomisation will be carried out after stratification by cluster size and geographical areas of the 10 HCs.&quot;</p><p>Quote: &quot;A member of the Data Management Services team at the University Medical center, Ultrecht will carry out the randomisation.&quot;</p><p>1.3: NI.  Note: No useful information is reported to evaluate this element</p><p>1b.1: PY. Seems that participants were recruited after randomization. </p>",Low risk,<p>2.1a: PY. 2.1b: PN. Quote: &quot;We use a modified informed consent procedure to ensure that patients are unware of the two different intervention programmes&quot;.<br/>2.2.: Y. Nurses were trained to deliver the intervention. </p><p>2.3: PN. Note: No evidence to suggest deviations from the intended intervention that arose because of the trial context.</p><p>2.4: NA.</p><p>2.5: NA.</p><p>2.6: Y. Note: The analysis was carried out on an intention to treat basis.</p><p>2.7: NA.</p>,Low risk,"<p>3.1a: PY. All 10 clusters that recruited participants were analyzed. <br/>3.1b: PN. 92 from intervention group (n = 145) and 79 from control group (n = 150) did not receive allocated intervention. In addition to the 33 people lost to follow up at 12 months, 5 additional missing data were noted with regard to PHQ-9.</p><p>3.2: PN. No evidence that the result was not biased by missing data.</p><p>3.3: PN; 3.4: NA. Note: Missingness in the outcome do not depend on its true value. </p>",Low risk,"<p>4.1: N. Note: The selected outcome method (Malay Brief Illness Perception Quetsionnaire, MBIPQ) is validated and established.</p><p>4.2: PN.  Note: No evidence to suggest differences in measurement between intervention and control</p><p>4.3a: PY.Outcome assessors (participants) were most likeley aware that a trial was taking a place.<br/>4.3b: PN. Quote: &quot;We use a modified informed consent procedure to ensure that patients are unware of the two different intervention programmes&quot;</p><p>4.4: NA.</p><p>4.5: NA.</p>",Low risk,<p>5.1: PY.  Note: Protocol is available. </p><p>5.2: PN.  Note: No evidence to suggest outcome selection. Almost all outcomes mentioned in the methods and protocol were reported (It is not reported &quot;heath-care utilization hospital&quot; that is a secondary outcome). </p><p>5.3: PN. Note: No evidence to suggest analyses selection. All outcomes mentioned in the methdis and protocol were reported. </p>,Low risk,<p>The study is judged to be at low risk of bias for all domains.</p>
3,18,Distress/PTSD symptoms at 1-6 months ,,SUBGROUP_AND_OVERALL,Dias 2019,2019,0.0,0.0,3.99,2.95,0,79,5.6,2.99,0,81,0.0,0.0,12.33062,-0.539452,-0.855099,-0.223805,General Health Questionnaire (GHQ-12),Low risk,"<p>1.1: Y. 1.2: Y.  Quote: &quot;The data manager randomized participants equally to CAU or DIL intervention via prmuted block randomization (block size of 8), using a computer-generated random-number table&quot;</p><p>1.3: N. Quote: &quot;The DIL and CAU arms were well balanced with respect to sociodemograohic and clinical characteristics&quot;</p>",Low risk,"<p>2.1: Y; 2.2: PN. Quote: &quot;Partcipants wee asked not to discose their assignment to masked assessors&quot;. <br/>Quote: &quot;All study personnel, including assessors, were masked to random assignment until outcomes analysis was complete and reviewed by the Data Safety Monitoring Board&quot;</p><p>2.3: N. Note: There is no reason to believe it.</p><p>2.4: NA.</p><p>2.5: NA.</p><p>2.6: Y. Quote: &quot;91 in the DIL intervention group and 90 in the care as usual (CAU) group were used in the final intention-to-treat analysis&quot;.</p><p>2.7: NA.</p>",Low risk,<p>3.1: Y. Quote: &quot;Attrition was low in both groups: 12.2% in the CAU group and 17.6% in the DIL intervention group&quot;</p><p>3.2: NA.</p><p>3.3: NA.</p><p>3.4: NA.</p>,Some concerns,"<p>4.1: N. Note: The selected outcome method (DDS) is widely validated and established.</p><p>4.2: PN. Note: No evidence to suggest differences in measurement between intervention and control.</p><p>4.3: PN. Note: Outcome assessors (participants) were most likely aware of intervention allocation.</p><p>4.4: PY; 4.5: PN. Note: Knowledge of the assigned intervention could influence participant-reported outcomes, but there is no reason to believe that it did. </p>",Some concerns,"<p>5.1: N. Note: Protocol available. No evidence to suggest otherwise, the protocol and manuscript do not show discrepancies.<br/>5.2: N. Note: no evidence to suggest outcome selection. All outcomes mentioned in the methods and protocol were reported.</p><p>5.3: N. Note: No evidence to suggest analyses selection. All outcomes in the methods and protocol were reported.</p>",Some concerns,"<p>The study is judged to raise some concerns in two domains (4 and 5), but not to be at high risk of bias for any domain.</p>"
3,18,Distress/PTSD symptoms at 1-6 months ,,SUBGROUP_AND_OVERALL,Duru Aşiret 2021,2021,0.0,0.0,23.86,6.8,0,15,24.92,18.28,0,14,0.0,0.0,5.749036,-0.075775,-0.804422,0.652873,Neuropsychiatric Inventory (NPI),Some concerns,"<p>1.1: N; 1.2: PY. Quote: &quot;The recruiting of the sample began by making a numbered list of individuals who met the inclusion criteria based on examining the medical records of elderly individuals who received service from home care units. The individuals that made up this list were then split into groups by the researchers according to number, with odd numbers forming the intervention group and even numbers the control group&quot;; &quot;At the start of the research, participants were not informed which group they were in. They were informed about their groups only after all intervention and the control group assignments were made&quot;</p><p>1.3: PN. Note: Baseline characteristics were overall comparable across groups, as demonstrated by Table 1.</p>",Low risk,"<p>2.1: PY; 2.2: PY. Note: Due to the nature of the intervention, participants and personnel were most likely aware of their assigned intervention. </p><p>2.3: PN. Note: No evidence to suggest issues in recruitment and engagement, nor failures to implement intervention allowed by the protocol. </p><p>2.4: NA</p><p>2.5: NA</p><p>2.6: PY. Note: No explicit mention of the analysis used to estimate the effect of assignment to intervention. Data was analyzed for almost all randomized participants (80%). </p><p>2.7: NA</p>",Low risk,<p>3.1: Note: Data was available for almost all randomized participants (80%). </p><p>3.2: NA</p><p>3.3: NA</p><p>3.4: NA</p>,Some concerns,"<p>4.1: PN. Note: The selected outcome method is validated for use in the context of application. </p><p>4.2: PN. Note: No evidence to suggest differences in measurement between intervention and control.</p><p>4.3: PY. Note: Outcome assessors (participants) were most likely aware of intervention allocation.</p><p>4.4: PY; 4.5: PN. Note: Knowledge of the assigned intervention could influence participant-reported outcomes, but there is no reason to believe that it did.</p>",Low risk,"<p>5.1: PY. Note: No evidence to suggest otherwise, methods and results do not show discrepancies.</p><p>5.2: PN. Note: No evidence to suggest outcome selection.</p><p>5.3: PN. Note: No evidence to suggest analyses selection. All analyses mentioned in the methods were reported.</p>",Some concerns,"<p>The study is judged to raise some concerns in two domains (1 and 4), but not to be at high risk of bias for any domain.</p>"
3,18,Distress/PTSD symptoms at 1-6 months ,,SUBGROUP_AND_OVERALL,Eloff 2014,2014,0.0,0.0,29.48,9.77,0,161,29.76,9.36,0,169,0.0,0.0,14.350971,-0.029215,-0.245075,0.186645,Parenting Stress Index (PSI),Low risk,<p>1.1: Y; 1.2: PY. Quote: &quot;mother-child pairs were randomized to either the intervention or standard conditions using a block randomization process and table of random numbers with 30 subkects in each block&quot;.</p><p>1.3: N. Note: Not significant differences at baseline.</p>,Low risk,<p>2.1: PY; 2.2: PY. Note: Due to the nature of the intervention participants were most likely aware of their assigned intervention.</p><p>2.3: NI. Note: No information provided. </p><p>2.4: NA.</p><p>2.5: NA.</p><p>2.6: NI. Note: no information provided.</p><p>2.7: PN. Note: There is no reason to believe it.</p>,Low risk,<p>3.1: PY. Note: 28 of 160 mothers and 10 of 152 children drop-out in experimental group. 5 of 161 mothers and 17 of 151 children drop-out from usual care. </p><p>3.2: NA.</p><p>3.3: NA.</p><p>3.4: NA.</p>,Some concerns,"<p>4.1: N. Note: The selected outcome method is widely validated and established.</p><p>4.2: N. Note: No evidence to suggest differences in measurement between intervention and control. </p><p>4.3: PY. Note: No information provided.  </p><p>4.4: PY; 4.5: PN. Note: Knowledge of the assigned intervention could influence participant-reported outcomes, but there is no reason to believe that it did.</p>",Low risk,"<p>5.1: PY. Note: no protocol available. No evidence to suggest otherwise, methods and results do not show discrepancies. </p><p>5.2: PN. Note: No evidence to suggest outcome selection. All outcomes mentioned in the methods and results were reported. </p><p>5.3: PN. Note: No evidence to suggest analyses selection. All analyses mentioned in the methods  and results were reported. </p>",Some concerns,"<p>The study is judged to raise some concerns in one domain (4), but not to be at high risk of bias for any domain.</p>"
3,18,Distress/PTSD symptoms at 1-6 months ,,SUBGROUP_AND_OVERALL,Gavrilova 2009,2009,0.0,0.0,4.6,3.2,0,25,6.2,3.9,0,28,0.0,0.0,8.071719,-0.439385,-0.985655,0.106886,Zarit Burden Interview (ZBI),Low risk,"<p>1.1: Y. 1.2: PY. Quote: &quot;Randomisation was carried out in London, with the<br/>codes transmitted immediately back to the Moscow centre by e-mail. We used<br/>a stratified permuted block method to ensure as fare as possible an even distribution<br/>of baseline caregiver strain assessed using the Zarit Burden Interview&quot;</p><p>1.3: N. Quote: &quot;All baseline characteristics were evenly distributed between the intervention and control groups&quot;; &quot;Those with more needs for care were slightly over-represented in the control group&quot;, however, this was adjusted in statistical analysis.</p>",Low risk,"<p>2.1: PY; 2.2: Y. Note: Due to the nature of the intervention participants and the interventionists were most likely aware of the allocation.</p><p>2.3: PN. Note: No evidence to suggest issues to implement intervention.</p><p>2.4: NA.</p><p>2.5: NA.</p><p>2.6: Y. Quote: &quot;Primary endpoint analyses were carried out on the<br/>basis of intention to treat, limited to those for whom a<br/>6-month outcome assessment was available.&quot;</p><p>2.7: NA.</p>",Low risk,<p>3.1: Y. Note: 7 out of the 60 randomized participants (11%) were lost at follow-up (deceased); this was adjusted for in<br/>statistical analysis.</p><p>3.2: NA.</p><p>3.3: NA.</p><p>3.4: NA.</p>,Some concerns,"<p>4.1: N. Note:While information on validity for this sample are not reported, the measure has been validated across other contexts.  </p><p>4.2: PN. Note: No evidence to suggest differences in measurement between intervention and control. </p><p>4.3: Y. Note: Outcome assessors (caregivers) were most likely aware of intervention allocation. </p><p>4.4: PY; 4.5: PN. Note: Knowledge of the assigned intervention could influence participant-reported outcomes, but there is no reason to believe that it did.</p>",Low risk,"<p>5.1: PY. Note: no evidence to suggest otherwise, methods and results do not show discrepancies. </p><p>5.2: PN. Note: No evidence to suggest outcome selection. All outcomes mentioned in the methods are reported.</p><p>5.3: PN. Note: No evidence to suggest analyses selection. All analyses mentioned in the methods were reported. </p>",Some concerns,"<p>The study is judged to raise some concerns in one domain (4), but not to be at high risk of bias for any domain.</p>"
3,18,Distress/PTSD symptoms at 1-6 months ,,SUBGROUP_AND_OVERALL,Jiang 2021,2021,0.0,0.0,30.32,10.5,0,133,31.55,13.27,0,132,0.0,0.0,13.859986,-0.102548,-0.343509,0.138414,Diabetes Distress Scale (DDS),Low risk,"<p>1.1: Y. Note: Title mentions RCT design. Quote: &quot;The block randomization with blocks of wight was conducted at the patients' individual level to split the patients at a ratio of 1:1 to an intervention or control group&quot;. </p><p>2.2: Y. Quote: &quot;The random allocation sequence generated with programming of SPSS 17.0 by the researcher was sealed in opaque envelopes. The research nurse was charged with grouping. When the recruitment number of patients reached, the nurse opened an opaque envelope to figure out the group the patients belonged to.&quot;</p><p>2.3: N. Quote: &quot;the demographic characteristics, and the comparisons of age, gender, marital status, education level, employment status, individual income, medical insurance, years of taking medicine, medication use and diabetes complications that were comparable between the two groups were reported&quot;</p>",Low risk,"<p>2.1: PY; 2.2: PY. Note: Due to the nature of the intervention, participants and the interventionists were most likely aware of the allocation.</p><p>2.3: PN. Note: No evidence to suggest issues to implement intervention. </p><p>2.4: NA</p><p>2.5: NA</p><p>2.6: Y. Quote.: &quot;The data analysis was conducted with SPSS 25.0 (Armonk, NY : IBM Corporation) and base on intention to treat (ITT)).</p>",Low risk,<p>3.1: Y. Quote: &quot;. One patient was lost during the follow-up due to falling to their death and the data in the 12th month was substituted by the last follow-up time&quot;</p><p>3.2: NA</p><p>3.3: NA</p><p>3.4: NA</p>,Some concerns,"<p>4.1: N. Note: The selected outcome method (Scale of Diabetes Distress) is widely validated and established.</p><p>4.2: PN. Note: No evidence to suggest differences in measurement between intervention and control.</p><p>4.3: PY. Note: Outcome assessors (participants) were most likely aware of intervention allocation.</p><p>4.4: PY; 4.5: PN. Note: Knowledge of the assigned intervention could influence participant-reported outcomes, but there is no reason to believe that it did. </p>",Low risk,"<p>5.1: PY. Note: No evidence to suggest otherwise, methods and results do not show discrepancies.</p><p>5.2: PN. Note: No evidence to suggest outcome selection. All outcomes mentioned in the methods and results were reported.</p><p>5.3: PN. Note: No evidence to suggest analyses selection. All outcomes mentioned in the methods and results were reported.</p>",Some concerns,"<p>The study is judged to raise some concerns in one domain (4), but not to be at high risk of bias for any domain.</p>"
3,19,Distress/PTSD symptoms at 7-24 months,,SUBGROUP_AND_OVERALL,Chew 2018,2018,0.0,0.0,3.3,0.8,0,43,2.5,0.9,0,48,0.0,0.0,17.943374,0.928559,0.494521,1.362598, Diabetes Distress Scale (DDS-17),Low risk,"<p>1a.1: Y; 1a.2: PY.  Note: Title mentions RCT design. <br/>Quote: &quot;In assigning the HCs to the VEMOFIT group (VG) or attention-control groups (AG), randomisation will be carried out after stratification by cluster size and geographical areas of the 10 HCs.&quot;</p><p>Quote: &quot;A member of the Data Management Services team at the University Medical center, Ultrecht will carry out the randomisation.&quot;</p><p>1.3: NI.  Note: No useful information is reported to evaluate this element</p><p>1b.1: PY. Seems that participants were recruited after randomization. </p>",Low risk,<p>2.1a: PY. 2.1b: PN. Quote: &quot;We use a modified informed consent procedure to ensure that patients are unware of the two different intervention programmes&quot;.<br/>2.2.: Y. Nurses were trained to deliver the intervention. </p><p>2.3: PN. Note: No evidence to suggest deviations from the intended intervention that arose because of the trial context.</p><p>2.4: NA.</p><p>2.5: NA.</p><p>2.6: Y. Note: The analysis was carried out on an intention to treat basis.</p><p>2.7: NA.</p>,Low risk,"<p>3.1a: PY. All 10 clusters that recruited participants were analyzed. <br/>3.1b: PN. 92 from intervention group (n = 145) and 79 from control group (n = 150) did not receive allocated intervention. In addition to the 33 people lost to follow up at 12 months, 5 additional missing data were noted with regard to PHQ-9.</p><p>3.2: PN. No evidence that the result was not biased by missing data.</p><p>3.3: PN; 3.4: NA. Note: Missingness in the outcome do not depend on its true value. </p>",Low risk,"<p>4.1: N. Note: The selected outcome method (Malay Brief Illness Perception Quetsionnaire, MBIPQ) is validated and established.</p><p>4.2: PN.  Note: No evidence to suggest differences in measurement between intervention and control</p><p>4.3a: PY.Outcome assessors (participants) were most likeley aware that a trial was taking a place.<br/>4.3b: PN. Quote: &quot;We use a modified informed consent procedure to ensure that patients are unware of the two different intervention programmes&quot;</p><p>4.4: NA.</p><p>4.5: NA.</p>",Low risk,<p>5.1: PY.  Note: Protocol is available. </p><p>5.2: PN.  Note: No evidence to suggest outcome selection. Almost all outcomes mentioned in the methods and protocol were reported (It is not reported &quot;heath-care utilization hospital&quot; that is a secondary outcome). </p><p>5.3: PN. Note: No evidence to suggest analyses selection. All outcomes mentioned in the methdis and protocol were reported. </p>,Low risk,<p>The study is judged to be at low risk of bias for all domains.</p>
3,19,Distress/PTSD symptoms at 7-24 months,,SUBGROUP_AND_OVERALL,Dias 2019,2019,0.0,0.0,3.67,2.67,0,75,5.67,3.19,0,79,0.0,0.0,19.643224,-0.675,-1.00008,-0.349919, General Health Questionnaire (GHQ-12) ,Low risk,"<p>1.1: Y. 1.2: Y.  Quote: &quot;The data manager randomized participants equally to CAU or DIL intervention via prmuted block randomization (block size of 8), using a computer-generated random-number table&quot;</p><p>1.3: N. Quote: &quot;The DIL and CAU arms were well balanced with respect to sociodemograohic and clinical characteristics&quot;</p>",Low risk,"<p>2.1: Y; 2.2: PN. Quote: &quot;Partcipants wee asked not to discose their assignment to masked assessors&quot;. <br/>Quote: &quot;All study personnel, including assessors, were masked to random assignment until outcomes analysis was complete and reviewed by the Data Safety Monitoring Board&quot;</p><p>2.3: N. Note: There is no reason to believe it.</p><p>2.4: NA.</p><p>2.5: NA.</p><p>2.6: Y. Quote: &quot;91 in the DIL intervention group and 90 in the care as usual (CAU) group were used in the final intention-to-treat analysis&quot;.</p><p>2.7: NA.</p>",Low risk,<p>3.1: Y. Quote: &quot;Attrition was low in both groups: 12.2% in the CAU group and 17.6% in the DIL intervention group&quot;</p><p>3.2: NA.</p><p>3.3: NA.</p><p>3.4: NA.</p>,Some concerns,"<p>4.1: N. Note: The selected outcome method (DDS) is widely validated and established.</p><p>4.2: PN. Note: No evidence to suggest differences in measurement between intervention and control.</p><p>4.3: PN. Note: Outcome assessors (participants) were most likely aware of intervention allocation.</p><p>4.4: PY; 4.5: PN. Note: Knowledge of the assigned intervention could influence participant-reported outcomes, but there is no reason to believe that it did. </p>",Some concerns,"<p>5.1: N. Note: Protocol available. No evidence to suggest otherwise, the protocol and manuscript do not show discrepancies.<br/>5.2: N. Note: no evidence to suggest outcome selection. All outcomes mentioned in the methods and protocol were reported.</p><p>5.3: N. Note: No evidence to suggest analyses selection. All outcomes in the methods and protocol were reported.</p>",Some concerns,"<p>The study is judged to raise some concerns in two domains (4 and 5), but not to be at high risk of bias for any domain.</p>"
3,19,Distress/PTSD symptoms at 7-24 months,,SUBGROUP_AND_OVERALL,Eloff 2014,2014,0.0,0.0,26.98,9.5,0,161,29.13,9.36,0,169,0.0,0.0,21.061191,-0.227509,-0.444062,-0.010955,Parenting Stress Index (PSI),Low risk,<p>1.1: Y; 1.2: PY. Quote: &quot;mother-child pairs were randomized to either the intervention or standard conditions using a block randomization process and table of random numbers with 30 subkects in each block&quot;.</p><p>1.3: N. Note: Not significant differences at baseline.</p>,Some concerns,<p>2.1: PY; 2.2: PY. Note: Due to the nature of the intervention participants were most likely aware of their assigned intervention.</p><p>2.3: NI. Note: No information provided. </p><p>2.4: NA.</p><p>2.5: NA.</p><p>2.6: NI. Note: no information provided.</p><p>2.7: PN. Note: There is no reason to believe it.</p>,Low risk,<p>3.1: PY. Note: 28 of 160 mothers and 10 of 152 children drop-out in experimental group. 5 of 161 mothers and 17 of 151 children drop-out from usual care. </p><p>3.2: NA.</p><p>3.3: NA.</p><p>3.4: NA.</p>,Some concerns,"<p>4.1: N. Note: The selected outcome method is widely validated and established.</p><p>4.2: N. Note: No evidence to suggest differences in measurement between intervention and control. </p><p>4.3: PY. Note: No information provided.  </p><p>4.4: PY; 4.5: PN. Note: Knowledge of the assigned intervention could influence participant-reported outcomes, but there is no reason to believe that it did.</p>",Low risk,"<p>5.1: PY. Note: no protocol available. No evidence to suggest otherwise, methods and results do not show discrepancies. </p><p>5.2: PN. Note: No evidence to suggest outcome selection. All outcomes mentioned in the methods and results were reported. </p><p>5.3: PN. Note: No evidence to suggest analyses selection. All analyses mentioned in the methods  and results were reported. </p>",Some concerns,"<p>The study is judged to raise some concerns in two domains (2 and 4), but not to be at high risk of bias for any domain.</p>"
3,19,Distress/PTSD symptoms at 7-24 months,,SUBGROUP_AND_OVERALL,Jiang 2021,2021,0.0,0.0,25.58,15.1,0,133,30.55,15.05,0,132,0.0,0.0,20.758226,-0.328741,-0.571188,-0.086295,Diabetes Distress Scale (DDS),Low risk,"<p>1.1: Y. Note: Title mentions RCT design. Quote: &quot;The block randomization with blocks of wight was conducted at the patients' individual level to split the patients at a ratio of 1:1 to an intervention or control group&quot;. </p><p>2.2: Y. Quote: &quot;The random allocation sequence generated with programming of SPSS 17.0 by the researcher was sealed in opaque envelopes. The research nurse was charged with grouping. When the recruitment number of patients reached, the nurse opened an opaque envelope to figure out the group the patients belonged to.&quot;</p><p>2.3: N. Quote: &quot;the demographic characteristics, and the comparisons of age, gender, marital status, education level, employment status, individual income, medical insurance, years of taking medicine, medication use and diabetes complications that were comparable between the two groups were reported&quot;</p>",Low risk,"<p>2.1: PY; 2.2: PY. Note: Due to the nature of the intervention, participants and the interventionists were most likely aware of the allocation.</p><p>2.3: PN. Note: No evidence to suggest issues to implement intervention.</p><p>2.4: NA</p><p>2.5: NA</p><p>2.6: Y. Quote: &quot;The data analysis was conducted with SPSS 25.0 (Armonk, NY : IBM Corporation) and base on intention to treat (ITT)).</p><p>2.7: NA</p>",Low risk,<p>3.1: Y. Quote: &quot;One patient was lost during the follow-up due to falling to their death and the data in the 12th month was substituted by the last follow-up time&quot;. </p><p>3.2: NA</p><p>3.3: NA</p><p>3.4: NA</p>,Some concerns,"<p>4.1: N. Note: The selected outcome method (Scale of Diabeted Distress) is widely validated and established.</p><p>4.2: PN. Note: No evidence to suggest differences in measurement between intervention and control.</p><p>4.3: PY. Note: Outcome assessors (participants) were most likely aware of intervention allocation.</p><p>4.4: PY; 4.5: PN. Note: Knowledge of the assigned intervention could influence participant-reported outcomes, but there is no reason to believe that it did</p>",Low risk,"<p>5.1: PY. Note: No evidence to suggest otherwise, methods and results do not show discrepancies. <br/>5.2: PN. Note: No evidence to suggest outcome selection. All outcomes mentioned in the methods and results were reported.</p><p>5.3: PN. Note: No evidence to suggest analyses selection. All outcomes mentioned in the methods and results were reported.</p>",Some concerns,"<p>The study is judged to raise some concerns in one domain (4), but not to be at high risk of bias for any domain.</p>"
3,19,Distress/PTSD symptoms at 7-24 months,,SUBGROUP_AND_OVERALL,Ward 2020,2020,0.0,0.0,133.42,13.2,0,137,130.25,15.76,0,104,0.0,0.0,20.593985,0.220069,-0.035605,0.475743,Parenting Stress Index (PSI),Low risk,<p>1.1: PY; 1.2: PY.  Quote: &quot;Randomization was conducted after data collection by an off-site statistician with no other contact with the trial&quot;.&quot;</p><p>1.3: PN. Baseline characteristics were overall comparable across groups as demonstrated by Table 1.</p>,High risk,"<p>2.1: PY; 2.2: PY.  Due to the nature of the intervention participants and personnel were moslt likely aware of their assigned intervention.</p><p>2.3: PY. There is some evidence to suggest possible contamination between the intervention and control group. Quote: &quot;In addition, in the dense living environments of informal settlements, it is possible that there was contamination between intervention and control groups.&quot;</p><p>2.4: PY. Contamination could have affected the outcomes.</p><p>2.5: PY. Contamination is more liekly to affect the participants in the control group.</p><p>2.6: PY. No explicit mention of the analysis used to estimate the effect of assignment to intervention, but data was analyzed for almost all randomized participants. Quote: &quot;For caregiver self-report, the follow-up rate was 97.0% at t1 and 91.9% at t&quot;. </p><p>2.7: NA.</p>",Low risk,"<p>3.1: PY.  Data was availalble for almost all randomized participants. Quote: &quot;For caregiver self-report, the follow-up rate was 97.0% at t1 and 91.9% at t&quot;</p><p>3.2: NA. </p><p>3.3: NA.</p><p>3.4: NA.</p>",Some concerns,"<p>4.1: PN. The selected outcome method is widely validated and established across contexts and demonstrated good psychometric properties in the study</p><p>4.2: PN. Note: No evidence to suggest differences in measurement between intervention and control. </p><p>4.3: PY. Outcome assessors (participants) were most likely aware of intervention allocation. </p><p>4.4: PY. Knowledge of the assigned intervention could influence participant-reported outcomes, but there is no reason to believe that it did</p><p>4.5: PN.</p>",Low risk,"<p>5.1: PY.  No evidence to suggest otherwise, methods and results do not show discrepancies.. </p><p>5.2: PN. No evidence to suggest outcome selection.. </p><p>5.3: PN. No evidence to suggest analyses selection. All analyses mentioned in the methods were reported.</p>",High risk,<p>The study is judged to be at high risk of bias<b> </b>in one domain (2).</p>
3,20,Social outcomes at 0-1 months,,SUBGROUP_AND_OVERALL,Bernardi 2020,2020,0.0,0.0,3.73,0.8,0,18,3.84,0.91,0,18,0.0,0.0,6.268297,-0.125537,-0.77958,0.528507,Seeking Social Support Subscale of the Ways of Coping Scale (EMEP),Low risk,"<p>1.1: Y; 1.2: Y. Quote: &quot;They were allocated in the clinical and control groups in a random sequence, pre-defined by the program Statistical Package for the Social Sciences (SPSS) and known only by the professional in charge of screening the participants&quot;.</p><p>1.3: PN. Note: No significant differences at baseline. Quote: &quot;there was a difference between groups only in the comparison of the assisted children's and adolescents' diagnosis (p ≤ 0.05)&quot;</p>",Some concerns,"<p>2.1: PY; 2.2: PY. Note: Due to the nature of the intervention, participants and the interventionists were most likely aware of the allocation.</p><p>2.3: PN. Note: No evidence to suggest issues to implement intervention. </p><p>2.4: NA</p><p>2.5: NA</p><p>2.6: NI. Note: No explicit mention of the analysis used to estimate the effect of assignment to intervention.</p><p>2.7: N. Note: Note: There was not a substantial impact of the failure to analyse participants in the group to which they were randomized.</p>",Low risk,<p>3.1: PY. Note: Lost to post-intervention:12 of 49.</p><p>3.2: NA</p><p>3.3: NA</p><p>3.4: NA</p>,Some concerns,"<p>4.1: N. Note: The selected outcome method (EMEP) is validated and translated. </p><p>4.2: PN. Note: No evidence to suggest differences in measurement between intervention and control.</p><p>4.3: PY. Note: Outcome assessors (participants) were most likely aware of intervention allocation.</p><p>4.4:PY; 4.5: PN. Note: Knowledge of the assigned intervention could influence participant-reported outcomes, but there is no reason to believe that it did.</p>",Low risk,"<p>5.1: PY. Note: No evidence to suggest otherwise, methods and results do not show discrepancies.</p><p>5.2: PN. Note: No evidence to suggest outcome selection. All outcomes mentioned in the methods and results were reported.</p><p>5.3: PN. Note: No evidence to suggest analyses selection. All outcomes mentioned in the methods and results were reported.</p>",Some concerns,"<p>The study is judged to raise some concerns in two domains (2 and 4), but not to be at high risk of bias for any domain.</p>"
3,20,Social outcomes at 0-1 months,,SUBGROUP_AND_OVERALL,Dybdahl 2001,2001,0.0,0.0,-5.0,1.4,0,35,-4.9,1.6,0,40,0.0,0.0,11.682234,-0.065536,-0.519307,0.388235,Flannery’s Perceived Social Support Scale,Low risk,"<p>1.1: Y; 1.2: PY. Quote: Tha assignment was random. All the names of the mothers-child dyads were written on pieces of papaer, which were folded, mixed together, and then separated into two piles at random so that one pile formed the intervention group and the other pile formed the control group&quot;</p><p>1.3: PN. Note: No significant differences at baseline. </p>",Some concerns,<p>2.1: PY; 2.2: PY. Note: Due to the nature of the intervention participants were most likely aware of their assigned intervention.</p><p>2.3: NI. Note: No information provided. </p><p>2.4: NA.</p><p>2.5: NA.</p><p>2.6: NI. Note: No explicit mention of the analysis used to estimate the effect of assignment to intervention. </p><p>2.7: NI. Note: No information provided. </p>,High risk,"<p>3.1: PN. Quote: &quot;Twelve of the families dropped out of the study and did not participate in scheduled interventions: 7 from intervention group, and 5 from the control gorip&quot;. Quote: &quot;Several of the mothers and children did not complete all tests at both tests periods for a variety of reasons; thus the number of participants varied from test to test&quot;.</p><p>3.2: NI. Note: No information provided. </p><p>3.3: NI. Note: No information provided. </p><p>3.4: NI. Note: No information provided.</p>",Some concerns,"<p>4.1: N. Note: The selected outcome method is widely validated and established.</p><p>4.2: NI. Note: No information provided. </p><p>4.3: N. Quote: &quot;The third and fourth teams carried out the evaluations. They Were blind with respect to which families were in the intervention or control groups, as were the physicians who provided the medican checkups&quot;.</p><p>4.4: NA.</p><p>4.5: NA. </p>",Low risk,"<p>5.1: PY. No evidence to suggest otherwise, methods and results do not show discrepancies. </p><p>5.2: PN. Note: No evidence to suggest outcome selection. </p><p>5.3: PN. Note: No evidence to suggest analyses selection. </p>",High risk,<p>The study is judged to be at high risk of bias<b> </b>in one domain (3).</p>
3,20,Social outcomes at 0-1 months,,SUBGROUP_AND_OVERALL,Gao 2015,2015,0.0,0.0,-65.44,8.43,0,90,-61.82,9.99,0,90,0.0,0.0,21.746709,-0.389996,-0.684997,-0.094996,Perceived Social Support Scale (PSSS),Low risk,"<p>1.1: Y. Quote: &quot;The randomization sequence was generated using a computerized random number generator and the allocation was kept in sealed opaque consecutively numbered envelopes.&quot; </p><p>1.2.: Y. Quote: &quot;This simple randomization scheme was independently prepared by a research assistant who was not involved in determining eligibility, providing care, or assessing outcome.&quot;</p><p>1.3: N. Quote: &quot;There were no significant differences between the two groups in their demographic, obstetric and related characteristics (...) There were also no significant differences between the two groups in their baseline measures&quot;</p>",Low risk,"<p>2.1: PY; 2.2: PY. Note: Due to the nature of the intervention, participants and the interventionists were most likely aware of the allocation.</p><p>2.3: PN. Note: No evidence to suggest issues to implement intervention. </p><p>2.4: NA</p><p>2.5: NA</p><p>2.6: Y. Note: Intention to treat analysis done.</p><p>2.7: NA</p>",Low risk,<p>3.1: PY. Note: Drop-out: 14 of 180.</p><p>3.2: NA</p><p>3.3: NA</p><p>3.4: NA</p>,Some concerns,"<p>4.1: N. Quote: &quot;The Chinese version of PSS has also demonstrated good psychometric properties, with test retest reliability of 0.81, internal consistency of 0.85&quot;.</p><p>4.2: PN. Note: No evidence to suggest differences in measurement between intervention and control.</p><p>4.3: PY. Note: Outcome assessors (participants) were most likely aware of intervention allocation.</p><p>4.4: PY; 4.5: PN. Note: Knowledge of the assigned intervention could influence participant-reported outcomes, but there is no reason to believe that it did.</p>",Low risk,"<p>5.1: PY. Note: No evidence to suggest otherwise, methods and results do not show discrepancies.</p><p>5.2: PN. Note: No evidence to suggest outcome selection. All outcomes mentioned in the methods and results were reported.</p><p>5.3: PN. Note: No evidence to suggest analyses selection. All outcomes mentioned in the methods and results were reported.</p>",Some concerns,"<p>The study is judged to raise some concerns in one domain (4), but not to be at high risk of bias for any domain.</p>"
3,20,Social outcomes at 0-1 months,,SUBGROUP_AND_OVERALL,Luoto 2020,2020,0.0,0.0,-10.12,2.0,0,181,-10.21,2.17,0,184,0.0,0.0,32.240379,0.043026,-0.162183,0.248235,Lubben Social Network Scale (LSNS),Low risk,"<p>1a.1: PY; 1a.2: PY. Quote: &quot;Using a random<br/>number generator in Stata, two authors (JEL and ILG) randomly assigned villages in a 1:1:1 ratio to one of three study groups, stratified by sub-county&quot;</p><p>1a.3: NI.  No useful information is reported to evaluate this element.</p><p>1b.1: Y. Note: from protocol it is clear that recruitment of both adults and children as well as baseline assessments, took place before randomization to study arms </p>",Low risk,"<p>2.1 a: NI; 2.1b:PY; 2.2: PY. Note: No information provided on whether participants knew that they were in a trial, due to the nature of the intervention they (as those delivering the intervention) were most likely aware of intervention allocation. Quote: &quot;Due to the nature of the intervention, masking of<br/>participants and community health volunteers who<br/>delivered the intervention was not possible&quot;</p><p>2.3: PN. Note: No evidence to suggest deviations from the intended intervention that arose because of the trial context.</p><p>2.4: NA.</p><p>2.5: NA.</p><p>2.6: Y. Note: Data was analysed on an intention-to-treat basis.</p><p>2.7: NA.</p>",Low risk,<p>3.1a PY. Note: all 60 clusters that recruited participants were analyzed; </p><p>3.1b: PY. Note: 92 participants out of 1152 were lost at followup (8%).</p><p>3.2: NA.</p><p>3.3: NA; 3.4: NA.</p>,Some concerns,"<p>4.1: PN.  The outcome measure (CES-D) is widely established and used across contexts. </p><p>4.2: PN. Note: No evidence to suggest that measurement or ascertainment of the outcome  differed between intervention groups.</p><p>4.3a: NI; 4.3b: PY. Note: No information provided on whether participants knew that they were in a trial, participants (outcome assessors) were most likely aware of the group allocation due to the nature of the intervention. Efforts were made to keep the data collection teams as masked to group status as possible. </p><p>4.4: PY; 4.5: PN. Note: Knowledge of the assigned interventio could influence participant-reported outcomes, but there is no reason to believe that it did.</p>",Low risk,"<p>5.1: PY. Note:No evidence to suggest otherwise, protocol and paper do not show discrepancies.</p><p>5.2: PN. Note:No evidence to suggest outcome selection. All outcomes mentioned in the protocol, methods and results were reported.</p><p>5.3: PN. Note: No evidence to suggest analyses selection. All analyses mentioned in the protocol, methods and results were reported.</p>",Some concerns,"<p>The study is judged to raise some concerns in one domain (4), but not to be at high risk of bias for any domain.</p>"
3,20,Social outcomes at 0-1 months,,SUBGROUP_AND_OVERALL,Ward 2020,2020,0.0,0.0,-20.51,6.02,0,148,-20.6,6.57,0,128,0.0,0.0,28.062381,0.01429,-0.222287,0.250867,Medical Outcomes Study Social Support Survey,Low risk,<p>1.1: PY; 1.2: PY.  Quote: &quot;Randomization was conducted after data collection by an off-site statistician with no other contact with the trial&quot;.&quot;</p><p>1.3: PN. Baseline characteristics were overall comparable across groups as demonstrated by Table 1.</p>,High risk,"<p>2.1: PY; 2.2: PY.  Due to the nature of the intervention participants and personnel were moslt likely aware of their assigned intervention.</p><p>2.3: PY. There is some evidence to suggest possible contamination between the intervention and control group. Quote: &quot;In addition, in the dense living environments of informal settlements, it is possible that there was contamination between intervention and control groups.&quot;</p><p>2.4: PY. Contamination could have affected the outcomes.</p><p>2.5: PY. Contamination is more liekly to affect the participants in the control group.</p><p>2.6: PY. No explicit mention of the analysis used to estimate the effect of assignment to intervention, but data was analyzed for almost all randomized participants. Quote: &quot;For caregiver self-report, the follow-up rate was 97.0% at t1 and 91.9% at t&quot;. </p><p>2.7: NA.</p>",Low risk,"<p>3.1: PY.  Data was availalble for almost all randomized participants. Quote: &quot;For caregiver self-report, the follow-up rate was 97.0% at t1 and 91.9% at t2&quot;</p><p>3.2: NA. </p><p>3.3: NA.</p><p>3.4: NA.</p>",Some concerns,"<p>4.1: PN. The selected outcome method is widely validated and established across contexts and demonstrated good psychometric properties in the study</p><p>4.2: PN. Note: No evidence to suggest differences in measurement between intervention and control. </p><p>4.3: PY. Outcome assessors (participants) were most likely aware of intervention allocation. </p><p>4.4: PY. Knowledge of the assigned intervention could influence participant-reported outcomes, but there is no reason to believe that it did</p><p>4.5: PN.</p>",Low risk,"<p>5.1: PY.  No evidence to suggest otherwise, methods and results do not show discrepancies.. </p><p>5.2: PN. No evidence to suggest outcome selection.. </p><p>5.3: PN. No evidence to suggest analyses selection. All analyses mentioned in the methods were reported.</p>",High risk,<p>The study is judged to be at high risk of bias<b> </b>in one domain (2).</p>
3,21,Social outcomes at 7-24 months,,SUBGROUP_AND_OVERALL,Ward 2020,2020,0.0,0.0,-19.6,6.53,0,137,-19.41,6.68,0,104,0.0,0.0,100.0,-0.19,-1.876377,1.496377,Medical Outcomes Study Social Support Survey,Low risk,<p>1.1: PY; 1.2: PY.  Quote: &quot;Randomization was conducted after data collection by an off-site statistician with no other contact with the trial&quot;.&quot;</p><p>1.3: PN. Baseline characteristics were overall comparable across groups as demonstrated by Table 1.</p>,High risk,"<p>2.1: PY; 2.2: PY.  Due to the nature of the intervention participants and personnel were moslt likely aware of their assigned intervention.</p><p>2.3: PY. There is some evidence to suggest possible contamination between the intervention and control group. Quote: &quot;In addition, in the dense living environments of informal settlements, it is possible that there was contamination between intervention and control groups.&quot;</p><p>2.4: PY. Contamination could have affected the outcomes.</p><p>2.5: PY. Contamination is more liekly to affect the participants in the control group.</p><p>2.6: PY. No explicit mention of the analysis used to estimate the effect of assignment to intervention, but data was analyzed for almost all randomized participants. Quote: &quot;For caregiver self-report, the follow-up rate was 97.0% at t1 and 91.9% at t&quot;. </p><p>2.7: NA.</p>",Low risk,"<p>3.1: PY.  Data was availalble for almost all randomized participants. Quote: &quot;For caregiver self-report, the follow-up rate was 97.0% at t1 and 91.9% at t&quot;</p><p>3.2: NA. </p><p>3.3: NA.</p><p>3.4: NA.</p>",Some concerns,"<p>4.1: PN. The selected outcome method is widely validated and established across contexts and demonstrated good psychometric properties in the study</p><p>4.2: PN. Note: No evidence to suggest differences in measurement between intervention and control. </p><p>4.3: PY. Outcome assessors (participants) were most likely aware of intervention allocation. </p><p>4.4: PY. Knowledge of the assigned intervention could influence participant-reported outcomes, but there is no reason to believe that it did</p><p>4.5: PN.</p>",Low risk,"<p>5.1: PY.  No evidence to suggest otherwise, methods and results do not show discrepancies.. </p><p>5.2: PN. No evidence to suggest outcome selection.. </p><p>5.3: PN. No evidence to suggest analyses selection. All analyses mentioned in the methods were reported.</p>",High risk,<p>The study is judged to be at high risk of bias<b> </b>in one domain (2).</p>
4,1,Quality of life at 0-1 months,,SUBGROUP_AND_OVERALL,Barbosa Filho 2017,2017,0.0,0.0,-12.42,2.58,0,55,-11.55,2.93,0,54,0.0,0.0,13.513306,-0.313125,-0.690982,0.064731,Safety in neighborhood,Low risk,"<p>1a.1: Y. Quote: &quot;This was a cluster-randomized controlled trial (school as a sample selection unit).</p><p>1b.1:Y. Quote: &quot;All directors agreed to participate without being informed which treatment group the schools would be assigned to in the study. Thus, we performed the random selection of three schools to each condition (intervention and control)&quot;Overall comment: Low Risk.</p><p>1.2: PY. Quote: &quot;We performed a random selection of three schools to each condition (intervention or control)&quot;.</p><p>1.3: N. Quote: Differences at baseline between control and intervention students were found for support of school's teachers, safety in neighborhood, PA facilities in neighborhood, and PA facilities in school&quot;<br/>But there are not relevant.</p><p>1b.1:Y. Quote: &quot;All directors agreed to participate without being informed which treatment group the schools would be assigned to in the study. Thus, we performed the random selection of three schools to each condition (intervention and control)&quot;Overall comment: Low Risk.</p><p> </p>",Some concerns,"<p>2.1a: NI. Parent/guardian provoded informed consent, no information on what specifications they were given is provided. <br/>2.1b: PY. Participants (students) were most likely aware of their assigned intervention due to the nature of the intervention itself.<br/>2.2: Y. Quote: &quot;The participation of the students involved in this study was authorized by the parent/guardian by signing the informed consent.&quot;&quot;All teacher from the three intervention schools were invited to participate in training (...)&quot;</p><p>2.3: PN.  Note: No evidence to suggest deviations from the intended intervention that arose because of the trial context.</p><p>2.4: NA.</p><p>2.5: NA.</p><p>2.6: NI. Note: No information provided.</p><p>2.7: PN. Quote: &quot;response rate of 93.2% and 90.4% in intervention and control schools, respectively&quot;</p><p> </p>",Low risk,<p>3.1a: PY. All clusters that recruited participants were analyzed. </p><p>3.1b: PY. Data was available for almost all participants (93.2% and 90.4% in intervention and control group</p><p>3.2: NA.</p><p>3.3: NA.</p><p>3.4: NA.</p>,Some concerns,"<p>4.1: N. Quote: &quot;all variables showed acceptable test-retest two wekks apart) reliability&quot;</p><p>4.2: PN. Note: No evidence to suggest differences in measurement between intervention and control groups</p><p>4.3a: Y; 4.3b: Y. Quote: &quot;Evaluators were not blinded to which schools were in the intervention and control treatments&quot;</p><p>4.4: PY; 4.5: PN. Note: Knowledge of the assigned intervention could influence participant-reported outcomes, but there is no reason to believe that it did. </p>",Low risk,"<p>5.1: PY. Note:  evidence to suggest otherwise, protocol and final article not show discrepancies.</p><p>5.2: PN. Note: no evidence to suggest outcome selection. Further outcomes than those mentioned in the protocol were reported.</p><p>5.3: PN. No evidence to suggest analyses selection. Alla analyses mentioned and results were reported.</p>",Some concerns,"<p>The study is judged to raise some concerns in two domains (2 and 4), but not to be at high risk of bias for any domain.</p>"
4,1,Quality of life at 0-1 months,,SUBGROUP_AND_OVERALL,Devries 2015,2015,0.0,0.0,-11.7,2.4,0,349,-11.1,2.5,0,345,0.0,0.0,86.486694,-0.24461,-0.39397,-0.095251,School well-being ,Low risk,"<p>1.1: Y; 1.2: PY. Quote: &quot;We randomly selected 42 primary schools (clusters)&quot;; while the paper mentions a lack of masking, this occurred following enrollment and assignment to intervention.</p><p>1.3: PN. Note: Not significant differences at baseline.</p>",Some concerns,"<p>2.1a: PY. participants provided the informed consent.<br/>2.1b: Y. Quote: &quot;Owing to the nature of the intervention, it was not possible to mask participants&quot;; &quot;During the trial, we recorded one major incident of contamination, where an intervention school invited head teachers from three neighbouring control schools to an event about the Toolkit.&quot;</p><p>2.2.: PY.</p><p>2.3: PY. Quote: &quot;No major changes to the trial protocol were made. We made changes to our child protection referral strategy after baseline survey&quot;</p><p>2.4: PN. Note: no evidence to suggest that deviations could have affected the outcome.</p><p>2.5: NA.</p><p>2.6: Y. Quote: &quot;We did an intention to treat analysis&quot;</p><p>2.7: NA.</p>",Low risk,"<p>3.1a: Y. Quote: &quot;No schools (clusters) left the study&quot;<br/>3.1b: PY. Quote: &quot;At 18-month follow-up, 3820 (92.4%) of 4138 randomly sampled students participated in a cross-sectional survey&quot;</p><p>3.2: NA.</p><p>3.3: NA.</p><p>3.4: NA.</p>",Some concerns,"<p>4.1: N. Quote: &quot;All were measured with instruments widely used internationally which have been validated in a variety of settings&quot;</p><p>4.2: PN. Note: No evidence to suggest differences in measurements between intevrention and control. </p><p>4.3a: PY; 4.3b: PY. Quote: &quot;Allocation was not intentionally revealed to those collecting dta; however, gien the nature of the intervention, they should also be regarded unmasked.&quot;</p><p>4.4: PY; 4.5: PN. Note: Knowledge of the nature of the assigned intevrention could influence participant-reported outcomes, but probably no. </p>",Low risk,<p>5.1: PY. Note: Protocol is available.</p><p>5.2: PN. Note: no evidence to suggest outcome selection. All outcomes mentioned in the methods and results were reported.</p><p>5.3: PN. Note: No evidence to suggest analyses selection. All analyses mentioned in the methods and results were reported. </p>,Some concerns,"<p>The study is judged to raise some concerns in two domains (2 and 4), but not to be at high risk of bias for any domain.</p>"
4,2,Adverse events at 0-1 months,,SUBGROUP_AND_OVERALL,Devries 2015,2015,0.0,0.0,0.0,0.0,0,349,0.0,0.0,0,345,0.0,0.0,,,,,,Low risk,"<p>1.1: Y; 1.2: PY. Quote: &quot;We randomly selected 42 primary schools (clusters)&quot;; while the paper mentions a lack of masking, this occurred following enrollment and assignment to intervention.</p><p>1.3: PN. Note: Not significant differences at baseline.</p>",Some concerns,"<p>2.1a: PY. participants provided the informed consent.<br/>2.1b: Y. Quote: &quot;Owing to the nature of the intervention, it was not possible to mask participants&quot;; &quot;During the trial, we recorded one major incident of contamination, where an intervention school invited head teachers from three neighbouring control schools to an event about the Toolkit.&quot;</p><p>2.2.: PY.</p><p>2.3: PY. Quote: &quot;No major changes to the trial protocol were made. We made changes to our child protection referral strategy after baseline survey&quot;</p><p>2.4: PN. Note: no evidence to suggest that deviations could have affected the outcome.</p><p>2.5: NA.</p><p>2.6: Y. Quote: &quot;We did an intention to treat analysis&quot;</p><p>2.7: NA.</p>",Low risk,"<p>3.1a: Y. Quote: &quot;No schools (clusters) left the study&quot;<br/>3.1b: PY. Quote: &quot;At 18-month follow-up, 3820 (92.4%) of 4138 randomly sampled students participated in a cross-sectional survey&quot;</p><p>3.2: NA.</p><p>3.3: NA.</p><p>3.4: NA.</p>",Some concerns,"<p>4.1: N. Quote: &quot;All were measured with instruments widely used internationally which have been validated in a variety of settings&quot;</p><p>4.2: PN. Note: No evidence to suggest differences in measurements between intevrention and control. </p><p>4.3a: PY; 4.3b: PY. Quote: &quot;Allocation was not intentionally revealed to those collecting dta; however, gien the nature of the intervention, they should also be regarded unmasked.&quot;</p><p>4.4: PY; 4.5: PN. Note: Knowledge of the nature of the assigned intevrention could influence participant-reported outcomes, but probably no. </p>",Low risk,<p>5.1: PY. Note: Protocol is available.</p><p>5.2: PN. Note: no evidence to suggest outcome selection. All outcomes mentioned in the methods and results were reported.</p><p>5.3: PN. Note: No evidence to suggest analyses selection. All analyses mentioned in the methods and results were reported. </p>,Some concerns,"<p>The study is judged to raise some concerns in two domain (2 and 4), but not to be at high risk of bias for any domain.</p>"
4,3,Psychological functioning and impairment at 0-1 months,,SUBGROUP_AND_OVERALL,Amador Buenabad 2020,2020,0.0,0.0,56.71,8.15,0,17,51.9,7.58,0,12,0.0,0.0,43.218328,0.590092,-0.166729,1.346913,Externalizing Subscale of the Child Behavior Checklist (CBCL),Low risk,"<p>1a.1: Y; 1b.2: Y. Note: Title mentions cluster RCT design. <br/>Quote: &quot;The sample was randomized at the school level (...). All the randomization processes used the lottery method. As for the experimental conditions, schools, participants, teaching staf, statisticians, supervisors, and evaluators were blinded throughout the study until the pre-test<br/>was completed. In order to avoid communication between participants, each school was in<br/>a diferent area in the south of the city.</p><p>1.3: PN. Note: Not significant differences at baseline</p><p>1b.1: PN. the participants were recruited after school-randomization. Quote: &quot;. Once schools agreed to engage in the research<br/>project, teachers, caregivers and children were invited to information meetings. At these meetings, written informed consent was obtained from all adult participants and parents of all nonadult participants. Written informed assent was obtained from the children (...). Participants were assessed in February and June 2016,<br/>before and after the intervention.&quot; </p><p> 1b.2: PN  there is no evidence to suggest that selection was affected by knowledge of the intervention assigned to the cluster; 1b.3: PN. Some baseline imbalances are presents but compatible with chance</p><p> </p>",Some concerns,"<p>2.1a: PY. Quote: &quot;written informed consent was obtained from all adult participants and parents of all nonadult participants. Written informed assent was obtained from the children&quot;<br/>2.1b: PY. Quote: &quot;As for the experimental conditions, schools, participants, teaching staf, statisticians, supervisors, and evaluators were blinded throughout the study until the pre-test<br/>was completed&quot;</p><p>2.2: PY. People delivering the intervention (teachers) were trained for doing that. They were most likely aware of their assigned intervention. </p><p>2.3: PN. Note: No evidence to suggest deviations from the intended intervention taht arose because of the trial context.</p><p>2.4: NA.</p><p>2.5: NA.</p><p>2.6: NI. Note: No information provided.</p><p>2.7: PN. Note: There is no reason to believe that it did.</p>",Low risk,"<p>3.1a: PY. 3.1b: PY. Dropout: 2 for Huellitas intervention, 0 for control group. </p><p>3.2: NA.</p><p>3.3: NA; 3.4: NA.</p>",Some concerns,"<p>4.1: N.  Quote: &quot;The reliability for the present sample was .83&quot;</p><p>4.2: PN. Note: no evidence to suggest differences in measurement between intervention and control groups. </p><p>4.3a: Y. Outcome assessors (participants) were most likeley aware that a trial was taking a place.<br/>4.3b: PY. Due to the nature of intervention, ouctome assessors (research assistants + participants) are most likely aware of the intervention allocation. </p><p>4.4: PY; 4.5: PN. Note: Knowledge of the assigned interventio could influence participant-reported outcomes, but there is no reason to believe that it did.</p>",Low risk,"<p>5.1: PN. Note: Protocol is available.<br/>No evidence to suggest otherwise, protocol and manuscript do not show discrepancies. </p><p>5.2: PN. Note: No evidence to suggest outcome selection. All outcomes mentioned in the methods and protocol were reported</p><p>5.3: PN. Note: No evidence to suggest analyses selection. All outcomes mentioned in the methods and protocol were reported. </p>",Some concerns,"<p>The study is judged to raise some concerns in two domains (2 and 4), but not to be at high risk of bias for any domain.</p>"
4,3,Psychological functioning and impairment at 0-1 months,,SUBGROUP_AND_OVERALL,Berger 2018,2018,0.0,0.0,14.98,5.3,0,95,17.16,6.22,0,88,0.0,0.0,56.781672,-0.376864,-0.669461,-0.084267,Functional Impairment Subscale of the Child Diagnostic Interview Schedule,Low risk,"<p>1a.1: Y; 1a.2: PY.  Quote: &quot;The principal of this school randomply chose (by tossing a coin) to implement the ESPS (experimental group) in only one of the two classes in each of the 4th-6th grades, while the other classes participated in Social Studies (SS, control group).&quot;</p><p>1.3: N. Quote: &quot;No significant differences were found at baseline (prior to the intervention) between the intervention and control group for any of the outcome measures&quot;</p><p>1b.1: Y. Quote: &quot;The ESPS program was presented to all the principals from the primary schools in the Meru district. (...). Since we had limited funds, we randomly chose (by tossic dice) one school for the study.&quot;</p>",Some concerns,<p>2.1a: PY; 2.1b: PY. Quote: &quot;All the parents or guardians whose children were assigned to the ESPS consented to their children's participation in the study and expressed support for the program&quot;<br/>2.2: Y. The teachers were trained in a workshop by the first author for the experimental exercises&quot;</p><p>2.3: PN. Note: No evidence to suggest deviations from the intended intervention that arose because of the trial context.</p><p>2.4: NA.</p><p>2.5: NA.</p><p>2.6: NI.  Note: Not enough information provided to give a judgemnet on this item.</p><p>2.7: PN. Note: No evidence to suggest that failure to analyzed participants in randomized groups could a substantial impact on the results.</p>,Low risk,<p>3.1a:PY. No evidence to suggest cluster loss. </p><p>3.2: NA.</p><p>3.3: NA.</p><p>3.4: NA.</p>,Some concerns,"<p>4.1: N. Note: The selected outcome method (Spence Anxiety scale for children-SCAS) is validated and established. Quote: &quot;Cronbach alpha in current sample was 0.74)&quot;</p><p>4.2: PN. No evidence to suggest that measurement or ascertainment of the outcome differed between intervention groups.</p><p>4.3a: NI; 4.3b: PY. No information provided on whether participants knew that they were in a trial, participants (outcome assessors) were most likely aware of the group allocation due to the nature of the intervention.</p><p>4.4: PY; 4.5: PN. Knowledge of the assigned intervention could influence participant-reported outcomes, but there is no reason to believe that it did.</p>",Low risk,<p>5.1: PY. Note: No protocol available. </p><p>5.2: PN. Note: No evdience to suggest outcome selection. All outcomes mentioned in the methods and results were reported.</p><p>5.3: PN. Note: no evidence to suggest analyses selection. All outcomes mentioned in the methods and results were reported.</p>,Some concerns,"<p>The study is judged to raise some concerns in two domains (2 and 4), but not to be at high risk of bias for any domain.</p>"
4,4,Psychological functioning and impairment at 1-6 months ,,SUBGROUP_AND_OVERALL,Huang 2017,2017,0.0,0.0,1.02,1.5,0,50,1.31,1.57,0,40,0.0,0.0,100.0,-0.29,-0.929989,0.349989,Externalized Symptoms Subscale of the Pediatric Symptom Checklist (PPSC) ,Low risk,"<p>1a.1: PY; 1a.2: PY. 1.1 Quote: &quot;the study of effectiveness outcomes applies a cluster randomized wait-list controlled design in 10 Ugandan schools&quot;. 1.2: Randomization was done by a researcher that was unfamiliar with the study schools </p><p>1.3: NI. Note: No useful information is reported to evaluate this element</p><p>1b.1: N: participants were recruited after cluster allocation to intervention or control; </p><p>1b.2: NI -  No evidence to suggest that selection was influenced by knowledge of the assigned intervention (93% of elegible teachers participated) for teachers, but teachers selected children for inclusion in a non-random fashion; </p><p>1b.3: PN: there were no significant differences for intervention groups. Overall: Some concerns</p>",Low risk,"<p>2.1a: NI; 2.1b: PY; 2.2: PY. Note: No information provided on whether participants knew that they were in a trial, due to the nature of the intervention they (as those delivering the intervention) were most likely aware of intervention allocation.</p><p>2.3: PN.  Note: No evidence to suggest deviations from the intended intervention that arose because of the trial context </p><p>2.4: NA.</p><p>2.5: NA.</p><p>2.6: Y. Note:  Data was analysed on an intention-to-treat basis.</p><p>2.7: NA.</p>",Low risk,"<p>3.1a: PY - all clusters were analyzed;  </p><p>3.1b: PN: data was available for almost all teachers (84/86%), loss at follow-up was greater for families/children (62-69%)</p><p>3.2: PN. No evidence that the result was not biased by missing data</p><p>3.3: PN; 3.4: NA. Quote: &quot;the followed and<br/>non-followed families did not differ by condition or on family<br/>demographic characteristics (i.e., food insecurity status,<br/>household size), and baseline child effectiveness outcome<br/>measures. Therefore, we assumed data were missing<br/>completely at random&quot;</p>",Some concerns,"<p>4.1: PN. Note: The outcome measure is widely established and adapted for use in Nepal.</p><p>4.2: PN. Note: No evidence to suggest that.</p><p>4.3a: NI; 4.3b: PY. Note: no information provided on whether participants knew that they were in a trial, participants were most likely aware of the group allocation due to the nature of the intervention </p><p>4.4: PY; 4.5: PN. Note: Knowledge of the assigned intervention could influence participant-reported outcomes, but there is no reason to believe that it did.</p>",Low risk,"<p>5.1: PY. Note: No evidence to suggest otherwise, methods and results do not show discrepancies. </p><p>5.2: PN. Note: No evidence to suggest outcome selection. All outcomes mentioned in the methods and results were reported.</p><p>5.3: PN. Note: No evidence to suggest analyses selection. All analyses mentioned in the methods and results were reported.</p>",Some concerns,"<p>The study is judged to raise some concerns in one domain (4), but not to be at high risk of bias for any domain.</p>"
4,5,Psychological functioning and impairment at 7-24 months ,,SUBGROUP_AND_OVERALL,Berger 2018,2018,0.0,0.0,14.64,5.04,0,95,17.97,6.55,0,88,0.0,0.0,100.0,-3.33,-5.03293,-1.62707,Functional Impairment Subscale of the Child Diagnostic Interview Schedule,Low risk,"<p>1a.1: Y; 1a.2: PY.  Quote: &quot;The principal of this school randomply chose (by tossing a coin) to implement the ESPS (experimental group) in only one of the two classes in each of the 4th-6th grades, while the other classes participated in Social Studies (SS, control group).&quot;</p><p>1.3: N. Quote: &quot;No significant differences were found at baseline (prior to the intervention) between the intervention and control group for any of the outcome measures&quot;</p><p>1b.1: Y. Quote: &quot;The ESPS program was presented to all the principals from the primary schools in the Meru district. (...). Since we had limited funds, we randomly chose (by tossic dice) one school for the study.&quot;</p>",Some concerns,<p>2.1a: PY; 2.1b: PY. Quote: &quot;All the parents or guardians whose children were assigned to the ESPS consented to their children's participation in the study and expressed support for the program&quot;<br/>2.2: Y. The teachers were trained in a workshop by the first author for the experimental exercises&quot;</p><p>2.3: PN. Note: No evidence to suggest deviations from the intended intervention that arose because of the trial context.</p><p>2.4: NA.</p><p>2.5: NA.</p><p>2.6: NI.  Note: Not enough information provided to give a judgemnet on this item.</p><p>2.7: PN. Note: No evidence to suggest that failure to analyzed participants in randomized groups could a substantial impact on the results.</p>,Low risk,<p>3.1a:PY. No evidence to suggest cluster loss. </p><p>3.2: NA.</p><p>3.3: NA.</p><p>3.4: NA.</p>,Some concerns,"<p>4.1: N. Note: The selected outcome method (Spence Anxiety scale for children-SCAS) is validated and established. Quote: &quot;Cronbach alpha in current sample was 0.74)&quot;</p><p>4.2: PN. No evidence to suggest that measurement or ascertainment of the outcome differed between intervention groups.</p><p>4.3a: NI; 4.3b: PY. No information provided on whether participants knew that they were in a trial, participants (outcome assessors) were most likely aware of the group allocation due to the nature of the intervention.</p><p>4.4: PY; 4.5: PN. Knowledge of the assigned intervention could influence participant-reported outcomes, but there is no reason to believe that it did.</p>",Low risk,<p>5.1: PY. Note: No protocol available. </p><p>5.2: PN. Note: No evdience to suggest outcome selection. All outcomes mentioned in the methods and results were reported.</p><p>5.3: PN. Note: no evidence to suggest analyses selection. All outcomes mentioned in the methods and results were reported.</p>,Some concerns,"<p>The study is judged to raise some concerns in two domains (2 and 4), but not to be at high risk of bias for any domain.</p>"
4,6,Depressive symptoms at 0-1 months,,SUBGROUP_AND_OVERALL,Rivet-Duval 2011,2011,0.0,0.0,47.45,7.95,0,80,50.49,10.94,0,80,0.0,0.0,100.0,-3.04,-6.003422,-0.076578,Reynolds Adolescent Depression Scale-2 (RADS-2),Low risk,"<p>1.1: Y; 1.2: PY. Quote: &quot;Students were randomly assigned at an individual level to either the RAP-A (Intervention) or waitlist (Control) condition within their class groups.&quot;</p><p>1.3: N. Quote: &quot;Students in the two conditions did not differ significantl in nationality, ethnicity,  religion, living arrangements, maternal and<br/>paternal employment, or household income. Furthermore, there were no significant differ<br/>ences between the groups prior to the intervention across all four outcome measures.&quot;</p>",Some concerns,"<p>2.1: PY. Quote: &quot;Given the nature of the program, it was possible that students would share information about sessions with their peers.&quot;;</p><p>2.2: Y. the facilitators (teachers) were trained to administer the intervention.</p><p>2.3: PN. Note: no evidence to suggest issues to implement intervention</p><p>2.4: NA.</p><p>2.5: NA. </p><p>2.6: NI. Note: No explicit mention of the analysis used to estimate the effect of assignment to intervention. </p><p>2.7: N. Note: There was not a substantial impact of the failure to analyse participants in the group to which they were randomized</p>",Low risk,"<p>3.1: Y. Quote: &quot;All students completed the program and all the assessment measures at pre, post and follow-up intervention. There were no missing data.&quot;</p><p>3.2: NA.</p><p>3.3: NA.</p><p>3.4: NA.</p>",Some concerns,"<p>4.1: N. Note: The selected outcome method (RADS-2) is widely validated and established.</p><p>4.2: PN. No evidence to suggest differences in measurement between intervention and control. </p><p>4.3: Y. Quote: &quot;Students completed the questionnaires in class, supervised by teachers running the program. All forms were scored by the primary researcher (not blinded to group  allocation).&quot;</p><p>4.4: PY; 4.5: PN. Note: Knowledge of the assigned intervention could influence participant-reported outcomes, but there is no reason to believe that it did</p>",Low risk,"<p>5.1: PY. Note: No evidence to suggest otherwise, methods and results do not show discrepancies. </p><p>5.2: PN. No evidence to suggest outcome selection. All outcomes mentioned in the methods are reported.</p><p>5.3: PN. No evidence to suggest analyses selection. All analyses mentioned in the methods were reported. </p>",Some concerns,"<p>The study is judged to raise some concerns in two domains (2 and 4), but not to be at high risk of bias for any domain.</p>"
4,7,Depressive symptoms at 1-6 months,,SUBGROUP_AND_OVERALL,Huang 2017,2017,0.0,0.0,0.59,1.16,0,50,0.55,1.23,0,40,0.0,0.0,23.247262,0.033283,-0.382518,0.449084, Internalizing Symptoms—Pediatric Symptom Checklist (PPSC),Low risk,"<p>1a.1: PY; 1a.2: PY. 1.1 Quote: &quot;the study of effectiveness outcomes applies a cluster randomized wait-list controlled design in 10 Ugandan schools&quot;. 1.2: Randomization was done by a researcher that was unfamiliar with the study schools </p><p>1.3: NI. Note: No useful information is reported to evaluate this element</p><p>1b.1: N: participants were recruited after cluster allocation to intervention or control; </p><p>1b.2: NI -  No evidence to suggest that selection was influenced by knowledge of the assigned intervention (93% of elegible teachers participated) for teachers, but teachers selected children for inclusion in a non-random fashion; </p><p>1b.3: PN: there were no significant differences for intervention groups. Overall: Some concerns</p>",Low risk,"<p>2.1a: NI; 2.1b: PY; 2.2: PY. Note: No information provided on whether participants knew that they were in a trial, due to the nature of the intervention they (as those delivering the intervention) were most likely aware of intervention allocation.</p><p>2.3: PN.  Note: No evidence to suggest deviations from the intended intervention that arose because of the trial context </p><p>2.4: NA.</p><p>2.5: NA.</p><p>2.6: Y. Note:  Data was analysed on an intention-to-treat basis.</p><p>2.7: NA.</p>",Low risk,"<p>3.1a: PY - all clusters were analyzed;  </p><p>3.1b: PN: data was available for almost all teachers (84/86%), loss at follow-up was greater for families/children (62-69%)</p><p>3.2: PN. No evidence that the result was not biased by missing data</p><p>3.3: PN; 3.4: NA. Quote: &quot;the followed and<br/>non-followed families did not differ by condition or on family<br/>demographic characteristics (i.e., food insecurity status,<br/>household size), and baseline child effectiveness outcome<br/>measures. Therefore, we assumed data were missing<br/>completely at random&quot;</p>",Some concerns,"<p>4.1: PN. Note: The outcome measure is widely established and adapted for use in Nepal.</p><p>4.2: PN. Note: No evidence to suggest that.</p><p>4.3a: NI; 4.3b: PY. Note: no information provided on whether participants knew that they were in a trial, participants were most likely aware of the group allocation due to the nature of the intervention </p><p>4.4: PY; 4.5: PN. Note: Knowledge of the assigned intervention could influence participant-reported outcomes, but there is no reason to believe that it did.</p>",Low risk,"<p>5.1: PY. Note: No evidence to suggest otherwise, methods and results do not show discrepancies. </p><p>5.2: PN. Note: No evidence to suggest outcome selection. All outcomes mentioned in the methods and results were reported.</p><p>5.3: PN. Note: No evidence to suggest analyses selection. All analyses mentioned in the methods and results were reported.</p>",Some concerns,"<p>The study is judged to raise some concerns in one domain (4), but not to be at high risk of bias for any domain.</p>"
4,7,Depressive symptoms at 1-6 months,,SUBGROUP_AND_OVERALL,Rivet-Duval 2011,2011,0.0,0.0,49.74,9.19,0,80,49.98,11.07,0,90,0.0,0.0,44.3098,-0.023358,-0.324534,0.277819,Reynolds Adolescent Depression Scale-2 (RADS-2),Low risk,"<p>1.1: Y; 1.2: PY. Quote: &quot;Students were randomly assigned at an individual level to either the RAP-A (Intervention) or waitlist (Control) condition within their class groups.&quot;</p><p>1.3: N. Quote: &quot;Students in the two conditions did not differ significantl in nationality, ethnicity,  religion, living arrangements, maternal and<br/>paternal employment, or household income. Furthermore, there were no significant differ<br/>ences between the groups prior to the intervention across all four outcome measures.&quot;</p>",Some concerns,"<p>2.1: PY. Quote: &quot;Given the nature of the program, it was possible that students would share information about sessions with their peers.&quot;;</p><p>2.2: Y. the facilitators (teachers) were trained to administer the intervention.</p><p>2.3: PN. Note: no evidence to suggest issues to implement intervention</p><p>2.4: NA.</p><p>2.5: NA. </p><p>2.6: NI. Note: No explicit mention of the analysis used to estimate the effect of assignment to intervention. </p><p>2.7: N. Note: There was not a substantial impact of the failure to analyse participants in the group to which they were randomized</p>",Low risk,"<p>3.1: Y. Quote: &quot;All students completed the program and all the assessment measures at pre, post and follow-up intervention. There were no missing data.&quot;</p><p>3.2: NA.</p><p>3.3: NA.</p><p>3.4: NA.</p>",Some concerns,"<p>4.1: N. Note: The selected outcome method (RADS-2) is widely validated and established.</p><p>4.2: PN. No evidence to suggest differences in measurement between intervention and control. </p><p>4.3: Y. Quote: &quot;Students completed the questionnaires in class, supervised by teachers running the program. All forms were scored by the primary researcher (not blinded to group  allocation).&quot;</p><p>4.4: PY; 4.5: PN. Note: Knowledge of the assigned intervention could influence participant-reported outcomes, but there is no reason to believe that it did</p>",Low risk,"<p>5.1: PY. Note: No evidence to suggest otherwise, methods and results do not show discrepancies. </p><p>5.2: PN. No evidence to suggest outcome selection. All outcomes mentioned in the methods are reported.</p><p>5.3: PN. No evidence to suggest analyses selection. All analyses mentioned in the methods were reported. </p>",Some concerns,"<p>The study is judged to raise some concerns in two domains (2 and 4), but not to be at high risk of bias for any domain.</p>"
4,7,Depressive symptoms at 1-6 months,,SUBGROUP_AND_OVERALL,Velásquez 2015,2015,0.0,0.0,1.14,0.9,0,68,1.14,0.83,0,57,0.0,0.0,32.442938,0.0,-0.351975,0.351975,Depressive symptoms subscale of the Strengths and Difficulties Questionnaire (SDQ) ,Some concerns,"<p>1.1: PY; 1.2: NI. Quote: &quot;These students were randomly assigned to an intervention group<br/>and a control group in waiting list to take the Yoga workshops after the evaluation was finalized&quot;. No further information provided</p><p>1.3: PN. Imbalances were observed for one of the prognostic characteristics assessed (depression at baseline). This was adjusted for in analyses. Quote: &quot;Results revealed only<br/>a statistically significant difference in depression (t = 2.76; p &lt; .05). As shown in Table<br/>1, the intervention group showed slightly higher levels of these variables compared to<br/>the control group&quot;. </p>",High risk,"<p>2.1: PY; 2.2: Y. Note: Due to the nature of the intervention participants were most likely aware of allocation. Personelle and parents were fully aware of allocation.</p><p>2.3: PY. Quote: &quot;another plausible explanation for this is a positive contamination effect, where students participating in the control group could have reduced their level of aggression as a result of the participating students engaging in fewer aggression situations in their classrooms&quot;</p><p>2.4: PY. Note: Positive contamination could explain the unexpected decrease in aggression found in the control group </p><p>2.5: PN. Note: Contamination is most likely to affect the waitlist control group</p><p>2.6: NI. Note: No explicit mention of the analysis was used to estimate the effect of assignment to intervention. </p><p>2.7: NI.  No information was provided on how many participants were analyzed for each group</p>",Low risk,"<p>3.1: PY. Note: Out of the 125 randomized participants, 11 (8.8%) dropped from the study </p><p>3.2: NA.</p><p>3.3: NA.</p>",Some concerns,"<p>4.1: PN. Note:The measure was developed for the study, demonstrating good psychometric properties. </p><p>4.2: PN. No evidence to suggest differences in measurement between intervention and control. </p><p>4.3: PY. Outcome assessors (participants) were most likely aware of intervention allocation.</p><p>4.4: PY. Knowledge of the assigned intervention could influence participant-reported outcomes, but there is no reason to believe that it did</p><p>4.5: PN.</p>",Low risk,"<p>5.1: PY. Note: No evidence to suggest otherwise, methods and results do not show discrepancies. </p><p>5.2: PN. No evidence to suggest outcome selection. All outcomes mentioned in the methods are reported.</p><p>5.3: PN. No evidence to suggest analyses selection. All analyses mentioned in the methods were reported. </p>",High risk,<p>The study is judged to be at high risk of bias<b> </b>in one domain (2).</p>
4,8,Anxiety symptoms at 0-1 months,,SUBGROUP_AND_OVERALL,Berger 2018,2018,0.0,0.0,13.78,2.85,0,95,16.05,3.04,0,88,0.0,0.0,100.0,-2.27,-3.125493,-1.414507,Spence Children's Anxiety Scale (SCAS),Low risk,"<p>1a.1: Y; 1a.2: PY.  Quote: &quot;The principal of this school randomply chose (by tossing a coin) to implement the ESPS (experimental group) in only one of the two classes in each of the 4th-6th grades, while the other classes participated in Social Studies (SS, control group).&quot;</p><p>1.3: N. Quote: &quot;No significant differences were found at baseline (prior to the intervention) between the intervention and control group for any of the outcome measures&quot;</p><p>1b.1: Y. Quote: &quot;The ESPS program was presented to all the principals from the primary schools in the Meru district. (...). Since we had limited funds, we randomly chose (by tossic dice) one school for the study.&quot;</p>",Some concerns,<p>2.1a: PY; 2.1b: PY. Quote: &quot;All the parents or guardians whose children were assigned to the ESPS consented to their children's participation in the study and expressed support for the program&quot;<br/>2.2: Y. The teachers were trained in a workshop by the first author for the experimental exercises&quot;</p><p>2.3: PN. Note: No evidence to suggest deviations from the intended intervention that arose because of the trial context.</p><p>2.4: NA.</p><p>2.5: NA.</p><p>2.6: NI.  Note: Not enough information provided to give a judgemnet on this item.</p><p>2.7: PN. Note: No evidence to suggest that failure to analyzed participants in randomized groups could a substantial impact on the results.</p>,Low risk,<p>3.1a:PY. No evidence to suggest cluster loss. </p><p>3.2: NA.</p><p>3.3: NA.</p><p>3.4: NA.</p>,Some concerns,"<p>4.1: N. Note: The selected outcome method (Spence Anxiety scale for children-SCAS) is validated and established. Quote: &quot;Cronbach alpha in current sample was 0.74)&quot;</p><p>4.2: PN. No evidence to suggest that measurement or ascertainment of the outcome differed between intervention groups.</p><p>4.3a: NI; 4.3b: PY. No information provided on whether participants knew that they were in a trial, participants (outcome assessors) were most likely aware of the group allocation due to the nature of the intervention.</p><p>4.4: PY; 4.5: PN. Knowledge of the assigned intervention could influence participant-reported outcomes, but there is no reason to believe that it did.</p>",Low risk,<p>5.1: PY. Note: No protocol available. </p><p>5.2: PN. Note: No evdience to suggest outcome selection. All outcomes mentioned in the methods and results were reported.</p><p>5.3: PN. Note: no evidence to suggest analyses selection. All outcomes mentioned in the methods and results were reported.</p>,Some concerns,"<p>The study is judged to raise some concerns in two domains (2 and 4), but not to be at high risk of bias for any domain.</p>"
4,9,Anxiety symptoms at 1-6 months,,SUBGROUP_AND_OVERALL,Velásquez 2015,2015,0.0,0.0,1.57,0.88,0,68,1.7,0.73,0,57,0.0,0.0,100.0,-0.13,-0.412244,0.152244,,Some concerns,"<p>1.1: PY; 1.2: NI. Quote: &quot;These students were randomly assigned to an intervention group<br/>and a control group in waiting list to take the Yoga workshops after the evaluation was finalized&quot;. No further information provided</p><p>1.3: PN. Imbalances were observed for one of the prognostic characteristics assessed (depression at baseline). This was adjusted for in analyses. Quote: &quot;Results revealed only<br/>a statistically significant difference in depression (t = 2.76; p &lt; .05). As shown in Table<br/>1, the intervention group showed slightly higher levels of these variables compared to<br/>the control group&quot;. </p>",High risk,"<p>2.1: PY; 2.2: Y. Note:Due to the nature of the intervention participants were most likely aware of allocation. Personelle and parents were fully aware of allocation.</p><p>2.3: PY. Quote: &quot;another plausible explanation for this is a positive contamination<br/>effect, where students participating in the control group could have reduced their level of aggression as a result of the participating students engaging in fewer aggression<br/>situations in their classrooms&quot;</p><p>2.4: PY. Note:Positive contamination could explain the unexpected decrease in aggression found in the control group </p><p>2.5: PN. Note: Contamination is most likely to affect the wait list control group</p><p>2.6: NI. Note: No explicit mention of the analysis used to estimate the effect of assignment to intervention. </p><p>2.7: NI.  No information provided on how many participants were analyzed for each group</p>",Low risk,"<p>3.1: PY. Note: Out of the 125 randomized participants, 11 (8.8%) dropped from the study </p><p>3.2: NA.</p><p>3.3: NA.</p>",Some concerns,"<p>4.1: PN. Note:The measure was developed for the study, demonstrating good psychometric properties. </p><p>4.2: PN. No evidence to suggest differences in measurement between intervention and control. </p><p>4.3: PY. Outcome assessors (participants) were most likely aware of intervention allocation.</p><p>4.4: PY. Knowledge of the assigned intervention could influence participant-reported outcomes, but there is no reason to believe that it did</p><p>4.5: PN.</p>",Low risk,"<p>5.1: PY. Note: No evidence to suggest otherwise, methods and results do not show discrepancies. </p><p>5.2: PN. No evidence to suggest outcome selection. All outcomes mentioned in the methods are reported.</p><p>5.3: PN. No evidence to suggest analyses selection. All analyses mentioned in the methods were reported. </p>",High risk,<p>The study is judged to be at high risk of bias<b> </b>in one domain (2).</p>
4,10,Anxiety symptoms at 7-24 months,,SUBGROUP_AND_OVERALL,Berger 2018,2018,0.0,0.0,13.78,2.52,0,95,16.05,3.12,0,88,0.0,0.0,100.0,-2.27,-3.095665,-1.444335,Spence Children's Anxiety Scale (SCAS),Low risk,"<p>1a.1: Y; 1a.2: PY.  Quote: &quot;The principal of this school randomply chose (by tossing a coin) to implement the ESPS (experimental group) in only one of the two classes in each of the 4th-6th grades, while the other classes participated in Social Studies (SS, control group).&quot;</p><p>1.3: N. Quote: &quot;No significant differences were found at baseline (prior to the intervention) between the intervention and control group for any of the outcome measures&quot;</p><p>1b.1: Y. Quote: &quot;The ESPS program was presented to all the principals from the primary schools in the Meru district. (...). Since we had limited funds, we randomly chose (by tossic dice) one school for the study.&quot;</p>",Some concerns,<p>2.1a: PY; 2.1b: PY. Quote: &quot;All the parents or guardians whose children were assigned to the ESPS consented to their children's participation in the study and expressed support for the program&quot;<br/>2.2: Y. The teachers were trained in a workshop by the first author for the experimental exercises&quot;</p><p>2.3: PN. Note: No evidence to suggest deviations from the intended intervention that arose because of the trial context.</p><p>2.4: NA.</p><p>2.5: NA.</p><p>2.6: NI.  Note: Not enough information provided to give a judgemnet on this item.</p><p>2.7: PN. Note: No evidence to suggest that failure to analyzed participants in randomized groups could a substantial impact on the results.</p>,Low risk,<p>3.1a:PY. No evidence to suggest cluster loss. </p><p>3.2: NA.</p><p>3.3: NA.</p><p>3.4: NA.</p>,Some concerns,"<p>4.1: N. Note: The selected outcome method (Spence Anxiety scale for children-SCAS) is validated and established. Quote: &quot;Cronbach alpha in current sample was 0.74)&quot;</p><p>4.2: PN. No evidence to suggest that measurement or ascertainment of the outcome differed between intervention groups.</p><p>4.3a: NI; 4.3b: PY. No information provided on whether participants knew that they were in a trial, participants (outcome assessors) were most likely aware of the group allocation due to the nature of the intervention.</p><p>4.4: PY; 4.5: PN. Knowledge of the assigned intervention could influence participant-reported outcomes, but there is no reason to believe that it did.</p>",Low risk,<p>5.1: PY. Note: No protocol available. </p><p>5.2: PN. Note: No evdience to suggest outcome selection. All outcomes mentioned in the methods and results were reported.</p><p>5.3: PN. Note: no evidence to suggest analyses selection. All outcomes mentioned in the methods and results were reported.</p>,Some concerns,"<p>The study is judged to raise some concerns in two domains (2 and 4), but not to be at high risk of bias for any domain.</p>"
4,11,Distress/PTSD  symptoms at 0-1 months,,SUBGROUP_AND_OVERALL,Devries 2015,2015,0.0,0.0,0.44,0.26,0,349,0.44,0.26,0,345,0.0,0.0,50.821469,0.0,-0.148801,0.148801,Strengths and Difficulties Questionnaire,Low risk,"<p>1.1: Y; 1.2: PY. Quote: &quot;We randomly selected 42 primary schools (clusters)&quot;; while the paper mentions a lack of masking, this occurred following enrollment and assignment to intervention.</p><p>1.3: PN. Note: Not significant differences at baseline.</p>",Some concerns,"<p>2.1a: PY. participants provided the informed consent.<br/>2.1b: Y. Quote: &quot;Owing to the nature of the intervention, it was not possible to mask participants&quot;; &quot;During the trial, we recorded one major incident of contamination, where an intervention school invited head teachers from three neighbouring control schools to an event about the Toolkit.&quot;</p><p>2.2.: PY.</p><p>2.3: PY. Quote: &quot;No major changes to the trial protocol were made. We made changes to our child protection referral strategy after baseline survey&quot;</p><p>2.4: PN. Note: no evidence to suggest that deviations could have affected the outcome.</p><p>2.5: NA.</p><p>2.6: Y. Quote: &quot;We did an intention to treat analysis&quot;</p><p>2.7: NA.</p>",Low risk,"<p>3.1a: Y. Quote: &quot;No schools (clusters) left the study&quot;<br/>3.1b: PY. Quote: &quot;At 18-month follow-up, 3820 (92.4%) of 4138 randomly sampled students participated in a cross-sectional survey&quot;</p><p>3.2: NA.</p><p>3.3: NA.</p><p>3.4: NA.</p>",Some concerns,"<p>4.1: N. Quote: &quot;All were measured with instruments widely used internationally which have been validated in a variety of settings&quot;</p><p>4.2: PN. Note: No evidence to suggest differences in measurements between intevrention and control. </p><p>4.3a: PY; 4.3b: PY. Quote: &quot;Allocation was not intentionally revealed to those collecting dta; however, gien the nature of the intervention, they should also be regarded unmasked.&quot;</p><p>4.4: PY; 4.5: PN. Note: Knowledge of the nature of the assigned intevrention could influence participant-reported outcomes, but probably no. </p>",Low risk,<p>5.1: PY. Note: Protocol is available.</p><p>5.2: PN. Note: no evidence to suggest outcome selection. All outcomes mentioned in the methods and results were reported.</p><p>5.3: PN. Note: No evidence to suggest analyses selection. All analyses mentioned in the methods and results were reported. </p>,Some concerns,"<p>The study is judged to raise some concerns in two domains (2 and 4), but not to be at high risk of bias for any domain.</p>"
4,11,Distress/PTSD  symptoms at 0-1 months,,SUBGROUP_AND_OVERALL,Mohamadi 2021,2021,0.0,0.0,46.61,3.73,0,46,52.11,2.82,0,60,0.0,0.0,49.178531,-1.682548,-2.130669,-1.234427,Persian version of standard Symptom Checklist‑25 (SCL‑25) ,Some concerns,"<p>1a.1: Y; 1a.2: NI. The auhtors describe a multi-stage randomization process based upon simple randomization. No information on allocation concealment is provided</p><p>1a.3: NI. No useful information is reported to evaluate this element. </p><p>1b.1: PN. It appears the randomization was conducted prior to the recruitment of participants</p><p>1b.2: PN. It is unlikely that the selection of inidividual participants was affected by knowledge of the intervention assigned to the cluster, as all students from the selected schools and class were elegible</p><p>1b.3: PN. There is no evidence to indicate imbalances in baseline values to indicate differentail identification or recruitment of individual participants</p>",High risk,"<p>2.1 a: NI; 2.1b: PY; 2.2: PY. No information provided on whether participants knew that they were in a trial, due to the nature of the intervention they (as those delivering the intervention) were most likely aware of intervention allocation,</p><p>2.3: PY. Quote: &quot;One of the advantages of this study is a large sample size and of the limitations of this study was poor cooperation between schools and students to hold sessions. For this, the class hours were coordinated with the high school principal, teachers, and students. In order to increase the cooperation of the students, they were given prizes and served with food and snacks&quot;.</p><p> 2.4: PN. No evidence to suggest deviations from the intended intervention could have influenced the outcomes. </p><p>2.5: NA. </p><p>2.6: Not enough information was provided to give a judgment on this item. </p><p>2.7: Not enough information was provided to give a judgment on this item.</p>",High risk,<p>3.1a: NI. No information was provided on the number of clusters analyzed at endline</p><p>3.1b: NI. No information was provided on the number of participants analyzed at endline</p><p>3.2: NI. Not enough information was provided to give a judgment on this item. </p><p>3.3: NI. Not enough information was provided to give a judgment on this item. </p><p>3.4: NI. Not enough information was provided to give a judgment on this item. </p>,Some concerns,"<p>4.1: N. The outcome measure is widely established and validated for use across different contexts.</p><p>4.2: PN. No evidence to suggest that measurement or ascertainment of the outcome differed between intervention groups.</p><p>4.3a: NI; 4.3b: PY. No information was provided on whether participants knew that they were in a trial, participants (outcome assessors) were most likely aware of the group allocation due to the nature of the intervention.</p><p>4.4: PY; 4.5: PN. Knowledge of the assigned intervention could influence participant-reported outcomes, but there is no reason to believe that it did.</p>",Low risk,"<p>5.1: PY. No evidence to suggest otherwise, methods and results do not show discrepancies.</p><p>5.2: PN. No evidence to suggest outcomes selection. All outcomes mentioned in the methods and results were reported.</p><p>5.3: PN. No evidence to suggest analyses selection. All outcomes mentioned in the methods and results were reported<b>.</b></p>",High risk,<p>The study is judged to be at high risk of bias<b> </b>in two domains (2 and 3).</p>
4,12,Distress/PTSD symptoms at 1-6 months,,SUBGROUP_AND_OVERALL,Mohamadi 2021,2021,0.0,0.0,47.41,2.13,0,46,51.92,4.75,0,60,0.0,0.0,100.0,-4.51,-5.860343,-3.159657,Persian version of standard Symptom Checklist‑25 (SCL‑25) ,Some concerns,"<p>1a.1: Y; 1a.2: NI. The auhtors describe a multi-stage randomization process based upon simple randomization. No information on allocation concealment is provided</p><p>1a.3: NI. No useful information is reported to evaluate this element. </p><p>1b.1: PN. It appears the randomization was conducted prior to the recruitment of participants</p><p>1b.2: PN. It is unlikely that the selection of inidividual participants was affected by knowledge of the intervention assigned to the cluster, as all students from the selected schools and class were elegible</p><p>1b.3: PN. There is no evidence to indicate imbalances in baseline values to indicate differentail identification or recruitment of individual participants</p>",High risk,"<p>2.1 a: NI; 2.1b: PY; 2.2: PY. No information provided on whether participants knew that they were in a trial, due to the nature of the intervention they (as those delivering the intervention) were most likely aware of intervention allocation,</p><p>2.3: PY. Quote: &quot;One of the advantages of this study is a large sample size and of the limitations of this study was poor cooperation between schools and students to hold sessions. For this, the class hours were coordinated with the high school principal, teachers, and students. In order to increase the cooperation of the students, they were given prizes and served with food and snacks&quot;.</p><p> 2.4: PN. No evidence to suggest deviations from the intended intervention vould have influenced the outcomes. </p><p>2.5: NA. </p><p>2.6: Not enough information provided to give a judjment on this item. </p><p>2.7: Not enough information provided to give a judjment on this item.</p>",High risk,<p>3.1a: NI. No information provied on the number of clusters analyzed at endline</p><p>3.1b: NI. No information provied on the number of participants analyzed at endline</p><p>3.2: NI. Not enough information provided to give a judjment on this item. </p><p>3.3: NI. Not enough information provided to give a judjment on this item. </p><p>3.4: NI. Not enough information provided to give a judjment on this item. </p>,Some concerns,"<p>4.1: N. The outcome measure is widely established and validated for use across different contexts.</p><p>4.2: PN. No evidence to suggest that measurement or ascertainment of the outcome differed between intervention groups.</p><p>4.3a: NI; 4.3b: PY. No information provided on whether participants knew that they were in a trial, participants (outcome assessors) were most likely aware of the group allocation due to the nature of the intervention.</p><p>4.4: PY; 4.5: PN. Knowledge of the assigned intervention could influence participant-reported outcomes, but there is no reason to believe that it did.</p>",Low risk,"<p>5.1: PY. No evidence to suggest otherwise, methods and results do not show discrepancies.</p><p>5.2: PN. No evidence to suggest outcomes selection. All outcomes mentioned in the methods and results were reported.</p><p>5.3: PN. No evidence to suggest analyses selection. All outcomes mentioned in the methods and results were reported<b>.</b></p><p> </p>",High risk,<p>The study is judged to be at high risk of bias<b> </b>in two domains (2 and 3).</p>
4,13,Social outcomes at 0-1 months,,SUBGROUP_AND_OVERALL,Amador Buenabad 2020,2020,0.0,0.0,-3.25,0.26,0,17,-3.36,0.31,0,12,0.0,0.0,20.697645,0.379882,-0.366543,1.126308,Prosocial Behavior Subscale of the Huellitas Caregivers Questionnaire (HCQ),Low risk,"<p>1a.1: Y; 1b.2: Y. Note: Title mentions cluster RCT design. <br/>Quote: &quot;The sample was randomized at the school level (...). All the randomization processes used the lottery method. As for the experimental conditions, schools, participants, teaching staf, statisticians, supervisors, and evaluators were blinded throughout the study until the pre-test<br/>was completed. In order to avoid communication between participants, each school was in<br/>a diferent area in the south of the city.</p><p>1.3: PN. Note: Not significant differences at baseline</p><p>1b.1: PN. the participants were recruited after school-randomization. Quote: &quot;. Once schools agreed to engage in the research<br/>project, teachers, caregivers and children were invited to information meetings. At these meetings, written informed consent was obtained from all adult participants and parents of all nonadult participants. Written informed assent was obtained from the children (...). Participants were assessed in February and June 2016,<br/>before and after the intervention.&quot; </p><p> 1b.2: PN  there is no evidence to suggest that selection was affected by knowledge of the intervention assigned to the cluster; 1b.3: PN. Some baseline imbalances are presents but compatible with chance</p><p> </p>",Some concerns,"<p>2.1a: PY. Quote: &quot;written informed consent was obtained from all adult participants and parents of all nonadult participants. Written informed assent was obtained from the children&quot;<br/>2.1b: PY. Quote: &quot;As for the experimental conditions, schools, participants, teaching staf, statisticians, supervisors, and evaluators were blinded throughout the study until the pre-test<br/>was completed&quot;</p><p>2.2: PY. People delivering the intervention (teachers) were trained for doing that. They were most likely aware of their assigned intervention. </p><p>2.3: PN. Note: No evidence to suggest deviations from the intended intervention taht arose because of the trial context.</p><p>2.4: NA.</p><p>2.5: NA.</p><p>2.6: NI. Note: No information provided.</p><p>2.7: PN. Note: There is no reason to believe that it did.</p>",Low risk,"<p>3.1a: PY. 3.1b: PY. Dropout: 2 for Huellitas intervention, 0 for control group. </p><p>3.2: NA.</p><p>3.3: NA; 3.4: NA.</p>",Some concerns,"<p>4.1: N.  Quote: &quot;The reliability for the present sample was .83&quot;</p><p>4.2: PN. Note: no evidence to suggest differences in measurement between intervention and control groups. </p><p>4.3a: Y. Outcome assessors (participants) were most likeley aware that a trial was taking a place.<br/>4.3b: PY. Due to the nature of intervention, ouctome assessors (research assistants + participants) are most likely aware of the intervention allocation. </p><p>4.4: PY; 4.5: PN. Note: Knowledge of the assigned interventio could influence participant-reported outcomes, but there is no reason to believe that it did.</p>",Low risk,"<p>5.1: PN. Note: Protocol is available.<br/>No evidence to suggest otherwise, protocol and manuscript do not show discrepancies. </p><p>5.2: PN. Note: No evidence to suggest outcome selection. All outcomes mentioned in the methods and protocol were reported</p><p>5.3: PN. Note: No evidence to suggest analyses selection. All outcomes mentioned in the methods and protocol were reported. </p>",Some concerns,"<p>The study is judged to raise some concerns in two domains (2 and 4), but not to be at high risk of bias for any domain.</p>"
4,13,Social outcomes at 0-1 months,,SUBGROUP_AND_OVERALL,Barbosa Filho 2017,2017,0.0,0.0,-11.7,3.95,0,55,-10.19,4.06,0,54,0.0,0.0,37.388541,-0.374393,-0.753266,0.004481, Support of teachers ,Low risk,"<p>1a.1: Y. Quote: &quot;This was a cluster-randomized controlled trial (school as a sample selection unit).</p><p>1b.1:Y. Quote: &quot;All directors agreed to participate without being informed which treatment group the schools would be assigned to in the study. Thus, we performed the random selection of three schools to each condition (intervention and control)&quot;Overall comment: Low Risk.</p><p>1.2: PY. Quote: &quot;We performed a random selection of three schools to each condition (intervention or control)&quot;.</p><p>1.3: N. Quote: Differences at baseline between control and intervention students were found for support of school's teachers, safety in neighborhood, PA facilities in neighborhood, and PA facilities in school&quot;<br/>But there are not relevant.</p><p>1b.1:Y. Quote: &quot;All directors agreed to participate without being informed which treatment group the schools would be assigned to in the study. Thus, we performed the random selection of three schools to each condition (intervention and control)&quot;Overall comment: Low Risk.</p><p> </p>",Some concerns,"<p>2.1a: NI. Parent/guardian provoded informed consent, no information on what specifications they were given is provided. <br/>2.1b: PY. Participants (students) were most likely aware of their assigned intervention due to the nature of the intervention itself.<br/>2.2: Y. Quote: &quot;The participation of the students involved in this study was authorized by the parent/guardian by signing the informed consent.&quot;&quot;All teacher from the three intervention schools were invited to participate in training (...)&quot;</p><p>2.3: PN.  Note: No evidence to suggest deviations from the intended intervention that arose because of the trial context.</p><p>2.4: NA.</p><p>2.5: NA.</p><p>2.6: NI. Note: No information provided.</p><p>2.7: PN. Quote: &quot;response rate of 93.2% and 90.4% in intervention and control schools, respectively&quot;</p><p> </p>",Low risk,<p>3.1a: PY. All clusters that recruited participants were analyzed. </p><p>3.1b: PY. Data was available for almost all participants (93.2% and 90.4% in intervention and control group</p><p>3.2: NA.</p><p>3.3: NA.</p><p>3.4: NA.</p>,Some concerns,"<p>4.1: N. Quote: &quot;all variables showed acceptable test-retest two wekks apart) reliability&quot;</p><p>4.2: PN. Note: No evidence to suggest differences in measurement between intervention and control groups</p><p>4.3a: Y; 4.3b: Y. Quote: &quot;Evaluators were not blinded to which schools were in the intervention and control treatments&quot;</p><p>4.4: PY; 4.5: PN. Note: Knowledge of the assigned intervention could influence participant-reported outcomes, but there is no reason to believe that it did. </p>",Low risk,"<p>5.1: PY. Note:  evidence to suggest otherwise, protocol and final article not show discrepancies.</p><p>5.2: PN. Note: no evidence to suggest outcome selection. Further outcomes than those mentioned in the protocol were reported.</p><p>5.3: PN. No evidence to suggest analyses selection. Alla analyses mentioned and results were reported.</p>",Some concerns,"<p>The study is judged to raise some concerns in two domains (2 and 4), but not to be at high risk of bias for any domain.</p>"
4,13,Social outcomes at 0-1 months,,SUBGROUP_AND_OVERALL,Berger 2018,2018,0.0,0.0,4.71,0.98,0,95,5.55,1.67,0,88,0.0,0.0,41.913814,-0.616805,-0.91374,-0.31987,Strengths and Difficulties Questionnaire (SDQ),Low risk,"<p>1a.1: Y; 1a.2: PY.  Quote: &quot;The principal of this school randomply chose (by tossing a coin) to implement the ESPS (experimental group) in only one of the two classes in each of the 4th-6th grades, while the other classes participated in Social Studies (SS, control group).&quot;</p><p>1.3: N. Quote: &quot;No significant differences were found at baseline (prior to the intervention) between the intervention and control group for any of the outcome measures&quot;</p><p>1b.1: Y. Quote: &quot;The ESPS program was presented to all the principals from the primary schools in the Meru district. (...). Since we had limited funds, we randomly chose (by tossic dice) one school for the study.&quot;</p>",Some concerns,<p>2.1a: PY; 2.1b: PY. Quote: &quot;All the parents or guardians whose children were assigned to the ESPS consented to their children's participation in the study and expressed support for the program&quot;<br/>2.2: Y. The teachers were trained in a workshop by the first author for the experimental exercises&quot;</p><p>2.3: PN. Note: No evidence to suggest deviations from the intended intervention that arose because of the trial context.</p><p>2.4: NA.</p><p>2.5: NA.</p><p>2.6: NI.  Note: Not enough information provided to give a judgemnet on this item.</p><p>2.7: PN. Note: No evidence to suggest that failure to analyzed participants in randomized groups could a substantial impact on the results.</p>,Low risk,<p>3.1a:PY. No evidence to suggest cluster loss. </p><p>3.2: NA.</p><p>3.3: NA.</p><p>3.4: NA.</p>,Some concerns,"<p>4.1: N. Note: The selected outcome method (Spence Anxiety scale for children-SCAS) is validated and established. Quote: &quot;Cronbach alpha in current sample was 0.74)&quot;</p><p>4.2: PN. No evidence to suggest that measurement or ascertainment of the outcome differed between intervention groups.</p><p>4.3a: NI; 4.3b: PY. No information provided on whether participants knew that they were in a trial, participants (outcome assessors) were most likely aware of the group allocation due to the nature of the intervention.</p><p>4.4: PY; 4.5: PN. Knowledge of the assigned intervention could influence participant-reported outcomes, but there is no reason to believe that it did.</p>",Low risk,<p>5.1: PY. Note: No protocol available. </p><p>5.2: PN. Note: No evdience to suggest outcome selection. All outcomes mentioned in the methods and results were reported.</p><p>5.3: PN. Note: no evidence to suggest analyses selection. All outcomes mentioned in the methods and results were reported.</p>,Some concerns,"<p>The study is judged to raise some concerns in two domains (2 and 4), but not to be at high risk of bias for any domain.</p>"
4,14,Social outcomes at 1-6 months ,,SUBGROUP_AND_OVERALL,Huang 2017,2017,0.0,0.0,-3.04,0.72,0,50,-2.53,1.09,0,40,0.0,0.0,47.67683,-0.560029,-0.984134,-0.135924,Social Competence Scale,Low risk,"<p>1a.1: PY; 1a.2: PY. 1.1 Quote: &quot;the study of effectiveness outcomes applies a cluster randomized wait-list controlled design in 10 Ugandan schools&quot;. 1.2: Randomization was done by a researcher that was unfamiliar with the study schools </p><p>1.3: NI. Note: No useful information is reported to evaluate this element</p><p>1b.1: N: participants were recruited after cluster allocation to intervention or control; </p><p>1b.2: NI -  No evidence to suggest that selection was influenced by knowledge of the assigned intervention (93% of elegible teachers participated) for teachers, but teachers selected children for inclusion in a non-random fashion; </p><p>1b.3: PN: there were no significant differences for intervention groups. Overall: Some concerns</p>",Low risk,"<p>2.1a: NI; 2.1b: PY; 2.2: PY. Note: No information provided on whether participants knew that they were in a trial, due to the nature of the intervention they (as those delivering the intervention) were most likely aware of intervention allocation.</p><p>2.3: PN.  Note: No evidence to suggest deviations from the intended intervention that arose because of the trial context </p><p>2.4: NA.</p><p>2.5: NA.</p><p>2.6: Y. Note:  Data was analysed on an intention-to-treat basis.</p><p>2.7: NA.</p>",Low risk,"<p>3.1a: PY - all clusters were analyzed;  </p><p>3.1b: PN: data was available for almost all teachers (84/86%), loss at follow-up was greater for families/children (62-69%)</p><p>3.2: PN. No evidence that the result was not biased by missing data</p><p>3.3: PN; 3.4: NA. Quote: &quot;the followed and<br/>non-followed families did not differ by condition or on family<br/>demographic characteristics (i.e., food insecurity status,<br/>household size), and baseline child effectiveness outcome<br/>measures. Therefore, we assumed data were missing<br/>completely at random&quot;</p>",Some concerns,"<p>4.1: PN. Note: The outcome measure is widely established and adapted for use in Nepal.</p><p>4.2: PN. Note: No evidence to suggest that.</p><p>4.3a: NI; 4.3b: PY. Note: no information provided on whether participants knew that they were in a trial, participants were most likely aware of the group allocation due to the nature of the intervention </p><p>4.4: PY; 4.5: PN. Note: Knowledge of the assigned intervention could influence participant-reported outcomes, but there is no reason to believe that it did.</p>",Low risk,"<p>5.1: PY. Note: No evidence to suggest otherwise, methods and results do not show discrepancies. </p><p>5.2: PN. Note: No evidence to suggest outcome selection. All outcomes mentioned in the methods and results were reported.</p><p>5.3: PN. Note: No evidence to suggest analyses selection. All analyses mentioned in the methods and results were reported.</p>",Some concerns,"<p>The study is judged to raise some concerns in one domain (4), but not to be at high risk of bias for any domain.</p>"
4,14,Social outcomes at 1-6 months ,,SUBGROUP_AND_OVERALL,Velásquez 2015,2015,0.0,0.0,-0.08,0.05,0,68,-0.08,0.05,0,57,0.0,0.0,52.32317,0.0,-0.351975,0.351975,Prosocial Behavior Scale,Some concerns,"<p>1.1: PY; 1.2: NI. Quote: &quot;These students were randomly assigned to an intervention group<br/>and a control group in waiting list to take the Yoga workshops after the evaluation was finalized&quot;. No further information provided</p><p>1.3: PN. Imbalances were observed for one of the prognostic characteristics assessed (depression at baseline). This was adjusted for in analyses. Quote: &quot;Results revealed only<br/>a statistically significant difference in depression (t = 2.76; p &lt; .05). As shown in Table<br/>1, the intervention group showed slightly higher levels of these variables compared to<br/>the control group&quot;. </p>",High risk,"<p>2.1: PY; 2.2: Y. Note:Due to the nature of the intervention participants were most likely aware of allocation. Personelle and parents were fully aware of allocation.</p><p>2.3: PY. Quote: &quot;another plausible explanation for this is a positive contamination<br/>effect, where students participating in the control group could have reduced their level of aggression as a result of the participating students engaging in fewer aggression<br/>situations in their classrooms&quot;</p><p>2.4: PY. Note:Positive contamination could explain the unexpected decrease in aggression found in the control group </p><p>2.5: PN. Note: Contamination is most likely to affect the wait list control group</p><p>2.6: NI. Note: No explicit mention of the analysis used to estimate the effect of assignment to intervention. </p><p>2.7: NI.  No information provided on how many participants were analyzed for each group</p>",Low risk,"<p>3.1: PY. Note: Out of the 125 randomized participants, 11 (8.8%) dropped from the study </p><p>3.2: NA.</p><p>3.3: NA.</p>",Some concerns,"<p>4.1: PN. Note:The measure was developed for the study, demonstrating good psychometric properties. </p><p>4.2: PN. No evidence to suggest differences in measurement between intervention and control. </p><p>4.3: PY. Outcome assessors (participants) were most likely aware of intervention allocation.</p><p>4.4: PY. Knowledge of the assigned intervention could influence participant-reported outcomes, but there is no reason to believe that it did</p><p>4.5: PN.</p>",Low risk,"<p>5.1: PY. Note: No evidence to suggest otherwise, methods and results do not show discrepancies. </p><p>5.2: PN. No evidence to suggest outcome selection. All outcomes mentioned in the methods are reported.</p><p>5.3: PN. No evidence to suggest analyses selection. All analyses mentioned in the methods were reported. </p>",High risk,<p>The study is judged to be at high risk of bias<b> </b>in one domain (2).</p>
4,15,Social outcomes at 7-24 months,,SUBGROUP_AND_OVERALL,Berger 2018,2018,0.0,0.0,4.64,0.9,0,95,5.34,1.55,0,88,0.0,0.0,100.0,-0.7,-1.070985,-0.329015,Strengths and Difficulties Questionnaire (SDQ),Low risk,"<p>1a.1: Y; 1a.2: PY.  Quote: &quot;The principal of this school randomply chose (by tossing a coin) to implement the ESPS (experimental group) in only one of the two classes in each of the 4th-6th grades, while the other classes participated in Social Studies (SS, control group).&quot;</p><p>1.3: N. Quote: &quot;No significant differences were found at baseline (prior to the intervention) between the intervention and control group for any of the outcome measures&quot;</p><p>1b.1: Y. Quote: &quot;The ESPS program was presented to all the principals from the primary schools in the Meru district. (...). Since we had limited funds, we randomly chose (by tossic dice) one school for the study.&quot;</p>",Some concerns,<p>2.1a: PY; 2.1b: PY. Quote: &quot;All the parents or guardians whose children were assigned to the ESPS consented to their children's participation in the study and expressed support for the program&quot;<br/>2.2: Y. The teachers were trained in a workshop by the first author for the experimental exercises&quot;</p><p>2.3: PN. Note: No evidence to suggest deviations from the intended intervention that arose because of the trial context.</p><p>2.4: NA.</p><p>2.5: NA.</p><p>2.6: NI.  Note: Not enough information provided to give a judgemnet on this item.</p><p>2.7: PN. Note: No evidence to suggest that failure to analyzed participants in randomized groups could a substantial impact on the results.</p>,Low risk,<p>3.1a:PY. No evidence to suggest cluster loss. </p><p>3.2: NA.</p><p>3.3: NA.</p><p>3.4: NA.</p>,Some concerns,"<p>4.1: N. Note: The selected outcome method (Spence Anxiety scale for children-SCAS) is validated and established. Quote: &quot;Cronbach alpha in the current sample was 0.74)&quot;</p><p>4.2: PN. No evidence to suggest that measurement or ascertainment of the outcome differed between intervention groups.</p><p>4.3a: NI; 4.3b: PY. No information was provided on whether participants knew that they were in a trial, participants (outcome assessors) were most likely aware of the group allocation due to the nature of the intervention.</p><p>4.4: PY; 4.5: PN. Knowledge of the assigned intervention could influence participant-reported outcomes, but there is no reason to believe that it did.</p>",Low risk,<p>5.1: PY. Note: No protocol available. </p><p>5.2: PN. Note: No evdience to suggest outcome selection. All outcomes mentioned in the methods and results were reported.</p><p>5.3: PN. Note: no evidence to suggest analyses selection. All outcomes mentioned in the methods and results were reported.</p>,Some concerns,"<p>The study is judged to raise some concerns in two domains (2 and 4), but not to be at high risk of bias for any domain.</p>"
5,1,Quality of life at 0-1 months,,SUBGROUP_AND_OVERALL,Ager 2011,2011,0.0,0.0,-44.1,5.6,0,57,-43.0,6.5,0,58,0.0,0.0,100.0,-1.1,-3.316254,1.116254,Child self-reported well-being ,Some concerns,"<p>1a.1: PN.</p><p>1a.2: NI. Note: Randomization was with a coin toss, no specifications are given on who conducted the randomization and on allocation concealment. </p><p>1a.3: NI. Note: no useful information is reported to evaluate this element</p><p>1b.1: PN Note:  First the schools were randomized to the intervention or control group, then participants were identified. &quot;From each of the eight intervention schools, the first group of 25 students selected to undergo the PSSA<br/>program in the school year 2007/08 was the focus of the evaluation&quot;;</p><p>1a.2: NI. Note: Randomization was with a coin toss, no specifications are given on who conducted the randomization and on allocation concealment. </p><p>1b.2: PN. Note: there is no evidence to suggest that selection was affected by knowledge of the intervention assigned to the cluster; </p><p>1b.3: NI . Quote: &quot;At baseline there was no significant difference<br/>between intervention and comparison groups on age (F(1,401) = 1.79, p &gt; .05) or gender (chi-square<br/>= .48, df: 1, p &gt; .05). Children’s, parents’ and<br/>teachers’ ratings of children’s well-being at baseline<br/>are summarized in Table 3.&quot;; No table is reported for age and gender, table 3 does not report p-values. </p>",High risk,"<p>2.1a: NI; 2.1b: PY; 2.2: PY. Note: Relatives provided the informed consent, no information on what specifications they were given is provided. Participants were most likely aware of their assigned intervention due to the nature of the intervention itself. </p><p>2.3: PY. Quote: &quot;In original program documentation these components had related to distinct program goals of<br/>‘enhancing school performance’, ‘increasing participation in social activities and self-help community initiatives’ and ‘improving care and emotional support<br/>received in families’. However, through inception, the<br/>program elements were increasingly seen as connected<br/>to the core goal of enhancing child well-being and<br/>‘resilience’. With this construct the central focus of<br/>change, the study focused on operationalization of this<br/>concept&quot;</p><p>2.4: PN. Note: No evidence to suggest that deviations could have affected the outcome</p><p>2.5: NA.</p><p>2.6: NI. Note: The method section referring to statistical analysis is missing. Information provided is insufficient.</p><p>2.7: NI.</p>",High risk,"<p>3.1a: NI; 3.1b: PN. Note: 403 students took part in the study, more than 150 were lost at follow-up (37.2%). No specific number of loss at follow-up is reported.</p><p>3.2: PN.  Note: No evidence that the result was not biased by missing data</p><p>3.3: PY; 3.4: PY. Note: The missing data could depend on the outcome's true value</p>",Some concerns,"<p>4.1: PN.  Note: The outcome's internal consistency was reported to be good.</p><p>4.2: PN. Note: No evidence to suggest that.</p><p>4.3a: NI; 4.3b: PY. Note: No information provided on whether participants knew that they were in a trial, participants were most likely aware of the group allocation due to the nature of the intervention </p><p>4.4: PY; 4.5: PN. Note: The assesment of the outcome could have been influenced by knowledge of the intervention but there is no readon to belive it did </p>",High risk,"<p>5.1: PY. Note: No evidence to suggest otherwise, methods and results do not show discrepancies. </p><p>5.2: PY. Quote: &quot;The original study design had sought to map impact and adjustment also with respect to school attendance records and records of academic achievement (term grades).&quot;</p><p>5.3: PN. Note: No evidence to suggest analyses selection. All analyses mentioned and results were reported.</p>",High risk,"<p>The study is judged to be at high risk of bias<b> </b>in three domains (2, 3 and 5).</p>"
5,2,Psychological functioning and impairment at 0-1 months,,SUBGROUP_AND_OVERALL,Annan 2017,2017,0.0,0.0,1.05,0.39,0,240,1.07,0.39,0,239,0.0,0.0,100.0,-0.02,-0.089852,0.049852,Externalizing subscale of the Child Behavior Checklist (CBCL),Low risk,"<p>1a.1: Y; 1a.2: PY. Quote: &quot;Author AS generated the randomization list using a computerized<br/>random number generator and informed the implementing organization of group allocation. All other authors<br/>were blinded to allocation.&quot;</p><p>1.3: NI. No useful information is reported to evaluate this element</p><p>1b.1: PY. Note:flow-chart indicates that individual participants were identified before randomization of clusters.</p><p>1b.3 Quote: &quot;Treatment and control groups did not differ significantly at baseline at a level of 0.05 on age, sex, education levels of caregivers, or on age and sex of children.&quot;<br/> </p>",Low risk,"<p>2.1a:NI; 2.1b: PY; 2.2: PY.  Note: No information provided on whether participants knew that they were in a trial, due to the nature of the intervention they (as those delivering the intervention) were most likely aware of intervention allocation.</p><p>2.3: PN. Note: No evidence to indicate deviations from protocol</p><p>2.4: NA.</p><p>2.5: NA.</p><p>2.6: PY.  Quote: &quot;Data were imputed for outcomes missing at post-test to<br/>follow an intention-to-treat analysis to avoid biased comparisons<br/>between treatment groups, particularly due to dropout&quot;</p><p>2.7: NA.</p>",Low risk,<p>3.1a: PY . Note no evidence to suggest cluster loss;</p><p>3.1b:  PY. Participants lost at 1 month follow-up were 27 for control and 28 for intervention - this is less than 20% of the allocated 240 and 239 families - 44 participants were lost at 6 months follow-up for the intervention but data for this time-point is not reported</p><p>3.2: NA.</p><p>3.3: NA.</p><p>3.4: NA. </p>,Some concerns,"<p>4.1: N. Note: The outcome measure is widely established and validated for use across different contexts</p><p>4.2: PN. Note: <br/>No evidence to suggest differences in measurement between intervention and control.</p><p>4.3a: NI; 4.3b: PY.  Note: No information provided on whether participants knew that they were in a trial, participants (outcome assessors) were most likely aware of the group allocation due to the nature of the intervention.</p><p>4.4: PY. Note: Knowledge of the assigned intervention could influence participant-reported outcomes, but there is no reason to believe that it did</p><p>4.5: PN.</p>",Low risk,"<p>5.1: PY.  Note: No evidence to suggest otherwise, methods and results do not show discrepancies</p><p>5.2:  PN. Note: No evidence to suggest outcomes selection. All outcomes mentioned in the methods and results were reported. </p><p>5.3: PN. No evidence to suggest analyses selection. All outcomes mentioned in the methods and results were reported. </p>",Some concerns,"<p>The study is judged to raise some concerns in one domain (4), but not to be at high risk of bias for any domain.</p>"
5,3,Depressive symptoms at 0-1 months,,SUBGROUP_AND_OVERALL,Annan 2017,2017,0.0,0.0,1.18,0.41,0,240,1.17,0.42,0,239,0.0,0.0,75.096545,0.024057,-0.155056,0.20317,Internalizing subscale of the Child Behavior Checklist (CBCL),Low risk,"<p>1a.1: Y; 1a.2: PY. Quote: &quot;Author AS generated the randomization list using a computerized<br/>random number generator and informed the implementing organization of group allocation. All other authors<br/>were blinded to allocation.&quot;</p><p>1.3: NI. No useful information is reported to evaluate this element</p><p>1b.1: PY. Note:flow-chart indicates that individual participants were identified before randomization of clusters.</p><p>1b.3 Quote: &quot;Treatment and control groups did not differ significantly at baseline at a level of 0.05 on age, sex, education levels of caregivers, or on age and sex of children.&quot;<br/> </p>",Low risk,"<p>2.1a:NI; 2.1b: PY; 2.2: PY.  Note: No information was provided on whether participants knew that they were in a trial, due to the nature of the intervention they (as those delivering the intervention) were most likely aware of intervention allocation.</p><p>2.3: PN. Note: No evidence to indicate deviations from protocol</p><p>2.4: NA.</p><p>2.5: NA.</p><p>2.6: PY.  Quote: &quot;Data were imputed for outcomes missing at post-test to<br/>follow an intention-to-treat analysis to avoid biased comparisons<br/>between treatment groups, particularly due to dropout&quot;</p><p>2.7: NA.</p>",Low risk,<p>3.1a: PY . Note no evidence to suggest cluster loss;</p><p>3.1b:  PY. Participants lost at 1 month follow-up were 27 for control and 28 for intervention - this is less than 20% of the allocated 240 and 239 families - 44 participants were lost at 6 months follow-up for the intervention but data for this time-point is not reported</p><p>3.2: NA.</p><p>3.3: NA.</p><p>3.4: NA. </p>,Some concerns,"<p>4.1: N. Note: The outcome measure is widely established and validated for use across different contexts</p><p>4.2: PN. Note: <br/>No evidence to suggest differences in measurement between intervention and control.</p><p>4.3a: NI; 4.3b: PY.  Note: No information provided on whether participants knew that they were in a trial, participants (outcome assessors) were most likely aware of the group allocation due to the nature of the intervention.</p><p>4.4: PY. Note: Knowledge of the assigned intervention could influence participant-reported outcomes, but there is no reason to believe that it did</p><p>4.5: PN.</p>",Low risk,"<p>5.1: PY.  Note: No evidence to suggest otherwise, methods and results do not show discrepancies</p><p>5.2:  PN. Note: No evidence to suggest outcomes selection. All outcomes mentioned in the methods and results were reported. </p><p>5.3: PN. No evidence to suggest analyses selection. All outcomes mentioned in the methods and results were reported. </p>",Some concerns,"<p>The study is judged to raise some concerns in one domain (4), but not to be at high risk of bias for any domain.</p>"
5,3,Depressive symptoms at 0-1 months,,SUBGROUP_AND_OVERALL,O’Callaghan 2014,2014,0.0,0.0,11.57,5.36,0,79,12.09,6.26,0,80,0.0,0.0,24.903455,-0.088763,-0.399797,0.22227,Depression and Anxiety Subscale of the African Youth Psychosocial Assessment Instrument (AYPA) ,Low risk,"<p>1.1: Y; 1.2: PY. Quote: &quot;each member (...) was randomly assigned to either<br/>the treatment or the control group using a computer generated random<br/>sequence (www.random.org). This sequence was supplied by one of the authors off site. The lead author then allocated participants using the randomized<br/>sequence&quot;; Quote: &quot;Selection bias was reduced by ensuring treatment<br/>allocation was concealed from those responsible for participant enrolment<br/>and by ensuring the person responsible for assigning participants met<br/>none of the participants prior to the group allocation&quot;.</p><p>1.3:  N.  Quote: &quot;There were no important differences found between groups on the outcome measures at pre-intervention&quot;; &quot;A total of 159 children participated in the study: 79 in the intervention group and 80 in the control group. The mean age of the children in each group was similar, as was the ratio of males: females, the ratio of children recruited from each village(see Table 1), and the proportion of children that had been abducted or experienced other events at the hands of the LRA&quot;</p>",Low risk,"<p>2.1: PY; 2.2: PY.  Note: Due to the nature of the intervention, caregivers and people who delivering the intervention were most likely aware of the assignment. May be different for patients given the nature of their disorder. </p><p>2.3: PN.  Note: No evidence of deviations from protocol</p><p>2.4: NA.</p><p>2.5: NA.</p><p>2.6: PY.  Note: Limited missing (N=6); all randomized participants were included in the primary analysis according to the CONSORT chart. </p><p>2.7: NA.</p>",Low risk,"<p>3.1: PY.  Quote: &quot;There were six participants who failed to provide data at the post-test stage (3 participants from each group).&quot;; &quot;Except in the case of participants who could not be found for post or follow-up assessment, there were no other missing values for any question in this study.&quot;. A total of 159 participants were randomized in thi trial (missings: 3.77%)</p><p>3.2: NA. </p><p>3.3: NA.</p><p>3.4: NA.</p>",Some concerns,"<p>4.1: N. Quote: &quot;The AYPA was chosen because it is the only African developed, validated questionnaire available, had been used in separate studies with war-affected children in the DR Congo&quot;; Good psychometric properties within the sample &quot;Test-retest reliability (carried out with a subset of 30 participants) for the AYPA was 0.91, inter-rater reliability was 0.58 (n = 26) and internal consistency ranged from 0.637 (conduct) to 0.787 (internalising symptoms).&quot;</p><p>4.2: PN. Note: No evidence to suggest differences in measurement between intervention groups.</p><p>4.3: PY. Note: Outcome assessors (children) were probably aware of intervention allocation; those responsible for data collection were blind to the group allocation</p><p>4.4:  PY.  Note: Knowledge of the assigned intervention could influence participant-reported outcomes, but there is no reason to believe that it did</p><p>4.5: PN.</p>",Low risk,"<p>5.1: PY. Note: No evidence to suggest otherwise, the protocol and manuscript do not show discrepancies</p><p>5.2: N. Note: All pre-determined outcomes found in protocol were reported. In accordance to protocol, data at 3 months follow-up was not collected for controls given the wait list nature of the group and ethical concerns.</p><p>5.3: N. Note: No evidence to suggest selection of analyses.</p>",Some concerns,"<p>The study is judged to raise some concerns in one domain (4), but not to be at high risk of bias for any domain.</p>"
5,4,Depressive symptoms at 1-6 months,,SUBGROUP_AND_OVERALL,Dhital 2019,2019,0.0,0.0,13.1,3.8,0,111,13.0,3.7,0,102,0.0,0.0,32.599245,0.026554,-0.242287,0.295395,Depression Self-Rating Scale,Low risk,"<p>1a.1: Y; 1a.2: PY.  Note: Title mentions RCT design. <br/>It was used a random component (opaque envelops).</p><p>Quote: &quot;Each pair of schools were grouped together and one school from each pair was randomly assigned to either hroup A or B&quot;</p><p>1.3: N. Quote: &quot;No significant difference was identified between intervention and control group&quot;</p><p>1b.1: PY. First, adolescents were considered eligible to partecipate, then were selected throught simple random sampling, and then there was a randomization process of the clusters.</p>",Some concerns,<p>2.1a: PY. Quote: &quot;Written informed consnet were provided by the adolescents who agreed to participate in the study and their guardians&quot;<br/>2.1b: PY. Quote: &quot;Blinding was not done for the intervention because all schools were required to be informed about the intervention&quot;</p><p>2.2: PY. People delivering the intervention (teachers) were trained for doing that. They were most likely aware of their assigned intervention.</p><p>2.3: PN. Note: No evidence to suggest deviations from the intended intervention taht arose because of the trial context.</p><p>2.4: NA.</p><p>2.5: NA.</p><p>2.6: NI.  Note: No information provided.</p><p>2.7: PN. Note: There is no reason to believe that it did.</p>,Low risk,<p>3.1a: PY. 3.1b: PY. Dropout rate: 16% for control group; 8 % for intervention group</p><p>3.2: NA.</p><p>3.3: NA.</p><p>3.4: NA.</p>,Some concerns,"<p>4.1: N. Quote: &quot;We used validated tools (Depression Self-rating Scale) to measure the symptoms scores. (...) The scale has been validated in Nepal&quot;</p><p>4.2: PN. Note: No evidence to suggest differences in measurement between intervention and control groups.</p><p>4.3a: Y. Quote: &quot;the research assistants were trained on data collection and ethical procedures&quot;<br/>4.3b: PY. Due to the nature of intervention, ouctome assessors (research assistants + participants) ere most likely aware of the intervention allocation. </p><p>4.4: PY; 4.5: PN. Note: Knowledge of the assigned interventio could influence participant-reported outcomes, but there is no reason to believe that it did.</p>",High risk,"<p>5.1: PN. Note: protocol is available.</p><p>5.2: Y. Quote: &quot;According to the original protocol, this study had aimed at collecting data at 3 months follow-up after the intervention. However, the 3 month follow up was cancelled at the time of data collection due to feasibility problems. </p><p>5.3: PN. Note: No evidence to suggest analyses selection. All outcomes mentioned in the methods and protocol were reported. </p>",High risk,<p>The study is judged to be at high risk of bias<b> </b>in one domain (5).</p>
5,4,Depressive symptoms at 1-6 months,,SUBGROUP_AND_OVERALL,Fabbri 2021,2021,0.0,0.0,4.57,5.27,0,226,4.53,5.44,0,209,0.0,0.0,40.077938,0.00746,-0.18063,0.195551,Mood and Feelings Questionnaire (MFQ),Low risk,"<p>1a.1:Y; 1a.2:Y. Quote: “To ensure balance across arms, schools were stratified according to whether they served a Congolese or Burundian population, and were primary or secondary schools. An allocation list  was generated by EA with a computer random number generator and an algorithm in Stata<br/>(version 15). Allocation took place at a public meeting where a representative of each school within each stratum was invited to place the name of their school in an opaque bag. A nominated person from each stratum then withdrew names from the bag, and schools were allocated either to receive the intervention or to the control condition in the sequence on the allocation list, recorded by MZ.”</p><p>1a.3: NI. Note: No useful information is reported to evaluate this element</p>",Some concerns,"<p>2.1 a:NI; 2.1b:PY; 2.2:PY. Note: No information provided on whether participants knew that they were in a trial, due to the nature of the intervention they (as those delivering the intervention) were most likely aware of intervention allocation. Quote: &quot;The intervention is behavioural in nature, and it was not possible<br/>to mask participants to allocation.&quot;</p><p>2.3: PY. Note: Some deviations caused by the trial context (humanitarian), occurred. Quote: &quot;This disrupted the functioning of the EmpaTeach<br/>groups over a period of approximately 4 weeks. IRC’s programme delivery team created a<br/>compressed version of the programme for teachers affected by the layoff, in which the same<br/>intervention content was delivered over a shorter time period (6 weeks instead of 10)&quot;; &quot;We did have 1 major incident that affected intervention delivery, which is perhaps<br/>expected, given the challenges inherent in working in humanitarian settings&quot;</p><p>2.4: PN. Quote: &quot;Our adherence analyses did not detect any differential effects of the compressed versus original format intervention, but we would have been underpowered to detect a difference, as it was necessary to conduct analyses at the school level.&quot;</p><p>2.5: NA. </p><p>2.6: Y. Note: Data was analysed on an intention-to-treat basis.</p><p>2.7: NA.</p>",Low risk,<p>3.1a: PY. Note: all included clusters were analyzed; </p><p>3.1b: PY. Note: data were available for nearly all participants within the cluster</p><p>3.2: NA.</p><p>3.3: NA.</p><p>3.4: NA.</p>,Some concerns,"<p>4.1: PN. Note: The outcome measure (MFQ) presented good psychometric properties in the study sample</p><p>4.2: PN. Note: No evidence to suggest that measurement or ascertainment of the outcome differed between intervention groups.</p><p>4.3a: NI; 4.3b:PY . Note: No information provided on whether participants knew that they were in a trial, participants (outcome assessors) were most likely aware of the group allocation due to the nature of the intervention.</p><p>4.4: PY; 4.5: PN. Note: Knowledge of the assigned intervention could influence participant-reported outcomes, but there is no reason to believe that it did.</p>",Low risk,"<p>5.1: PY. Note: No evidence to suggest otherwise, methods and results do not show discrepancies. </p><p>5.2: PN. Note: No evidence to suggest outcome selection. All outcomes mentioned in the methods and results were reported. </p><p>5.3: PN. Note: No evidence to suggest analyses selection. All analyses mentioned in the methods were reported. </p>",Some concerns,"<p>The study is judged to raise some concerns in two domains (2 and 4), but not to be at high risk of bias for any domain.</p>"
5,4,Depressive symptoms at 1-6 months,,SUBGROUP_AND_OVERALL,Richards 2014,2014,0.0,0.0,24.35,13.92,0,73,18.63,10.32,0,70,0.0,0.0,27.322817,0.46291,0.130554,0.795266,Acholi Psychosocial Assessment Instrument (APAI),Low risk,"<p>1.1: Y; 1.2: PY. Quote: &quot;Allocation of the registered boys on each list was completed using a computer-generated list of random numbers. Since the number of registered boys was approximately double the number of places available in the intervention (n = 240), simple randomisation procedures for each list were used.&quot;</p><p>1.3: NI. Note: In article only descriptive information available. Quote: &quot;Despite randomisation,  there were also differences in the demographics of the boys intervention and wait-listed groups that were most notable for location of residence &quot;, in supplementary information no statistical testing reported to assess baseline differences&quot;</p>",Low risk,<p>2.1: PY; 2.2: Y. Note:Due to the nature of the intervention participants were most likely aware of the intervention. Coaches were aware of the intervention.</p><p>2.3: PN. Note: No evidence to suggest issues in recruitment and engagement nor failures to implement intervention</p><p>2.4: NA.</p><p>2.5: NA.</p><p>2.6: Y. Quote: &quot;An intention-to-treat analysis of adjusted effect size (ES) was applied.&quot;</p><p>2.7: NA.</p>,Low risk,"<p>3.1: Y. Note:Lost to follow-up: 1 in intervention, 1 in control over 145 randomized.</p><p>3.2: NA.</p><p>3.3: NA.</p><p>3.4: NA.</p>",Some concerns,"<p>4.1: N. Note:The APAI assesses local expressions of depressive and anxiety-like symptoms, and has been validated in the Gulu area. Within the sample, the depression component  was reported to good internal consistency  (α = 0.949)</p><p>4.2: PN. Note: No evidence to suggest differences in measurement between intervention and control. </p><p>4.3: PY. Note: Outcome assessors (participants) were most likely aware of intervention allocation. CHWs collecting data were blinded.</p><p>4.4: PY; 4.5: PN. Note: Knowledge of the assigned intervention could influence participant-reported outcomes, but there is no reason to believe that it did.</p>",Low risk,"<p>5.1: PY. Note: no evidence to suggest otherwise, methods and results do not show discrepancies. </p><p>5.2: PN. Note: No evidence to suggest outcome selection. All outcomes mentioned in the methods are reported.</p><p>5.3: PN. Note: No evidence to suggest analyses selection. All analyses mentioned in the methods were reported. </p>",Some concerns,"<p>The study is judged to raise some concerns in one domain (4), but not to be at high risk of bias for any domain.</p>"
5,5,Depressive symptoms at 7-24 months,,SUBGROUP_AND_OVERALL,Fabbri 2021,2021,0.0,0.0,4.11,5.422,0,226,3.89,5.0,0,209,0.0,0.0,100.0,0.22,-0.759388,1.199388,Mood and Feelings Questionnaire (MFQ),Low risk,"<p>1a.1:Y; 1a.2:Y. Quote: “To ensure balance across arms, schools were stratified according to whether they served a Congolese or Burundian population, and were primary or secondary schools. An allocation list  was generated by EA with a computer random number generator and an algorithm in Stata<br/>(version 15). Allocation took place at a public meeting where a representative of each school within each stratum was invited to place the name of their school in an opaque bag. A nominated person from each stratum then withdrew names from the bag, and schools were allocated either to receive the intervention or to the control condition in the sequence on the allocation list, recorded by MZ.”</p><p>1a.3: NI. Note: No useful information is reported to evaluate this element</p>",Some concerns,"<p>2.1 a:NI; 2.1b:PY; 2.2:PY. Note: No information provided on whether participants knew that they were in a trial, due to the nature of the intervention they (as those delivering the intervention) were most likely aware of intervention allocation. Quote: &quot;The intervention is behavioural in nature, and it was not possible<br/>to mask participants to allocation.&quot;</p><p>2.3: PY. Note: Some deviations caused by the trial context (humanitarian), occurred. Quote: &quot;This disrupted the functioning of the EmpaTeach<br/>groups over a period of approximately 4 weeks. IRC’s programme delivery team created a<br/>compressed version of the programme for teachers affected by the layoff, in which the same<br/>intervention content was delivered over a shorter time period (6 weeks instead of 10)&quot;; &quot;We did have 1 major incident that affected intervention delivery, which is perhaps<br/>expected, given the challenges inherent in working in humanitarian settings&quot;</p><p>2.4: PN. Quote: &quot;Our adherence analyses did not detect any differential effects of the compressed versus original format intervention, but we would have been underpowered to detect a difference, as it was necessary to conduct analyses at the school level.&quot;</p><p>2.5: NA. </p><p>2.6: Y. Note: Data was analysed on an intention-to-treat basis.</p><p>2.7: NA.</p>",Low risk,<p>3.1a: PY. Note: all included clusters were analyzed; </p><p>3.1b: PY. Note: data were available for nearly all participants within the cluster</p><p>3.2: NA.</p><p>3.3: NA.</p><p>3.4: NA.</p>,Some concerns,"<p>4.1: PN. Note: The outcome measure (MFQ) presented good psychometric properties in the study sample</p><p>4.2: PN. Note: No evidence to suggest that measurement or ascertainment of the outcome differed between intervention groups.</p><p>4.3a: NI; 4.3b:PY . Note: No information provided on whether participants knew that they were in a trial, participants (outcome assessors) were most likely aware of the group allocation due to the nature of the intervention.</p><p>4.4: PY; 4.5: PN. Note: Knowledge of the assigned intervention could influence participant-reported outcomes, but there is no reason to believe that it did.</p>",Low risk,"<p>5.1: PY. Note: No evidence to suggest otherwise, methods and results do not show discrepancies. </p><p>5.2: PN. Note: No evidence to suggest outcome selection. All outcomes mentioned in the methods and results were reported. </p><p>5.3: PN. Note: No evidence to suggest analyses selection. All analyses mentioned in the methods were reported. </p>",Some concerns,"<p>The study is judged to raise some concerns in two domains (2 and 4), but not to be at high risk of bias for any domain.</p>"
5,6,Anxiety symptoms at 0-1 months,,SUBGROUP_AND_OVERALL,Tobias da Silva 2017,2017,0.0,0.0,73.9,24.7,0,14,69.4,19.7,0,14,0.0,0.0,100.0,4.5,-12.049638,21.049638,Child Drawing: Hospital (CD-H),Low risk,"<p>1.1: Y; 1.2: PY.  Quote: &quot;The randomization was carried out prior to data collection, through the website www.randomization.com, by a person blind to the data collection, who prepared envelopes numbered in sequential order. The researchers, on including the child in the study, opened the envelope corresponding to the participation number and verified to which group the child would be allocated. &quot;</p><p>1.3: PN. Baseline characteristics were overall comparable across groups as demonstrated by Table 1</p>",Low risk,<p>2.1: PY; 2.2: PY. Due to the nature of the intervention participants and personnel were moslt likely aware of their assigned intervention </p><p>2.3: PN. No evidence to suggest issues in recruitment and engagement nor failures to implement intervention allowed by the protocol</p><p>2.4: NA.</p><p>2.5: NA.</p><p>2.6: PY. No explicit mention of the analysis used to estimate the effect of assignment to intervention. Data was analyzed for  all randomized participants </p><p>2.7: NA.</p>,Low risk,<p>3.1: Y. All randomized participants were assessed a.&quot;</p><p>3.2: NA.</p><p>3.3: NA.</p><p>3.4: NA.</p>,Some concerns,"<p>4.1: PN. The selected outcome method was not validated for use in Brazil, but given its language free nature, there is no evidence to suggest it being inappropriate</p><p>4.2: PN. No evidence to suggest differences in measurement between intervention and control. </p><p>4.3: PY. Outcome assessors (researchers) were most likely aware of intervention allocation given the description of randomization and allocation concealment provided in the paper.</p><p>4.4: PY; 4.5: PN. Note: Knowledge of the assigned intervention could influence participant-reported outcomes, but there is no reason to believe that it did</p>",Low risk,"<p>5.1: PY. Note: No evidence to suggest otherwise, methods and results do not show discrepancies. </p><p>5.2: PN. No evidence to suggest outcome selection. All outcomes mentioned in the methods are reported.</p><p>5.3: PN. No evidence to suggest analyses selection. All analyses mentioned in the methods were reported. </p>",Some concerns,"<p>The study is judged to raise some concerns in one domain (4), but not to be at high risk of bias for any domain.</p>"
5,7,Anxiety symptoms at 1-6 months,,SUBGROUP_AND_OVERALL,Richards 2014,2014,0.0,0.0,8.73,4.9,0,73,7.31,3.71,0,70,0.0,0.0,100.0,1.42,-8.51E-4,2.840851,Acholi Psychosocial Assessment Instrument (APAI),Low risk,"<p>1.1: Y; 1.2: PY. Quote: &quot;Allocation of the registered boys on each list was completed using a computer-generated list of random numbers. Since the number of registered boys was approximately double the number of places available in the intervention (n = 240), simple randomisation procedures for each list were used.&quot;</p><p>1.3: NI. Note: In article only descriptive information available. Quote: &quot;Despite randomisation,  there were also differences in the demographics of the boys intervention and wait-listed groups that were most notable for location of residence &quot;, in supplementary information no statistical testing reported to assess baseline differences&quot;</p>",Low risk,<p>2.1: PY; 2.2: Y. Note:Due to the nature of the intervention participants were most likely aware of the intervention. Coaches were aware of the intervention.</p><p>2.3: PN. Note: No evidence to suggest issues in recruitment and engagement nor failures to implement intervention</p><p>2.4: NA.</p><p>2.5: NA.</p><p>2.6: Y. Quote: &quot;An intention-to-treat analysis of adjusted effect size (ES) was applied.&quot;</p><p>2.7: NA.</p>,Low risk,"<p>3.1: Y. Note:Lost to follow-up: 1 in intervention, 1 in control over 145 randomized.</p><p>3.2: NA.</p><p>3.3: NA.</p><p>3.4: NA.</p>",Some concerns,"<p>4.1: N. Note:The APAI assesses local expressions of depressive and anxiety-like symptoms, and has been validated in the Gulu area. Within the sample, the depression component  was reported to good internal consistency  (α = 0.949)</p><p>4.2: PN. Note: No evidence to suggest differences in measurement between intervention and control. </p><p>4.3: PY. Note: Outcome assessors (participants) were most likely aware of intervention allocation. CHWs collecting data were blinded.</p><p>4.4: PY; 4.5: PN. Note: Knowledge of the assigned intervention could influence participant-reported outcomes, but there is no reason to believe that it did.</p>",Low risk,"<p>5.1: PY. Note: no evidence to suggest otherwise, methods and results do not show discrepancies. </p><p>5.2: PN. Note: No evidence to suggest outcome selection. All outcomes mentioned in the methods are reported.</p><p>5.3: PN. Note: No evidence to suggest analyses selection. All analyses mentioned in the methods were reported. </p>",Some concerns,"<p>The study is judged to raise some concerns in one domain (4), but not to be at high risk of bias for any domain.</p>"
5,8,Distress/PTSD symptoms at 0-1 months,,SUBGROUP_AND_OVERALL,O’Callaghan 2014,2014,0.0,0.0,10.03,4.76,0,79,12.17,5.7,0,80,0.0,0.0,100.0,-2.14,-3.771521,-0.508479,Children's Revised Impact of Event Scale (CRIES-8),Low risk,"<p>1.1: Y; 1.2: PY. Quote: &quot;each member (...) was randomly assigned to either<br/>the treatment or the control group using a computer generated random<br/>sequence (www.random.org). This sequence was supplied by one of the authors off site. The lead author then allocated participants using the randomized<br/>sequence&quot;; Quote: &quot;Selection bias was reduced by ensuring treatment<br/>allocation was concealed from those responsible for participant enrolment<br/>and by ensuring the person responsible for assigning participants met<br/>none of the participants prior to the group allocation&quot;.</p><p>1.3:  N.  Quote: &quot;There were no important differences found between groups on the outcome measures at pre-intervention&quot;; &quot;A total of 159 children participated in the study: 79 in the intervention group and 80 in the control group. The mean age of the children in each group was similar, as was the ratio of males: females, the ratio of children recruited from each village(see Table 1), and the proportion of children that had been abducted or experienced other events at the hands of the LRA&quot;</p>",Low risk,"<p>2.1: PY; 2.2: PY.  Note: Due to the nature of the intervention, caregivers and people who delivering the intervention were most likely aware of the assignment. May be different for patients given the nature of their disorder. </p><p>2.3: PN.  Note: No evidence of deviations from protocol</p><p>2.4: NA.</p><p>2.5: NA.</p><p>2.6: PY.  Note: Limited missing (N=6); all randomized participants were included in the primary analysis according to the CONSORT chart. </p><p>2.7: NA.</p>",Low risk,"<p>3.1: PY.  Quote: &quot;There were six participants who failed to provide data at the post-test stage (3 participants from each group).&quot;; &quot;Except in the case of participants who could not be found for post or follow-up assessment, there were no other missing values for any question in this study.&quot;. A total of 159 participants were randomized in thi trial (missings: 3.77%)</p><p>3.2: NA. </p><p>3.3: NA.</p><p>3.4: NA.</p>",Some concerns,"<p>4.1: N. Quote: &quot;The AYPA was chosen because it is the only African developed, validated questionnaire available, had been used in separate studies with war-affected children in the DR Congo&quot;; Good psychometric properties within the sample &quot;Test-retest reliability (carried out with a subset of 30 participants) for the AYPA was 0.91, inter-rater reliability was 0.58 (n = 26) and internal consistency ranged from 0.637 (conduct) to 0.787 (internalising symptoms).&quot;</p><p>4.2: PN. Note: No evidence to suggest differences in measurement between intervention groups.</p><p>4.3: PY. Note: Outcome assessors (children) were probably aware of intervention allocation; those responsible for data collection were blind to the group allocation</p><p>4.4:  PY.  Note: Knowledge of the assigned intervention could influence participant-reported outcomes, but there is no reason to believe that it did</p><p>4.5: PN.</p>",Low risk,"<p>5.1: PY. Note: No evidence to suggest otherwise, the protocol and manuscript do not show discrepancies</p><p>5.2: N. Note: All pre-determined outcomes found in protocol were reported. In accordance to protocol, data at 3 months follow-up was not collected for controls given the wait list nature of the group and ethical concerns.</p><p>5.3: N. Note: No evidence to suggest selection of analyses.</p>",Some concerns,"<p>The study is judged to raise some concerns in one domain (4), but not to be at high risk of bias for any domain.</p>"
5,9,Distress/PTSD symptoms at 1-6 months,,SUBGROUP_AND_OVERALL,Dhital 2019,2019,0.0,0.0,16.4,7.5,0,111,16.8,8.0,0,102,0.0,0.0,100.0,-0.4,-2.487346,1.687346,Child PTSD Symptom Scale (CPSS),Low risk,"<p>1a.1: Y; 1a.2: PY.  Note: Title mentions RCT design. <br/>It was used a random component (opaque envelops).</p><p>Quote: &quot;Each pair of schools were grouped together and one school from each pair was randomly assigned to either hroup A or B&quot;</p><p>1.3: N. Quote: &quot;No significant difference was identified between intervention and control group&quot;</p><p>1b.1: PY. First, adolescents were considered eligible to partecipate, then were selected throught simple random sampling, and then there was a randomization process of the clusters.</p>",Some concerns,<p>2.1a: PY. Quote: &quot;Written informed consnet were provided by the adolescents who agreed to participate in the study and their guardians&quot;<br/>2.1b: PY. Quote: &quot;Blinding was not done for the intervention because all schools were required to be informed about the intervention&quot;</p><p>2.2: PY. People delivering the intervention (teachers) were trained for doing that. They were most likely aware of their assigned intervention.</p><p>2.3: PN. Note: No evidence to suggest deviations from the intended intervention taht arose because of the trial context.</p><p>2.4: NA.</p><p>2.5: NA.</p><p>2.6: NI.  Note: No information provided.</p><p>2.7: PN. Note: There is no reason to believe that it did.</p>,Low risk,<p>3.1a: PY. 3.1b: PY. Dropout rate: 16% for control group; 8 % for intervention group</p><p>3.2: NA.</p><p>3.3: NA.</p><p>3.4: NA.</p>,Some concerns,"<p>4.1: N. Quote: &quot;We used validated tools (Depression Self-rating Scale) to measure the symptoms scores. (...) The scale has been validated in Nepal&quot;</p><p>4.2: PN. Note: No evidence to suggest differences in measurement between intervention and control groups.</p><p>4.3a: Y. Quote: &quot;the research assistants were trained on data collection and ethical procedures&quot;<br/>4.3b: PY. Due to the nature of intervention, ouctome assessors (research assistants + participants) ere most likely aware of the intervention allocation. </p><p>4.4: PY; 4.5: PN. Note: Knowledge of the assigned interventio could influence participant-reported outcomes, but there is no reason to believe that it did.</p>",High risk,"<p>5.1: PN. Note: protocol is available.</p><p>5.2: Y. Quote: &quot;According to the original protocol, this study had aimed at collecting data at 3 months follow-up after the intervention. However, the 3 month follow up was cancelled at the time of data collection due to feasibility problems. </p><p>5.3: PN. Note: No evidence to suggest analyses selection. All outcomes mentioned in the methods and protocol were reported. </p>",High risk,<p>The study is judged to be at high risk of bias<b> </b>in one domain (5).</p>
5,10,Social outcomes at 0-1 months,,SUBGROUP_AND_OVERALL,Annan 2017,2017,0.0,0.0,-1.79,0.4,0,240,-1.71,0.46,0,239,0.0,0.0,53.963771,-0.18533,-0.364824,-0.005837,Child Psychosocial Protective Factors Scale,Low risk,"<p>1a.1: Y; 1a.2: PY. Quote: &quot;Author AS generated the randomization list using a computerized<br/>random number generator and informed the implementing organization of group allocation. All other authors<br/>were blinded to allocation.&quot;</p><p>1.3: NI. No useful information is reported to evaluate this element</p><p>1b.1: PY. Note:flow-chart indicates that individual participants were identified before randomization of clusters.</p><p>1b.3 Quote: &quot;Treatment and control groups did not differ significantly at baseline at a level of 0.05 on age, sex, education levels of caregivers, or on age and sex of children.&quot;<br/> </p>",Low risk,"<p>2.1a:NI; 2.1b: PY; 2.2: PY.  Note: No information provided on whether participants knew that they were in a trial, due to the nature of the intervention they (as those delivering the intervention) were most likely aware of intervention allocation.</p><p>2.3: PN. Note: No evidence to indicate deviations from protocol</p><p>2.4: NA.</p><p>2.5: NA.</p><p>2.6: PY.  Quote: &quot;Data were imputed for outcomes missing at post-test to<br/>follow an intention-to-treat analysis to avoid biased comparisons<br/>between treatment groups, particularly due to dropout&quot;</p><p>2.7: NA.</p>",Low risk,<p>3.1a: PY . Note no evidence to suggest cluster loss;</p><p>3.1b:  PY. Participants lost at 1 month follow-up were 27 for control and 28 for intervention - this is less than 20% of the allocated 240 and 239 families - 44 participants were lost at 6 months follow-up for the intervention but data for this time-point is not reported</p><p>3.2: NA.</p><p>3.3: NA.</p><p>3.4: NA. </p>,Some concerns,"<p>4.1: N. Note: The outcome measure is widely established and validated for use across different contexts</p><p>4.2: PN. Note: <br/>No evidence to suggest differences in measurement between intervention and control.</p><p>4.3a: NI; 4.3b: PY.  Note: No information provided on whether participants knew that they were in a trial, participants (outcome assessors) were most likely aware of the group allocation due to the nature of the intervention.</p><p>4.4: PY. Note: Knowledge of the assigned intervention could influence participant-reported outcomes, but there is no reason to believe that it did</p><p>4.5: PN.</p>",Low risk,"<p>5.1: PY.  Note: No evidence to suggest otherwise, methods and results do not show discrepancies</p><p>5.2:  PN. Note: No evidence to suggest outcomes selection. All outcomes mentioned in the methods and results were reported. </p><p>5.3: PN. No evidence to suggest analyses selection. All outcomes mentioned in the methods and results were reported. </p>",Some concerns,"<p>The study is judged to raise some concerns in one domain (4), but not to be at high risk of bias for any domain.</p>"
5,10,Social outcomes at 0-1 months,,SUBGROUP_AND_OVERALL,O’Callaghan 2014,2014,0.0,0.0,-14.01,2.43,0,79,-14.66,2.22,0,80,0.0,0.0,46.036229,0.278029,-0.034384,0.590442,Prosocial Behavior Subscale of the African Youth Psychosocial Assessment Instrument (AYPA) ,Low risk,"<p>1.1: Y; 1.2: PY. Quote: &quot;each member (...) was randomly assigned to either<br/>the treatment or the control group using a computer generated random<br/>sequence (www.random.org). This sequence was supplied by one of the authors off site. The lead author then allocated participants using the randomized<br/>sequence&quot;; Quote: &quot;Selection bias was reduced by ensuring treatment<br/>allocation was concealed from those responsible for participant enrolment<br/>and by ensuring the person responsible for assigning participants met<br/>none of the participants prior to the group allocation&quot;.</p><p>1.3:  N.  Quote: &quot;There were no important differences found between groups on the outcome measures at pre-intervention&quot;; &quot;A total of 159 children participated in the study: 79 in the intervention group and 80 in the control group. The mean age of the children in each group was similar, as was the ratio of males: females, the ratio of children recruited from each village(see Table 1), and the proportion of children that had been abducted or experienced other events at the hands of the LRA&quot;</p>",Low risk,"<p>2.1: PY; 2.2: PY.  Note: Due to the nature of the intervention, caregivers and people who delivering the intervention were most likely aware of the assignment. May be different for patients given the nature of their disorder. </p><p>2.3: PN.  Note: No evidence of deviations from protocol</p><p>2.4: NA.</p><p>2.5: NA.</p><p>2.6: PY.  Note: Limited missing (N=6); all randomized participants were included in the primary analysis according to the CONSORT chart. </p><p>2.7: NA.</p>",Low risk,"<p>3.1: PY.  Quote: &quot;There were six participants who failed to provide data at the post-test stage (3 participants from each group).&quot;; &quot;Except in the case of participants who could not be found for post or follow-up assessment, there were no other missing values for any question in this study.&quot;. A total of 159 participants were randomized in thi trial (missings: 3.77%)</p><p>3.2: NA. </p><p>3.3: NA.</p><p>3.4: NA.</p>",Some concerns,"<p>4.1: N. Quote: &quot;The AYPA was chosen because it is the only African developed, validated questionnaire available, had been used in separate studies with war-affected children in the DR Congo&quot;; Good psychometric properties within the sample &quot;Test-retest reliability (carried out with a subset of 30 participants) for the AYPA was 0.91, inter-rater reliability was 0.58 (n = 26) and internal consistency ranged from 0.637 (conduct) to 0.787 (internalising symptoms).&quot;</p><p>4.2: PN. Note: No evidence to suggest differences in measurement between intervention groups.</p><p>4.3: PY. Note: Outcome assessors (children) were probably aware of intervention allocation; those responsible for data collection were blind to the group allocation</p><p>4.4:  PY.  Note: Knowledge of the assigned intervention could influence participant-reported outcomes, but there is no reason to believe that it did</p><p>4.5: PN.</p>",Low risk,"<p>5.1: PY. Note: No evidence to suggest otherwise, the protocol and manuscript do not show discrepancies</p><p>5.2: N. Note: All pre-determined outcomes found in protocol were reported. In accordance to protocol, data at 3 months follow-up was not collected for controls given the wait list nature of the group and ethical concerns.</p><p>5.3: N. Note: No evidence to suggest selection of analyses.</p>",Some concerns,"<p>The study is judged to raise some concerns in one domain (4), but not to be at high risk of bias for any domain.</p>"
6,1,Diagnosis of mental disorders at 0-1 months,,SUBGROUP_AND_OVERALL,Yu 2002,2002,0.0,0.0,0.0,0.0,27,104,0.0,0.0,39,116,0.0,0.0,100.0,0.772189,0.510834,1.167261,Children’s Depression Inventory (CDI) as proxy,Some concerns,<p>1.1: PY; 1.2: NI.  Quote: &quot;All children who agreed to participate (with parental consent) were randomly assigned to<br/>either the POP group (treatment) or the non-intervention control group (control)&quot;. No further information provided.</p><p>1.3: PN.  Quote: &quot;there were no significant differences between the treatment group and the control group on any of the demographic variables&quot;</p><p> </p>,Low risk,"<p>2.1: PY; 2.2: PY.  Note: Due to the nature of the intervention participants and personnel were most likely aware of allocation</p><p>2.3: PN.  Note: No evidence to suggest issues to implement intervention</p><p>2.4: NA.</p><p>2.5: NA.</p><p>2.6: PY.  No explicit mention of the analysis used to estimate the effect of assignment to intervention. Data was missing for 2.3% of children at post-test, 1.85 at the 3 months follow-up and 1.85 at 6 months follow-up.</p><p>2.7: NA.</p>",Low risk,"<p>3.1: PY.  Quote: &quot;There was little attrition over the course of the study: five children (three in the treatment<br/>group, two in the control group), or 2.3% at the post-test; four children (two in the treatment<br/>group, two in the control group), or 1.8% at the 3-month follow-up; and four children (two<br/>in the treatment group, two in the control group), or 1.8% at the 6-month follow-up.<br/>Analyses of the data revealed no differences between treated and control children who<br/>missed the post-test and/or the follow-ups in terms of the pre-test dependent measures&quot;</p><p>3.2: NA.</p><p>3.3: NA.</p>",Some concerns,"<p>4.1: PN.  Note:The selected outcome method is widely validated and established, as well as adapted for the local context.</p><p>4.2: PN.  Note: No evidence to suggest differences in measurement between intervention and control. </p><p>4.3: PY.  Note: Outcome assessors (participants) were most likely aware of intervention allocation.</p><p>4.4: PY. Note: Knowledge of the assigned intervention could influence participant-reported outcomes, but there is no reason to believe that it did</p><p>4.5: PN.</p>",Low risk,"<p>5.1: PY. Note: No evidence to suggest otherwise, methods and results do not show discrepancies.</p><p>5.2: PN. Note: No evidence to suggest outcome selection. All outcomes mentioned in the methods are reported.</p><p>5.3: PN. Note: No evidence to suggest analyses selection. All analyses mentioned in the methods were reported.</p>",Some concerns,"<p>The study is judged to raise some concerns in two domains (1 and 4), but not to be at high risk of bias for any domain.</p>"
6,2,Diagnosis of mental disorders at 1 to 6 months ,,SUBGROUP_AND_OVERALL,Yu 2002,2002,0.0,0.0,0.0,0.0,29,104,0.0,0.0,42,116,0.0,0.0,100.0,0.770147,0.520252,1.140075,Children’s Depression Inventory (CDI) as proxy,Some concerns,<p>1.1: PY; 1.2: NI.  Quote: &quot;All children who agreed to participate (with parental consent) were randomly assigned to<br/>either the POP group (treatment) or the non-intervention control group (control)&quot;. No further information provided.</p><p>1.3: PN.  Quote: &quot;there were no significant differences between the treatment group and the control group on any of the demographic variables&quot;</p><p> </p>,Low risk,"<p>2.1: PY; 2.2: PY.  Note: Due to the nature of the intervention participants and personnel were most likely aware of allocation</p><p>2.3: PN.  Note: No evidence to suggest issues to implement intervention</p><p>2.4: NA.</p><p>2.5: NA.</p><p>2.6: PY.  No explicit mention of the analysis used to estimate the effect of assignment to intervention. Data was missing for 2.3% of children at post-test, 1.85 at the 3 months follow-up and 1.85 at 6 months follow-up.</p><p>2.7: NA.</p>",Low risk,"<p>3.1: PY.  Quote: &quot;There was little attrition over the course of the study: five children (three in the treatment<br/>group, two in the control group), or 2.3% at the post-test; four children (two in the treatment<br/>group, two in the control group), or 1.8% at the 3-month follow-up; and four children (two<br/>in the treatment group, two in the control group), or 1.8% at the 6-month follow-up.<br/>Analyses of the data revealed no differences between treated and control children who<br/>missed the post-test and/or the follow-ups in terms of the pre-test dependent measures&quot;</p><p>3.2: NA.</p><p>3.3: NA.</p>",Some concerns,"<p>4.1: PN.  Note:The selected outcome method is widely validated and established, as well as adapted for the local context.</p><p>4.2: PN.  Note: No evidence to suggest differences in measurement between intervention and control. </p><p>4.3: PY.  Note: Outcome assessors (participants) were most likely aware of intervention allocation.</p><p>4.4: PY. Note: Knowledge of the assigned intervention could influence participant-reported outcomes, but there is no reason to believe that it did</p><p>4.5: PN.</p>",Low risk,"<p>5.1: PY. Note: No evidence to suggest otherwise, methods and results do not show discrepancies.</p><p>5.2: PN. Note: No evidence to suggest outcome selection. All outcomes mentioned in the methods are reported.</p><p>5.3: PN. Note: No evidence to suggest analyses selection. All analyses mentioned in the methods were reported.</p>",Some concerns,"<p>The study is judged to raise some concerns in two domains (1 and 4), but not to be at high risk of bias for any domain.</p>"
6,3,Quality of life at 0-1 months,,SUBGROUP_AND_OVERALL,Fine 2021,2021,0.0,0.0,-16.03,5.33,0,23,-15.88,5.11,0,26,0.0,0.0,24.264902,-0.15,-3.083066,2.783066,Short Warwick-Edinburgh Mental Wellbeing Scale (SWEMWBS),Low risk,"<p>1a.1: Y; 1a.2: Y. Quote: &quot;an independent epidemiologist at Johns Hopkins University randomly selected six villages from the complete list of nine villages in Zone A, with four villages randomly allocated to EASE and two to ETAU. This randomization sequence was hidden from the implementation team throughout the screening process, with results only shared directly prior to intervention delivery”.</p><p>1a.3: NI. No useful information is reported to evaluate this element. </p><p>1b.1: PY. Villages were randomized first, but this was hidden from the implementation team who recruited participants and that was informed about allocation only before intervention delivery.</p><p>1b.2: NA. </p><p>1b.3: NA </p>",Low risk,"<p>2.1 a: NI; 2.1b: PY; 2.2: PY. No information provided on whether participants knew that they were in a trial, due to the nature of the intervention they (as those delivering the intervention) were most likely aware of intervention allocation.</p><p>2.3: PN. No evidence to indicate deviations from protocol.</p><p>2.4: NA.</p><p>2.5: NA.</p><p>2.6: PY. Data were analysed for most randomized participants. </p><p>2.7: NA.</p>",Low risk,<p>3.1a: PY. No evidence to suggest cluster loss.</p><p>3.1b: PY. 4 out of 86 participants were loss at follow-up (4.65%).</p><p>3.2: NA. 3.3: NA. 3.4: NA.</p>,Some concerns,"<p>4.1: N. The outcome measure (SWEMWBS) has been validated in a range of cross-cultural settings and reported good psychometric properties in this study.</p><p>4.2: PN. No evidence to suggest that measurement or ascertainment of the outcome differed between intervention groups.</p><p>4.3a: NI; 4.3b: PY. No information provided on whether participants knew that they were in a trial, participants (outcome assessors) were most likely aware of the group allocation due to the nature of the intervention.</p><p>4.4: PY; 4.5: PN. Knowledge of the assigned intervention could influence participant-reported outcomes, but there is no reason to believe that it did.</p>",Low risk,"<p>5.1: PY. No evidence to suggest otherwise, methods and results do not show discrepancies.</p><p>5.2: PN. No evidence to suggest outcomes selection. All outcomes mentioned in the methods and results were reported.</p><p>5.3: PN. No evidence to suggest analyses selection. All outcomes mentioned in the methods and results were reported<b>.</b></p>",Some concerns,"<p>The study is judged to raise some concerns in one domain (4), but not to be at high risk of bias for any domain.</p>"
6,3,Quality of life at 0-1 months,,SUBGROUP_AND_OVERALL,Osborn 2020,2020,0.0,0.0,-25.58,4.0,0,50,-24.77,4.59,0,53,0.0,0.0,75.735098,-0.81,-2.470208,0.850208,Short Warwick-Edinburgh Mental Wellbeing Scale (SWEMWBS),Low risk,"<p>1.1: Y; 1.2: PY. Quote: &quot;At the start of each session, participants were randomly assigned to the intervention condition or study-skills condition using a random-number generator embedded in the study website. The study team was thus blind to this allocation&quot;</p><p>1.3: PN. Note: Data between cases and controls is comparable but no formal statistical testing in reported.</p>",Low risk,"<p>2.1: PY; 2.2: N. Note: Given the self-help internet-based nature of the intervention, participants were most likely aware of allocation. Carers were not involved in the intervention. The study team was blind to allocation. The delivery was done digitally. </p><p>2.3: PN. Note: No evidence of deviations from protocol</p><p>2.4: NA.</p><p>2.5: NA.</p><p>2.6: PY. note: No loss to follow-up were reported, all randomized participants were analyzed.</p><p>2.7: NA.</p>",Low risk,<p>3.1: Y. Note: All randomized participants took part to the intervention and were assessed at baseline and follow-up..</p><p>3.2: NA.</p><p>3.3: NA.</p><p>3.4: NA.</p>,Some concerns,"<p>4.1: N. Note:The APAI assesses local expressions of depressive and anxiety-like symptoms, and has been validated in the Gulu area. Within the sample, the depression component  was reported to good internal consistency  (α = 0.949)</p><p>4.2: PN. Note: No evidence to suggest differences in measurement between intervention and control. </p><p>4.3: PN. Note: Outcome assessors (that given the RoB guidelines are the adolescents) were most likely aware of intervention allocation, research team members were blind at baseline, no information for follow-up blinding.</p><p>4.4: PN; 4.5: PN. Note: Knowledge of the assigned intervention could influence participant-reported outcomes, but there is no reason to believe that it did.</p>",High risk,<p>5.1: PY. Note: The protocol reports analyses that are in line with those found in the methods and results sections of the journal article</p><p>5.2: PY. Note: One of the secondary outcomes found in the protocol (changes in perceived academic control; the Perceived Control Scale for Children - Academic sub scale) was not mentioned in any section of the article </p><p>5.3: PN. Note: No evidence to suggest analyses selection. All analyses mentioned in the methods were reported. </p>,High risk,<p>The study is judged to be at high risk of bias<b> </b>in one domain (5).</p>
6,4,Psychological functioning and impairment at 0-1 months,,SUBGROUP_AND_OVERALL,Fine 2021,2021,0.0,0.0,2.47,3.4,0,23,3.11,3.92,0,26,0.0,0.0,10.973189,-0.170856,-0.733007,0.391294,Functional impairment,Low risk,"<p>1a.1: Y; 1a.2: Y. Quote: &quot;an independent epidemiologist at Johns Hopkins University randomly selected six villages from the complete list of nine villages in Zone A, with four villages randomly allocated to EASE and two to ETAU. This randomization sequence was hidden from the implementation team throughout the screening process, with results only shared directly prior to intervention delivery”.</p><p>1a.3: NI. No useful information is reported to evaluate this element. </p><p>1b.1: PY. Villages were randomized first, but this was hidden from the implementation team who recruited participants and that was informed about allocation only before intervention delivery.</p><p>1b.2: NA. </p><p>1b.3: NA </p>",Low risk,"<p>2.1 a: NI; 2.1b: PY; 2.2: PY. No information provided on whether participants knew that they were in a trial, due to the nature of the intervention they (as those delivering the intervention) were most likely aware of intervention allocation.</p><p>2.3: PN. No evidence to indicate deviations from protocol.</p><p>2.4: NA.</p><p>2.5: NA. </p><p>2.6: PY. Data were analysed for most randomized participants. </p><p>2.7: NA.</p>",Low risk,<p>3.1a: PY. No evidence to suggest cluster loss.</p><p>3.1b: PY. 4 out of 86 participants were loss at follow-up (4.65%).</p><p>3.2: NA. 3.3: NA. 3.4: NA.</p>,Some concerns,"<p>4.1: N. The outcome measure has been validated in a range of cross-cultural settings, even tho it reported not optimal psychometric properties in the sample there is no evidence to indicate that it was inappropriate.</p><p>4.2: PN. No evidence to suggest that measurement or ascertainment of the outcome differed between intervention groups.</p><p>4.3a: NI; 4.3b: PY. No information provided on whether participants knew that they were in a trial, participants (outcome assessors) were most likely aware of the group allocation due to the nature of the intervention.</p><p>4.4: PY; 4.5: PN. Knowledge of the assigned intervention could influence participant-reported outcomes, but there is no reason to believe that it did.</p>",Low risk,"<p>5.1: PY. No evidence to suggest otherwise, methods and results do not show discrepancies.</p><p>5.2: PN. No evidence to suggest outcomes selection. All outcomes mentioned in the methods and results were reported.</p><p>5.3: PN. No evidence to suggest analyses selection. All outcomes mentioned in the methods and results were reported<b>.</b></p>",Some concerns,"<p>The study is judged to raise some concerns in one domain (4), but not to be at high risk of bias for any domain.</p>"
6,4,Psychological functioning and impairment at 0-1 months,,SUBGROUP_AND_OVERALL,Tol 2012,2012,0.0,0.0,1.96,3.2,0,199,3.05,3.99,0,200,0.0,0.0,89.026811,-0.300733,-0.498093,-0.103374,Functional impairment,Low risk,"<p>1a.1:Y; 1a.2: NI.  Quote: &quot;We used a two-step randomization procedure. First, within district divisions, we randomly allocated each division to either the intervention or waitlist control condition. Second, we randomly selected schools for inclusion in the study. All schools on the government-provided list were eligible&quot;.</p><p>1a.3: NI. Note:No useful information is reported to evaluate this element</p><p>1b.1: PY. Note: flow-chart indicatesi individual participants were identified before randomization of clusters.1b.3 Tests to compare study condi- tions at baseline on demographic characteristics and scores on the outcomes measures were conducted and no statistically significant differences between study conditions were found. </p>",Low risk,"<p>2.1 a: NI; 2.1b:PY; 2.2: PY. No information provided on whether participants knew that they were in a trial, due to the nature of the intervention they (as those delivering the intervention) were most likely aware of intervention allocation. </p><p>2.3: PN. No evidence to suggest deviations from the intended intervention that arose because of the trial context </p><p>2.4: NA.</p><p>2.5: NA.</p><p>2.6: PY. Most randomized participants were analyzed.</p><p>2.7: NA.</p>",Low risk,"<p>3.1a: PY. Note: no evidence to suggest cluster loss; </p><p>3.1b: PY. Note: it appears that data were avaiable for almost all randomized participants;</p><p>Quote: &quot;Because only two participants had missing data on out- come measures at the third assessment (lost to follow-up at 18 weeks), we conducted a complete case analysis, excluding the two participants with missing data.&quot;<br/>3.2:NA.</p><p>3.3:NA.</p><p>3.4:NA.</p>",Some concerns,"<p>4.1: PN. The outcome measure (DSRS) presented good psychometric properties in the study sample.</p><p>4.2: PN. No evidence to suggest that measurement or ascertainment of the outcome differed between intervention groups.</p><p>4.3a: NI; 4.3b: PY. No information provided on whether participants knew that they were in a trial, participants (outcome assessors) were most likely aware of the group allocation due to the nature of the intervention.</p><p>4.4: PY; 4.5: PN. Knowledge of the assigned intervention could influence participant-reported outcomes, but there is no reason to believe that it did.</p>",Low risk,"<p>5.1: PY. No evidence to suggest otherwise, methods and results do not show discrepancies. </p><p>5.2: PN. While some chages had been made to the protocol, these were explicitely reported and accounted for in the manuscript. Quote: &quot;Minor pragmatic changes to the trial protocol were made. We had originally intended to link data on educational outcomes for students from school records to our survey data, to explore the effects of the intervention on school achievement as a secondary outcome; however, it became clear that record linkage would be too time-consuming, and we instead analysed school attendance as a secondary outcome.&quot;</p><p>5.3: PN. No evidence to suggest analyses selection. All analyses mentioned in the methods and results were reported.</p>",Some concerns,"<p>The study is judged to raise some concerns in one domain (4), but not to be at high risk of bias for any domain.</p>"
6,5,Psychological functioning and impairment at 1-6 months ,,SUBGROUP_AND_OVERALL,Jordans 2010,2010,0.0,0.0,7.9,5.06,0,16,9.37,3.77,0,16,0.0,0.0,7.504535,-0.321153,-1.01918,0.376875,Children’s Function Impairment (CFI),Low risk,"<p>1a.1: Y; 1a.2: PY.  Note: Randomization was done using computer-generated random numbers by a researcher in a different location. </p><p>1a.3: PN. Quote: &quot;Chisquare<br/>tests showed significant group differences on<br/>gender, education, caste/ethnicity, religion and<br/>place of residence&quot;. These imbalances can be consisted with chances in a cluster RCT.</p><p>1b.1: PN - First districts were randomized to either intervention of control, second 2 schools per district were selected, third children were randomly selected and then assessed for eligibility; </p><p>1b.2:   PN - there is no evidence to suggest that selection was affected by knowledge of the intervention assigned to the cluster;</p><p>1b.3: PN - some baseline imbalances are present but compatible with chance. Overall comment: Low risk</p>",Low risk,"<p>2.1a: Y; 2.1b: PY. Quote: &quot;Informed written consent for participation was obtained from both parents and children. All participants were informed about the nature of the study, research objectives and confidentiality of data&quot;.</p><p>2.2: PY. Due to the nature of the intervention, people delivering the intervention were most likely aware of their assigned intervention.</p><p>2.3: PN.  Note: No evidence to suggest deviations from the intended intervention that arose because of the trial context </p><p>2.4: NA.</p><p>2.5: NA.</p><p>2.6: PY. Note:  Data was analysed on an intention-to-treat basis.</p><p>2.7: NA.</p>",Low risk,<p>3.1a PY; 3.1b: Y - N=2 losses at follow-up out of 325 participants allocated</p><p>3.2: NA.</p><p>3.3: NA.</p><p>3.4: NA.</p>,Some concerns,"<p>4.1: PN. Note: The outcome measure is widely established and adapted for use in Nepal.</p><p>4.2: PN. Note: No evidence to suggest that.</p><p>4.3a: NI; 4.3b: PY. Note: no information provided on whether participants knew that they were in a trial, participants were most likely aware of the group allocation due to the nature of the intervention </p><p>4.4: PY; 4.5: PN. Note: Knowledge of the assigned intervention could influence participant-reported outcomes, but there is no reason to believe that it did.</p>",Low risk,"<p>5.1: PY. Note: No evidence to suggest otherwise, methods and results do not show discrepancies. </p><p>5.2: PN. Note: No evidence to suggest outcome selection. All outcomes mentioned in the methods and results were reported.</p><p>5.3: PN. Note: No evidence to suggest analyses selection. All analyses mentioned in the methods and results were reported.</p>",Some concerns,"<p>The study is judged to raise some concerns in one domain (4), but not to be at high risk of bias for any domain.</p>"
6,5,Psychological functioning and impairment at 1-6 months ,,SUBGROUP_AND_OVERALL,Thurman 2017,2017,0.0,0.0,6.6,6.3,0,193,6.6,5.3,0,189,0.0,0.0,45.842891,0.0,-0.200572,0.200572,Brief Problem Monitor (BPM),Low risk,"<p>1.1: PY; 1.2: PY. Quote: &quot;The researchers first disaggregated the intake data into<br/>one dataset for orphans and one for non-orphans at each<br/>school with each assigned a random number using the<br/>RANUNI function in SAS. Within each list, records were<br/>sorted in ascending order by the random number and<br/>numbered sequentially. Those with odd and even<br/>sequential numbers were assigned to the intervention<br/>and waitlist groups, respectively&quot;; &quot;Survey<br/>interviewers were masked to participants’ treatment<br/>allocation.&quot;</p><p>1.3: PN. Quote: &quot;Baseline characteristics were well balanced between<br/>the treatment groups&quot;</p>",Low risk,<p>2.1: PY; 2.2: PY. Note: Due to the nature of the intervention participants and personnel were most likely aware of allocation</p><p>2.3: PN. Note: No evidence to suggest issues to implement intervention</p><p>2.4: NA.</p><p>2.5: NA.</p><p>2.6: Y. Note: The analysis was carried out on an intention to treat basis</p><p>2.7: NA.</p>,Low risk,"<p>3.1: PY. Quote: &quot;401 adolescents completed the baseline survey<br/>(200 assigned to Abangane and 201 assigned to waitlist),<br/>with 96·5% retention at follow-up (387; 196 assigned to<br/>Abangane and 191 assigned to waitlist).&quot;</p><p>3.2: NA.</p><p>3.3: NA.</p><p>3.4:NA.</p>",Some concerns,"<p>4.1: PN. Note:The selected outcome measure is a sub-set of the CBCL, an instrument that is widely validated and established, appropriate for the local context, and assessed in its psychometric properties for this sample.  </p><p>4.2: PN. No evidence to suggest differences in measurement between intervention and control. </p><p>4.3: PY. Outcome assessors (participants) were most likely aware of intervention allocation.</p><p>4.4: PY. Knowledge of the assigned intervention could influence participant-reported outcomes, but there is no reason to believe that it did</p><p>4.5: PN.</p>",Some concerns,"<p>5.1: PY.  Note: No evidence to suggest otherwise, methods and results do not show discrepancies. </p><p>5.2: PY. Note: Two secondary outcomes &quot;Change in Academic Competence&quot;<br/>and &quot;Change in Resilience&quot; mentioned in the protocol were not reported in the manuscript.</p><p>5.3: PN.  Note: No evidence to suggest analyses selection. All outcomes mentioned in the methods were reported in the results.</p>",Some concerns,"<p>The study is judged to raise some concerns in one domain (4), but not to be at high risk of bias for any domain.</p>"
6,5,Psychological functioning and impairment at 1-6 months ,,SUBGROUP_AND_OVERALL,Tol 2012,2012,0.0,0.0,2.08,4.21,0,198,1.2,4.5,0,201,0.0,0.0,46.652573,0.201522,0.004772,0.398272,Functional impairment scale designed for the study,Low risk,"<p>1a.1:Y; 1a.2: NI.  Quote: &quot;We used a two-step randomization procedure. First, within district divisions, we randomly allocated each division to either the intervention or waitlist control condition. Second, we randomly selected schools for inclusion in the study. All schools on the government-provided list were eligible&quot;.</p><p>1a.3: NI. Note:No useful information is reported to evaluate this element</p><p>1b.1: PY. Note: flow-chart indicatesi individual participants were identified before randomization of clusters.1b.3 Tests to compare study condi- tions at baseline on demographic characteristics and scores on the outcomes measures were conducted and no statistically significant differences between study conditions were found. </p>",Low risk,"<p>2.1 a: NI; 2.1b:PY; 2.2: PY. No information provided on whether participants knew that they were in a trial, due to the nature of the intervention they (as those delivering the intervention) were most likely aware of intervention allocation. </p><p>2.3: PN. No evidence to suggest deviations from the intended intervention that arose because of the trial context </p><p>2.4: NA.</p><p>2.5: NA.</p><p>2.6: PY. Most randomized participants were analyzed.</p><p>2.7: NA.</p>",Low risk,"<p>3.1a: PY. Note: no evidence to suggest cluster loss; </p><p>3.1b: PY. Note: it appears that data were avaiable for almost all randomized participants;</p><p>Quote: &quot;Because only two participants had missing data on out- come measures at the third assessment (lost to follow-up at 18 weeks), we conducted a complete case analysis, excluding the two participants with missing data.&quot;<br/>3.2:NA.</p><p>3.3:NA.</p><p>3.4:NA.</p>",Some concerns,"<p>4.1: PN. The outcome measure (DSRS) presented good psychometric properties in the study sample.</p><p>4.2: PN. No evidence to suggest that measurement or ascertainment of the outcome differed between intervention groups.</p><p>4.3a: NI; 4.3b: PY. No information provided on whether participants knew that they were in a trial, participants (outcome assessors) were most likely aware of the group allocation due to the nature of the intervention.</p><p>4.4: PY; 4.5: PN. Knowledge of the assigned intervention could influence participant-reported outcomes, but there is no reason to believe that it did.</p>",Low risk,"<p>5.1: PY. No evidence to suggest otherwise, methods and results do not show discrepancies. </p><p>5.2: PN. While some chages had been made to the protocol, these were explicitely reported and accounted for in the manuscript. Quote: &quot;Minor pragmatic changes to the trial protocol were made. We had originally intended to link data on educational outcomes for students from school records to our survey data, to explore the effects of the intervention on school achievement as a secondary outcome; however, it became clear that record linkage would be too time-consuming, and we instead analysed school attendance as a secondary outcome.&quot;</p><p>5.3: PN. No evidence to suggest analyses selection. All analyses mentioned in the methods and results were reported.</p>",Some concerns,"<p>The study is judged to raise some concerns in one domain (4), but not to be at high risk of bias for any domain.</p>"
6,6,Depressive symptoms at 0-1 months,,SUBGROUP_AND_OVERALL,Fine 2021,2021,0.0,0.0,5.6,6.27,0,23,7.05,8.09,0,26,0.0,0.0,6.339886,-0.195582,-0.758075,0.366912,Internalizing Subscale of the African Youth Psychosocial Assessment Instrument (AYPA) ,Low risk,"<p>1a.1: Y; 1a.2: Y. Quote: &quot;an independent epidemiologist at Johns Hopkins University randomly selected six villages from the complete list of nine villages in Zone A, with four villages randomly allocated to EASE and two to ETAU. This randomization sequence was hidden from the implementation team throughout the screening process, with results only shared directly prior to intervention delivery”.</p><p>1a.3: NI. No useful information is reported to evaluate this element. </p><p>1b.1: PY. Villages were randomized first, but this was hidden from the implementation team who recruited participants and that was informed about allocation only before intervention delivery.</p><p>1b.2: NA. </p><p>1b.3: NA </p>",Low risk,"<p>2.1 a: NI; 2.1b: PY; 2.2: PY. No information provided on whether participants knew that they were in a trial, due to the nature of the intervention they (as those delivering the intervention) were most likely aware of intervention allocation.</p><p>2.3: PN. No evidence to indicate deviations from protocol.</p><p>2.4: NA.</p><p>2.5: NA. </p><p>2.6: PY. Data were analysed for most randomized participants. </p><p>2.7: NA</p>",Low risk,<p>3.1a: PY. No evidence to suggest cluster loss.</p><p>3.1b: PY. 4 out of 86 participants were loss at follow-up (4.65%).</p><p>3.2: NA. 3.3: NA. 3.4: NA</p>,Some concerns,"<p>4.1: N. The outcome measurs (AYPA) has been developed in the African context and reported good psychometric properties in this study</p><p>4.2: PN. No evidence to suggest that measurement or ascertainment of the outcome differed between intervention groups.</p><p>4.3a: NI; 4.3b: PY. No information provided on whether participants knew that they were in a trial, participants (outcome assessors) were most likely aware of the group allocation due to the nature of the intervention.</p><p>4.4: PY; 4.5: PN. Knowledge of the assigned intervention could influence participant-reported outcomes, but there is no reason to believe that it did.</p>",Low risk,"<p>5.1: PY. No evidence to suggest otherwise, methods and results do not show discrepancies.</p><p>5.2: PN. No evidence to suggest outcomes selection. All outcomes mentioned in the methods and results were reported.</p><p>5.3: PN. No evidence to suggest analyses selection. All outcomes mentioned in the methods and results were reported</p>",Some concerns,"<p>The study is judged to raise some concerns in one domain (4), but not to be at high risk of bias for any domain.</p>"
6,6,Depressive symptoms at 0-1 months,,SUBGROUP_AND_OVERALL,Osborn 2020,2020,0.0,0.0,8.35,4.69,0,50,10.0,4.65,0,53,0.0,0.0,13.223489,-0.35073,-0.74021,0.03875,Patient Health Questionnaire 8 (PHQ-8),Low risk,"<p>1.1: Y; 1.2: PY. Quote: &quot;At the start of each session, participants were randomly assigned to the intervention condition or study-skills condition using a random-number generator embedded in the study website. The study team was thus blind to this allocation&quot;</p><p>1.3: PN. Note: Data between cases and controls is comparable but no formal statistical testing in reported.</p>",Low risk,"<p>2.1: PY; 2.2: N. Note: Given the self-help internet-based nature of the intervention, participants were most likely aware of allocation. Carers were not involved in the intervention. The study team was blind to allocation. The delivery was done digitally. </p><p>2.3: PN. Note: No evidence of deviations from protocol</p><p>2.4: NA.</p><p>2.5: NA.</p><p>2.6: PY. note: No loss to follow-up were reported, all randomized participants were analyzed.</p><p>2.7: NA.</p>",Low risk,<p>3.1: Y. Note: All randomized participants took part to the intervention and were assessed at baseline and follow-up..</p><p>3.2: NA.</p><p>3.3: NA.</p><p>3.4: NA.</p>,Some concerns,"<p>4.1: N. Note:The APAI assesses local expressions of depressive and anxiety-like symptoms, and has been validated in the Gulu area. Within the sample, the depression component  was reported to good internal consistency  (α = 0.949)</p><p>4.2: PN. Note: No evidence to suggest differences in measurement between intervention and control. </p><p>4.3: PN. Note: Outcome assessors (that given the RoB guidelines are the adolescents) were most likely aware of intervention allocation, research team members were blind at baseline, no information for follow-up blinding.</p><p>4.4: PN; 4.5: PN. Note: Knowledge of the assigned intervention could influence participant-reported outcomes, but there is no reason to believe that it did.</p>",High risk,<p>5.1: PY. Note: The protocol reports analyses that are in line with those found in the methods and results sections of the journal article</p><p>5.2: PY. Note: One of the secondary outcomes found in the protocol (changes in perceived academic control; the Perceived Control Scale for Children - Academic sub scale) was not mentioned in any section of the article </p><p>5.3: PN. Note: No evidence to suggest analyses selection. All analyses mentioned in the methods were reported. </p>,High risk,<p>The study is judged to be at high risk of bias<b> </b>in one domain (5).</p>
6,6,Depressive symptoms at 0-1 months,,SUBGROUP_AND_OVERALL,Tol 2012,2012,0.0,0.0,7.36,4.72,0,199,7.84,4.81,0,200,0.0,0.0,52.020744,-0.100537,-0.296905,0.09583,Depression Self-Rating Scale (DSRS),Low risk,"<p>1a.1:Y; 1a.2: NI.  Quote: &quot;We used a two-step randomization procedure. First, within district divisions, we randomly allocated each division to either the intervention or waitlist control condition. Second, we randomly selected schools for inclusion in the study. All schools on the government-provided list were eligible&quot;.</p><p>1a.3: NI. Note:No useful information is reported to evaluate this element</p><p>1b.1: PY. Note: flow-chart indicatesi individual participants were identified before randomization of clusters.1b.3 Tests to compare study condi- tions at baseline on demographic characteristics and scores on the outcomes measures were conducted and no statistically significant differences between study conditions were found. </p>",Low risk,"<p>2.1 a: NI; 2.1b:PY; 2.2: PY. No information provided on whether participants knew that they were in a trial, due to the nature of the intervention they (as those delivering the intervention) were most likely aware of intervention allocation. </p><p>2.3: PN. No evidence to suggest deviations from the intended intervention that arose because of the trial context </p><p>2.4: NA.</p><p>2.5: NA.</p><p>2.6: PY. Most randomized participants were analyzed.</p><p>2.7: NA.</p>",Low risk,"<p>3.1a: PY. Note: no evidence to suggest cluster loss; </p><p>3.1b: PY. Note: it appears that data were available for almost all randomized participants;</p><p>Quote: &quot;Because only two participants had missing data on out- come measures at the third assessment (lost to follow-up at 18 weeks), we conducted a complete case analysis, excluding the two participants with missing data.&quot;<br/>3.2:NA.</p><p>3.3:NA.</p><p>3.4:NA.</p>",Some concerns,"<p>4.1: PN. The outcome measure (DSRS) presented good psychometric properties in the study sample.</p><p>4.2: PN. No evidence to suggest that measurement or ascertainment of the outcome differed between intervention groups.</p><p>4.3a: NI; 4.3b: PY. No information provided on whether participants knew that they were in a trial, participants (outcome assessors) were most likely aware of the group allocation due to the nature of the intervention.</p><p>4.4: PY; 4.5: PN. Knowledge of the assigned intervention could influence participant-reported outcomes, but there is no reason to believe that it did.</p>",Low risk,"<p>5.1: PY. No evidence to suggest otherwise, methods and results do not show discrepancies. </p><p>5.2: PN. While some changes had been made to the protocol, these were explicitely reported and accounted for in the manuscript. Quote: &quot;Minor pragmatic changes to the trial protocol were made. We had originally intended to link data on educational outcomes for students from school records to our survey data, to explore the effects of the intervention on school achievement as a secondary outcome; however, it became clear that record linkage would be too time-consuming, and we instead analysed school attendance as a secondary outcome.&quot;</p><p>5.3: PN. No evidence to suggest analyses selection. All analyses mentioned in the methods and results were reported.</p>",Some concerns,"<p>The study is judged to raise some concerns in one domain (4), but not to be at high risk of bias for any domain.</p>"
6,6,Depressive symptoms at 0-1 months,,SUBGROUP_AND_OVERALL,Yu 2002,2002,0.0,0.0,13.64,9.01,0,104,16.02,10.16,0,116,0.0,0.0,28.415882,-0.246197,-0.511888,0.019495,Children’s Depression Inventory (CDI) ,Some concerns,<p>1.1: PY; 1.2: NI.  Quote: &quot;All children who agreed to participate (with parental consent) were randomly assigned to<br/>either the POP group (treatment) or the non-intervention control group (control)&quot;. No further information provided.</p><p>1.3: PN.  Quote: &quot;there were no significant differences between the treatment group and the control group on any of the demographic variables&quot;</p><p> </p>,Low risk,"<p>2.1: PY; 2.2: PY.  Note: Due to the nature of the intervention participants and personnel were most likely aware of allocation</p><p>2.3: PN.  Note: No evidence to suggest issues to implement intervention</p><p>2.4: NA.</p><p>2.5: NA.</p><p>2.6: PY.  No explicit mention of the analysis used to estimate the effect of assignment to intervention. Data was missing for 2.3% of children at post-test, 1.85 at the 3 months follow-up and 1.85 at 6 months follow-up.</p><p>2.7: NA.</p>",Low risk,"<p>3.1: PY.  Quote: &quot;There was little attrition over the course of the study: five children (three in the treatment<br/>group, two in the control group), or 2.3% at the post-test; four children (two in the treatment<br/>group, two in the control group), or 1.8% at the 3-month follow-up; and four children (two<br/>in the treatment group, two in the control group), or 1.8% at the 6-month follow-up.<br/>Analyses of the data revealed no differences between treated and control children who<br/>missed the post-test and/or the follow-ups in terms of the pre-test dependent measures&quot;</p><p>3.2: NA.</p><p>3.3: NA.</p>",Some concerns,"<p>4.1: PN.  Note:The selected outcome method is widely validated and established, as well as adapted for the local context.</p><p>4.2: PN.  Note: No evidence to suggest differences in measurement between intervention and control. </p><p>4.3: PY.  Note: Outcome assessors (participants) were most likely aware of intervention allocation.</p><p>4.4: PY. Note: Knowledge of the assigned intervention could influence participant-reported outcomes, but there is no reason to believe that it did</p><p>4.5: PN.</p>",Low risk,"<p>5.1: PY. Note: No evidence to suggest otherwise, methods and results do not show discrepancies.</p><p>5.2: PN. Note: No evidence to suggest outcome selection. All outcomes mentioned in the methods are reported.</p><p>5.3: PN. Note: No evidence to suggest analyses selection. All analyses mentioned in the methods were reported.</p>",Some concerns,"<p>The study is judged to raise some concerns in two domains (1 and 4), but not to be at high risk of bias for any domain.</p>"
6,7,Depressive symptoms at 1-6 months,,SUBGROUP_AND_OVERALL,Jordans 2010,2010,0.0,0.0,11.41,3.53,0,12,12.6,2.91,0,12,0.0,0.0,1.566525,-0.355179,-1.162844,0.452485,Depression Self-Rating Scale (DSRS),Low risk,"<p>1a.1: Y; 1a.2: PY.  Note: Randomization was done using computer-generated random numbers by a researcher in a different location. </p><p>1a.3: PN. Quote: &quot;Chisquare<br/>tests showed significant group differences on<br/>gender, education, caste/ethnicity, religion and<br/>place of residence&quot;. These imbalances can be consisted with chances in a cluster RCT.</p><p>1b.1: PN - First districts were randomized to either intervention of control, second 2 schools per district were selected, third children were randomly selected and then assessed for eligibility; </p><p>1b.2:   PN - there is no evidence to suggest that selection was affected by knowledge of the intervention assigned to the cluster;</p><p>1b.3: PN - some baseline imbalances are present but compatible with chance. Overall comment: Low risk</p>",Low risk,"<p>2.1a: Y; 2.1b: PY. Quote: &quot;Informed written consent for participation was obtained from both parents and children. All participants were informed about the nature of the study, research objectives and confidentiality of data&quot;.</p><p>2.2: PY. Due to the nature of the intervention, people delivering the intervention were most likely aware of their assigned intervention.</p><p>2.3: PN.  Note: No evidence to suggest deviations from the intended intervention that arose because of the trial context </p><p>2.4: NA.</p><p>2.5: NA.</p><p>2.6: PY. Note:  Data was analysed on an intention-to-treat basis.</p><p>2.7: NA.</p>",Low risk,<p>3.1a PY; 3.1b: Y - N=2 losses at follow-up out of 325 participants allocated</p><p>3.2: NA.</p><p>3.3: NA.</p><p>3.4: NA.</p>,Some concerns,"<p>4.1: PN. Note: The outcome measure is widely established and adapted for use in Nepal.</p><p>4.2: PN. Note: No evidence to suggest that.</p><p>4.3a: NI; 4.3b: PY. Note: no information provided on whether participants knew that they were in a trial, participants were most likely aware of the group allocation due to the nature of the intervention </p><p>4.4: PY; 4.5: PN. Note: Knowledge of the assigned intervention could influence participant-reported outcomes, but there is no reason to believe that it did.</p>",Low risk,"<p>5.1: PY. Note: No evidence to suggest otherwise, methods and results do not show discrepancies. </p><p>5.2: PN. Note: No evidence to suggest outcome selection. All outcomes mentioned in the methods and results were reported.</p><p>5.3: PN. Note: No evidence to suggest analyses selection. All analyses mentioned in the methods and results were reported.</p>",Some concerns,"<p>The study is judged to raise some concerns in one domain (4), but not to be at high risk of bias for any domain.</p>"
6,7,Depressive symptoms at 1-6 months,,SUBGROUP_AND_OVERALL,Leventhal 2015,2015,0.0,0.0,6.11,5.4,0,640,6.26,5.2,0,269,0.0,0.0,27.366622,-0.028058,-0.170481,0.114366,Patient Health Questionnaire 9 (PHQ-9),Low risk,"<p>1a.1: PY; 1a.2: PY. Quote: &quot;Stratified block randomizationwas conducted to distribute schools by location and girl enrollment across Girls First e Bihar<br/>conditions (19 schools/condition).&quot;</p><p>1a.3: PN.  Quote: &quot;After randomization, no significant differences were<br/>found among conditions on location or school size at the school<br/>level&quot;</p>",Low risk,"<p>2.1 a: NI; 2.1b: PY; 2.2: PY. Note: No information provided on whether participants knew that they were in a trial, due to the nature of the intervention they (as those delivering the intervention) were most likely aware of intervention allocation. </p><p>2.3: PN. Note: No evidence to suggest deviations from the intended intervention that arose because of the trial context </p><p>2.4: NA.</p><p>2.5: NA.</p><p>2.6: Y. Note: Data was analysed on an intention-to-treat basis.</p><p>2.7: NA.</p>",Low risk,"<p>3.1a: PY. Note: all 76 clusters (schools) that recruited participants were analyzed;</p><p>3.1b: PY. Quote: &quot;The assessment process also faced very low<br/>attrition levels: T1 included 3363 of the 3560 girls who consented<br/>to participate (95%), T2 included 3392 (95%), and T3 included 3300<br/>(93%).&quot;</p><p>3.2: NA.</p><p>3.3: NA; 3.4: NA.</p>",Some concerns,"<p>4.1: PN.  The outcome measure (PHQ-9) is widely established and used across contexts. </p><p>4.2: PN. Note: No evidence to suggest that measurement or ascertainment of the outcome differed between intervention groups.</p><p>4.3a: NI; 4.3b: PY. Note: No information provided on whether participants knew that they were in a trial, participants (outcome assessors) were most likely aware of the group allocation due to the nature of the intervention. Efforts were made to keep the data collection teams as masked to group status as possible. </p><p>4.4: PY; 4.5: PN. Note: Knowledge of the assigned interventio could influence participant-reported outcomes, but there is no reason to believe that it did.</p>",Low risk,"<p>5.1: PY. Note:No evidence to suggest otherwise, protocol and paper do not show discrepancies.</p><p>5.2: PN. Note:No evidence to suggest outcome selection. All outcomes mentioned in the protocol, methods and results were reported.</p><p>5.3: PN. Note: No evidence to suggest analyses selection. All analyses mentioned in the protocol, methods and results were reported.</p>",Some concerns,"<p>The study is judged to raise some concerns in one domain (4), but not to be at high risk of bias for any domain.</p>"
6,7,Depressive symptoms at 1-6 months,,SUBGROUP_AND_OVERALL,Shinde 2018,2018,0.0,0.0,6.51,5.4,0,261,6.49,5.2,0,288,0.0,0.0,22.757568,0.003771,-0.16373,0.171273,Patient Health Questionnaire 9 (PHQ-9),Low risk,"<p>1a.1: Y; 1.2: Y. Note: Randomization was conducted by an independent statistician, using minimisation in a 1:1: ratio</p><p>1.3: PY. Note: Stratificaton on school type was used, school baseline characteristics were comparable </p><p>1b.1: Y: individual participants were not recruited at all, all 9th grade students of the schools who gae their consent received  the intervention and were enrolled. Schools were first identified and then randomized. </p>",Low risk,"<p>2.1a: NI; 2.1b: PY; 2.2: PY. Note: No information provided on whether participants knew that they were in a trial, due to the nature of the intervention they (as those delivering the intervention) were aware of intervention allocation.</p><p>2.3: PN. Note: No evidence to suggest deviations from the intended intervention that arose because of the trial context </p><p>2.4: NA.</p><p>2.5: NA.</p><p>2.6: Y. Note: Data was analysed on an intention-to-treat basis.</p><p>2.7: NA. </p>",Some concerns,"<p>3.1a PY: 1 out of the 75 clusters dropped out after randomization and did not receive the intervention, </p><p>3.1b PN: 60.8-70.8% of elegible participants completed the endpoint assesment </p><p>3.2: PN. Note: No evidence that the result was not biased by missing data</p><p>3.3: PY; 3.4: PN. Note: Reasonons for missingness reported indicate that it could depend on its true value, but this is unlikely to influence the trial results given that absence rates from the study are comparable to those observed during the regular school year. </p>",Some concerns,"<p>4.1: Note: The outcome measure is widely established and validated for use across different contexts, included the one of the trial.</p><p>4.2: No evidence to suggest that.</p><p>4.3a: NI; 4.3b: PY. Note: No information provided on whether participants knew that they were in a trial, participants were most likely aware of the group allocation due to the nature of the intervention </p><p>4.4: PY, 4.5: PN. Note: Knowledge of the assigned intervention could influence participant-reported outcomes, but there is no reason to believe that it did.</p>",Low risk,"<p>5.1: PY. Note: No evidence to suggest otherwise, protocol and final article not show discrepancies. </p><p>5.2: PN. Note: No evidence to suggest outcome selection. Further outcomes than those mentioned in the protocol were reported.</p><p>5.3: PN. Note: No evidence to suggest analyses selection. All analyses mentioned in the methods and results were reported.</p>",Some concerns,"<p>The study is judged to raise some concerns in two domains (3 and 4), but not to be at high risk of bias for any domain.</p>"
6,7,Depressive symptoms at 1-6 months,,SUBGROUP_AND_OVERALL,Thurman 2017,2017,0.0,0.0,12.4,10.2,0,193,14.0,10.4,0,189,0.0,0.0,17.970073,-0.155042,-0.355918,0.045835,Center for Epidemiological Studies—Depression Scale for Children (CES–DC),Low risk,"<p>1.1: PY; 1.2: PY. Quote: &quot;The researchers first disaggregated the intake data into<br/>one dataset for orphans and one for non-orphans at each<br/>school with each assigned a random number using the<br/>RANUNI function in SAS. Within each list, records were<br/>sorted in ascending order by the random number and<br/>numbered sequentially. Those with odd and even<br/>sequential numbers were assigned to the intervention<br/>and waitlist groups, respectively&quot;; &quot;Survey<br/>interviewers were masked to participants’ treatment<br/>allocation.&quot;</p><p>1.3: PN. Quote: &quot;Baseline characteristics were well balanced between<br/>the treatment groups&quot;</p>",Low risk,<p>2.1: PY; 2.2: PY. Note: Due to the nature of the intervention participants and personnel were most likely aware of allocation</p><p>2.3: PN. Note: No evidence to suggest issues to implement intervention</p><p>2.4: NA.</p><p>2.5: NA.</p><p>2.6: Y. Note: The analysis was carried out on an intention to treat basis</p><p>2.7: NA.</p>,Low risk,"<p>3.1: PY. Quote: &quot;401 adolescents completed the baseline survey<br/>(200 assigned to Abangane and 201 assigned to waitlist),<br/>with 96·5% retention at follow-up (387; 196 assigned to<br/>Abangane and 191 assigned to waitlist).&quot;</p><p>3.2: NA.</p><p>3.3: NA.</p><p>3.4:NA.</p>",Some concerns,"<p>4.1: PN. Note:The selected outcome measure is a sub-set of the CBCL, an instrument that is widely validated and established, appropriate for the local context, and assessed in its psychometric properties for this sample.  </p><p>4.2: PN. No evidence to suggest differences in measurement between intervention and control. </p><p>4.3: PY. Outcome assessors (participants) were most likely aware of intervention allocation.</p><p>4.4: PY. Knowledge of the assigned intervention could influence participant-reported outcomes, but there is no reason to believe that it did</p><p>4.5: PN.</p>",Some concerns,"<p>5.1: PY.  Note: No evidence to suggest otherwise, methods and results do not show discrepancies. </p><p>5.2: PY. Note: Two secondary outcomes &quot;Change in Academic Competence&quot;<br/>and &quot;Change in Resilience&quot; mentioned in the protocol were not reported in the manuscript.</p><p>5.3: PN.  Note: No evidence to suggest analyses selection. All outcomes mentioned in the methods were reported in the results.</p>",Some concerns,"<p>The study is judged to raise some concerns in two domains (4 and 5), but not to be at high risk of bias for any domain.</p>"
6,7,Depressive symptoms at 1-6 months,,SUBGROUP_AND_OVERALL,Tol 2012,2012,0.0,0.0,-1.56,4.45,0,198,-1.78,4.3,0,201,0.0,0.0,18.549625,0.05019,-0.146089,0.246468,Depression Self-Rating Scale (DSRS),Low risk,"<p>1a.1:Y; 1a.2: NI.  Quote: &quot;We used a two-step randomization procedure. First, within district divisions, we randomly allocated each division to either the intervention or waitlist control condition. Second, we randomly selected schools for inclusion in the study. All schools on the government-provided list were eligible&quot;.</p><p>1a.3: NI. Note:No useful information is reported to evaluate this element</p><p>1b.1: PY. Note: flow-chart indicatesi individual participants were identified before randomization of clusters.1b.3 Tests to compare study condi- tions at baseline on demographic characteristics and scores on the outcomes measures were conducted and no statistically significant differences between study conditions were found. </p>",Low risk,"<p>2.1 a: NI; 2.1b:PY; 2.2: PY. No information provided on whether participants knew that they were in a trial, due to the nature of the intervention they (as those delivering the intervention) were most likely aware of intervention allocation. </p><p>2.3: PN. No evidence to suggest deviations from the intended intervention that arose because of the trial context </p><p>2.4: NA.</p><p>2.5: NA.</p><p>2.6: PY. Most randomized participants were analyzed.</p><p>2.7: NA.</p>",Low risk,"<p>3.1a: PY. Note: no evidence to suggest cluster loss; </p><p>3.1b: PY. Note: it appears that data were avaiable for almost all randomized participants;</p><p>Quote: &quot;Because only two participants had missing data on out- come measures at the third assessment (lost to follow-up at 18 weeks), we conducted a complete case analysis, excluding the two participants with missing data.&quot;<br/>3.2:NA.</p><p>3.3:NA.</p><p>3.4:NA.</p>",Some concerns,"<p>4.1: PN. The outcome measure (DSRS) presented good psychometric properties in the study sample.</p><p>4.2: PN. No evidence to suggest that measurement or ascertainment of the outcome differed between intervention groups.</p><p>4.3a: NI; 4.3b: PY. No information provided on whether participants knew that they were in a trial, participants (outcome assessors) were most likely aware of the group allocation due to the nature of the intervention.</p><p>4.4: PY; 4.5: PN. Knowledge of the assigned intervention could influence participant-reported outcomes, but there is no reason to believe that it did.</p>",Low risk,"<p>5.1: PY. No evidence to suggest otherwise, methods and results do not show discrepancies. </p><p>5.2: PN. While some chages had been made to the protocol, these were explicitely reported and accounted for in the manuscript. Quote: &quot;Minor pragmatic changes to the trial protocol were made. We had originally intended to link data on educational outcomes for students from school records to our survey data, to explore the effects of the intervention on school achievement as a secondary outcome; however, it became clear that record linkage would be too time-consuming, and we instead analysed school attendance as a secondary outcome.&quot;</p><p>5.3: PN. No evidence to suggest analyses selection. All analyses mentioned in the methods and results were reported.</p>",Some concerns,"<p>The study is judged to raise some concerns in one domain (4), but not to be at high risk of bias for any domain.</p>"
6,7,Depressive symptoms at 1-6 months,,SUBGROUP_AND_OVERALL,Yu 2002,2002,0.0,0.0,13.55,8.76,0,104,16.68,10.32,0,116,0.0,0.0,11.789587,-0.324428,-0.590865,-0.05799,Children’s Depression Inventory (CDI) ,Some concerns,<p>1.1: PY; 1.2: NI.  Quote: &quot;All children who agreed to participate (with parental consent) were randomly assigned to<br/>either the POP group (treatment) or the non-intervention control group (control)&quot;. No further information provided.</p><p>1.3: PN.  Quote: &quot;there were no significant differences between the treatment group and the control group on any of the demographic variables&quot;</p><p> </p>,Low risk,"<p>2.1: PY; 2.2: PY.  Note: Due to the nature of the intervention participants and personnel were most likely aware of allocation</p><p>2.3: PN.  Note: No evidence to suggest issues to implement intervention</p><p>2.4: NA.</p><p>2.5: NA.</p><p>2.6: PY.  No explicit mention of the analysis used to estimate the effect of assignment to intervention. Data was missing for 2.3% of children at post-test, 1.85 at the 3 months follow-up and 1.85 at 6 months follow-up.</p><p>2.7: NA.</p>",Low risk,"<p>3.1: PY.  Quote: &quot;There was little attrition over the course of the study: five children (three in the treatment<br/>group, two in the control group), or 2.3% at the post-test; four children (two in the treatment<br/>group, two in the control group), or 1.8% at the 3-month follow-up; and four children (two<br/>in the treatment group, two in the control group), or 1.8% at the 6-month follow-up.<br/>Analyses of the data revealed no differences between treated and control children who<br/>missed the post-test and/or the follow-ups in terms of the pre-test dependent measures&quot;</p><p>3.2: NA.</p><p>3.3: NA.</p>",Some concerns,"<p>4.1: PN.  Note:The selected outcome method is widely validated and established, as well as adapted for the local context.</p><p>4.2: PN.  Note: No evidence to suggest differences in measurement between intervention and control. </p><p>4.3: PY.  Note: Outcome assessors (participants) were most likely aware of intervention allocation.</p><p>4.4: PY. Note: Knowledge of the assigned intervention could influence participant-reported outcomes, but there is no reason to believe that it did</p><p>4.5: PN.</p>",Low risk,"<p>5.1: PY. Note: No evidence to suggest otherwise, methods and results do not show discrepancies.</p><p>5.2: PN. Note: No evidence to suggest outcome selection. All outcomes mentioned in the methods are reported.</p><p>5.3: PN. Note: No evidence to suggest analyses selection. All analyses mentioned in the methods were reported.</p>",Some concerns,"<p>The study is judged to raise some concerns in two domains (1 and 4), but not to be at high risk of bias for any domain.</p>"
6,8,Depressive symptoms at 7-24 months,,SUBGROUP_AND_OVERALL,Shinde 2018,2018,0.0,0.0,5.24,4.8,0,455,6.51,4.8,0,449,0.0,0.0,100.0,-1.27,-1.895813,-0.644187,Patient Health Questionnaire 9 (PHQ-9),Low risk,"<p>1a.1: Y; 1.2: Y. Note: Randomization was conducted by an independent statistician, using minimisation in a 1:1: ratio</p><p>1.3: PY. Note: Stratificaton on school type was used, school baseline characteristics were comparable </p><p>1b.1: Y: individual participants were not recruited at all, all 9th grade students of the schools who gae their consent received  the intervention and were enrolled. Schools were first identified and then randomized. </p>",Low risk,"<p>2.1a: NI; 2.1b: PY; 2.2: PY. Note: No information provided on whether participants knew that they were in a trial, due to the nature of the intervention they (as those delivering the intervention) were aware of intervention allocation.</p><p>2.3: PN. Note: No evidence to suggest deviations from the intended intervention that arose because of the trial context </p><p>2.4: NA.</p><p>2.5: NA.</p><p>2.6: Y. Note: Data was analysed on an intention-to-treat basis.</p><p>2.7: NA. </p>",Some concerns,"<p>3.1a PY: 1 out of the 75 clusters dropped out after randomization and did not receive the intervention, </p><p>3.1b PN: 60.8-70.8% of elegible participants completed the endpoint assesment </p><p>3.2: PN. Note: No evidence that the result was not biased by missing data</p><p>3.3: PY; 3.4: PN. Note: Reasonons for missingness reported indicate that it could depend on its true value, but this is unlikely to influence the trial results given that absence rates from the study are comparable to those observed during the regular school year. </p>",Some concerns,"<p>4.1: Note: The outcome measure is widely established and validated for use across different contexts, included the one of the trial.</p><p>4.2: No evidence to suggest that.</p><p>4.3a: NI; 4.3b: PY. Note: No information provided on whether participants knew that they were in a trial, participants were most likely aware of the group allocation due to the nature of the intervention </p><p>4.4: PY, 4.5: PN. Note: Knowledge of the assigned intervention could influence participant-reported outcomes, but there is no reason to believe that it did.</p>",Low risk,"<p>5.1: PY. Note: No evidence to suggest otherwise, protocol and final article not show discrepancies. </p><p>5.2: PN. Note: No evidence to suggest outcome selection. Further outcomes than those mentioned in the protocol were reported.</p><p>5.3: PN. Note: No evidence to suggest analyses selection. All analyses mentioned in the methods and results were reported.</p>",Some concerns,"<p>The study is judged to raise some concerns in two domains (3 and 4), but not to be at high risk of bias for any domain.</p>"
6,9,Anxiety symptoms at 0-1 months,,SUBGROUP_AND_OVERALL,Hull 2021,2021,0.0,0.0,12.56,2.65,0,198,12.54,2.7,0,188,0.0,0.0,43.542214,0.007464,-0.192123,0.20705,Behavior Assessment Systems for Children (BASC),Low risk,<p>1a.1: PY; 1a.2: PY. Schools were assigned to the intervention or control group through stratified randomization.</p><p>1a.3: NI.  No useful information is reported to evaluate this element.</p><p>1b.1: PY. It appears that students were identified before randomization.</p><p>1b.2: NA. </p><p>1b.3: NA </p>,High risk,"<p>2.1 a: NI; 2.1b: PY; 2.2: PY. No information provided on whether participants knew that they were in a trial, due to the nature of the intervention they (as those delivering the intervention) were most likely aware of intervention allocation.</p><p>2.3: PY. Quote: &quot;the integration of the lessons with the existing curriculum requires additional support beyond what was available to ensure consistent implementation across schools”.</p><p>2.4: NI.. Quote: &quot;Consequently, the extent to which the intervention would have altered outcomes in the presence of a more robust implementation is in question£.</p><p>2.5: PN. Deviations would have affected the intervention group only.</p><p>2.6: NI. Not enough information provided to give a judgment on this item. </p><p>2.7: NI. Not enough information provided to give a judgment on this item.</p>",High risk,<p>3.1a: NI. No information provided on the number of clusters analyzed at endline; </p><p>3.1b: NI. No information provided on the number of participants analyzed at endline</p><p>3.2: NI. Not enough information provided to give a judgment on this item.</p><p>3.3: NI. Not enough information provided to give a judgment on this item.</p><p>3.4: NI. Not enough information provided to give a judgment on this item.</p>,Some concerns,"<p>4.1: N. The outcome measurs were reported to have good reliability in this study.</p><p>4.2: PN. No evidence to suggest that measurement or ascertainment of the outcome differed between intervention groups.</p><p>4.3a: NI; 4.3b: PY. No information provided on whether participants knew that they were in a trial, participants (outcome assessors) were most likely aware of the group allocation due to the nature of the intervention.</p><p>4.4: PY; 4.5: PN. Knowledge of the assigned intervention could influence participant-reported outcomes, but there is no reason to believe that it did.</p>",Low risk,"<p>5.1: PY. No evidence to suggest otherwise, methods and results do not show discrepancies.</p><p>5.2: PN. No evidence to suggest outcomes selection. All outcomes mentioned in the methods and results were reported.</p><p>5.3: PN. No evidence to suggest analyses selection. All outcomes mentioned in the methods and results were reported.</p>",High risk,<p>The study is judged to be at high risk of bias<b> </b>in two domains (2 and 3).</p>
6,9,Anxiety symptoms at 0-1 months,,SUBGROUP_AND_OVERALL,Osborn 2020,2020,0.0,0.0,7.92,4.48,0,50,9.0,4.45,0,53,0.0,0.0,11.530476,-0.240103,-0.627953,0.147746,Generalized Anxiety Disorder 7 (GAD-7),Low risk,"<p>1.1: Y; 1.2: PY. Quote: &quot;At the start of each session, participants were randomly assigned to the intervention condition or study-skills condition using a random-number generator embedded in the study website. The study team was thus blind to this allocation&quot;</p><p>1.3: PN. Note: Data between cases and controls is comparable but no formal statistical testing in reported.</p>",Low risk,"<p>2.1: PY; 2.2: N. Note: Given the self-help internet-based nature of the intervention, participants were most likely aware of allocation. Carers were not involved in the intervention. The study team was blind to allocation. The delivery was done digitally. </p><p>2.3: PN. Note: No evidence of deviations from protocol</p><p>2.4: NA.</p><p>2.5: NA.</p><p>2.6: PY. note: No loss to follow-up were reported, all randomized participants were analyzed.</p><p>2.7: NA.</p>",Low risk,<p>3.1: Y. Note: All randomized participants took part to the intervention and were assessed at baseline and follow-up..</p><p>3.2: NA.</p><p>3.3: NA.</p><p>3.4: NA.</p>,Some concerns,"<p>4.1: N. Note:The APAI assesses local expressions of depressive and anxiety-like symptoms, and has been validated in the Gulu area. Within the sample, the depression component  was reported to good internal consistency  (α = 0.949)</p><p>4.2: PN. Note: No evidence to suggest differences in measurement between intervention and control. </p><p>4.3: PN. Note: Outcome assessors (that given the RoB guidelines are the adolescents) were most likely aware of intervention allocation, research team members were blind at baseline, no information for follow-up blinding.</p><p>4.4: PN; 4.5: PN. Note: Knowledge of the assigned intervention could influence participant-reported outcomes, but there is no reason to believe that it did.</p>",High risk,<p>5.1: PY. Note: The protocol reports analyses that are in line with those found in the methods and results sections of the journal article</p><p>5.2: PY. Note: One of the secondary outcomes found in the protocol (changes in perceived academic control; the Perceived Control Scale for Children - Academic sub scale) was not mentioned in any section of the article </p><p>5.3: PN. Note: No evidence to suggest analyses selection. All analyses mentioned in the methods were reported. </p>,High risk,<p>The study is judged to be at high risk of bias<b> </b>in one domain (5).</p>
6,9,Anxiety symptoms at 0-1 months,,SUBGROUP_AND_OVERALL,Tol 2012,2012,0.0,0.0,2.2,1.86,0,199,2.47,1.98,0,200,0.0,0.0,44.92731,-0.14028,-0.336766,0.056206,Screen for Anxiety Related Emotional Disorders (SCARED-5),Low risk,"<p>1a.1:Y; 1a.2: NI.  Quote: &quot;We used a two-step randomization procedure. First, within district divisions, we randomly allocated each division to either the intervention or waitlist control condition. Second, we randomly selected schools for inclusion in the study. All schools on the government-provided list were eligible&quot;.</p><p>1a.3: NI. Note:No useful information is reported to evaluate this element</p><p>1b.1: PY. Note: flow-chart indicatesi individual participants were identified before randomization of clusters.1b.3 Tests to compare study condi- tions at baseline on demographic characteristics and scores on the outcomes measures were conducted and no statistically significant differences between study conditions were found. </p>",Low risk,"<p>2.1 a: NI; 2.1b:PY; 2.2: PY. No information provided on whether participants knew that they were in a trial, due to the nature of the intervention they (as those delivering the intervention) were most likely aware of intervention allocation. </p><p>2.3: PN. No evidence to suggest deviations from the intended intervention that arose because of the trial context </p><p>2.4: NA.</p><p>2.5: NA.</p><p>2.6: PY. Most randomized participants were analyzed.</p><p>2.7: NA.</p>",Low risk,"<p>3.1a: PY. Note: no evidence to suggest cluster loss; </p><p>3.1b: PY. Note: it appears that data were avaiable for almost all randomized participants;</p><p>Quote: &quot;Because only two participants had missing data on out- come measures at the third assessment (lost to follow-up at 18 weeks), we conducted a complete case analysis, excluding the two participants with missing data.&quot;<br/>3.2:NA.</p><p>3.3:NA.</p><p>3.4:NA.</p>",Some concerns,"<p>4.1: PN. The outcome measure (DSRS) presented good psychometric properties in the study sample.</p><p>4.2: PN. No evidence to suggest that measurement or ascertainment of the outcome differed between intervention groups.</p><p>4.3a: NI; 4.3b: PY. No information provided on whether participants knew that they were in a trial, participants (outcome assessors) were most likely aware of the group allocation due to the nature of the intervention.</p><p>4.4: PY; 4.5: PN. Knowledge of the assigned intervention could influence participant-reported outcomes, but there is no reason to believe that it did.</p>",Low risk,"<p>5.1: PY. No evidence to suggest otherwise, methods and results do not show discrepancies. </p><p>5.2: PN. While some chages had been made to the protocol, these were explicitely reported and accounted for in the manuscript. Quote: &quot;Minor pragmatic changes to the trial protocol were made. We had originally intended to link data on educational outcomes for students from school records to our survey data, to explore the effects of the intervention on school achievement as a secondary outcome; however, it became clear that record linkage would be too time-consuming, and we instead analysed school attendance as a secondary outcome.&quot;</p><p>5.3: PN. No evidence to suggest analyses selection. All analyses mentioned in the methods and results were reported.</p>",Some concerns,"<p>The study is judged to raise some concerns in one domain (4), but not to be at high risk of bias for any domain.</p>"
6,10,Anxiety symptoms at 1-6 months ,,SUBGROUP_AND_OVERALL,Jordans 2010,2010,0.0,0.0,3.84,1.53,0,27,3.71,1.23,0,27,0.0,0.0,4.45843,0.092294,-0.441447,0.626035,Screen for Child Anxiety Related Emotional Disorders (SCARED),Low risk,"<p>1a.1: Y; 1a.2: PY.  Note: Randomization was done using computer-generated random numbers by a researcher in a different location. </p><p>1a.3: PN. Quote: &quot;Chisquare<br/>tests showed significant group differences on<br/>gender, education, caste/ethnicity, religion and<br/>place of residence&quot;. These imbalances can be consisted with chances in a cluster RCT.</p><p>1b.1: PN - First districts were randomized to either intervention of control, second 2 schools per district were selected, third children were randomly selected and then assessed for eligibility; </p><p>1b.2:   PN - there is no evidence to suggest that selection was affected by knowledge of the intervention assigned to the cluster;</p><p>1b.3: PN - some baseline imbalances are present but compatible with chance. Overall comment: Low risk</p>",Low risk,"<p>2.1a: Y; 2.1b: PY. Quote: &quot;Informed written consent for participation was obtained from both parents and children. All participants were informed about the nature of the study, research objectives and confidentiality of data&quot;.</p><p>2.2: PY. Due to the nature of the intervention, people delivering the intervention were most likely aware of their assigned intervention.</p><p>2.3: PN.  Note: No evidence to suggest deviations from the intended intervention that arose because of the trial context </p><p>2.4: NA.</p><p>2.5: NA.</p><p>2.6: PY. Note:  Data was analysed on an intention-to-treat basis.</p><p>2.7: NA.</p>",Low risk,<p>3.1a PY; 3.1b: Y - N=2 losses at follow-up out of 325 participants allocated</p><p>3.2: NA.</p><p>3.3: NA.</p><p>3.4: NA.</p>,Some concerns,"<p>4.1: PN. Note: The outcome measure is widely established and adapted for use in Nepal.</p><p>4.2: PN. Note: No evidence to suggest that.</p><p>4.3a: NI; 4.3b: PY. Note: no information provided on whether participants knew that they were in a trial, participants were most likely aware of the group allocation due to the nature of the intervention </p><p>4.4: PY; 4.5: PN. Note: Knowledge of the assigned intervention could influence participant-reported outcomes, but there is no reason to believe that it did.</p>",Low risk,"<p>5.1: PY. Note: No evidence to suggest otherwise, methods and results do not show discrepancies. </p><p>5.2: PN. Note: No evidence to suggest outcome selection. All outcomes mentioned in the methods and results were reported.</p><p>5.3: PN. Note: No evidence to suggest analyses selection. All analyses mentioned in the methods and results were reported.</p>",Some concerns,"<p>The study is judged to raise some concerns in one domain (4), but not to be at high risk of bias for any domain.</p>"
6,10,Anxiety symptoms at 1-6 months ,,SUBGROUP_AND_OVERALL,Leventhal 2015,2015,0.0,0.0,4.64,4.48,0,640,4.63,4.45,0,269,0.0,0.0,62.620266,0.002235,-0.140183,0.144652,Generalized Anxiety Disorder 7 (GAD-7),Low risk,"<p>1a.1: PY; 1a.2: PY. Quote: &quot;Stratified block randomizationwas conducted to distribute schools by location and girl enrollment across Girls First e Bihar<br/>conditions (19 schools/condition).&quot;</p><p>1a.3: PN.  Quote: &quot;After randomization, no significant differences were<br/>found among conditions on location or school size at the school<br/>level&quot;</p>",Low risk,"<p>2.1 a: NI; 2.1b: PY; 2.2: PY. Note: No information provided on whether participants knew that they were in a trial, due to the nature of the intervention they (as those delivering the intervention) were most likely aware of intervention allocation. </p><p>2.3: PN. Note: No evidence to suggest deviations from the intended intervention that arose because of the trial context </p><p>2.4: NA.</p><p>2.5: NA.</p><p>2.6: Y. Note: Data was analysed on an intention-to-treat basis.</p><p>2.7: NA.</p>",Low risk,"<p>3.1a: PY. Note: all 76 clusters (schools) that recruited participants were analyzed;</p><p>3.1b: PY. Quote: &quot;The assessment process also faced very low<br/>attrition levels: T1 included 3363 of the 3560 girls who consented<br/>to participate (95%), T2 included 3392 (95%), and T3 included 3300<br/>(93%).&quot;</p><p>3.2: NA.</p><p>3.3: NA; 3.4: NA.</p>",Some concerns,"<p>4.1: PN.  The outcome measure (PHQ-9) is widely established and used across contexts. </p><p>4.2: PN. Note: No evidence to suggest that measurement or ascertainment of the outcome differed between intervention groups.</p><p>4.3a: NI; 4.3b: PY. Note: No information provided on whether participants knew that they were in a trial, participants (outcome assessors) were most likely aware of the group allocation due to the nature of the intervention. Efforts were made to keep the data collection teams as masked to group status as possible. </p><p>4.4: PY; 4.5: PN. Note: Knowledge of the assigned interventio could influence participant-reported outcomes, but there is no reason to believe that it did.</p>",Low risk,"<p>5.1: PY. Note:No evidence to suggest otherwise, protocol and paper do not show discrepancies.</p><p>5.2: PN. Note:No evidence to suggest outcome selection. All outcomes mentioned in the protocol, methods and results were reported.</p><p>5.3: PN. Note: No evidence to suggest analyses selection. All analyses mentioned in the protocol, methods and results were reported.</p>",Some concerns,"<p>The study is judged to raise some concerns in one domain (4), but not to be at high risk of bias for any domain.</p>"
6,10,Anxiety symptoms at 1-6 months ,,SUBGROUP_AND_OVERALL,Tol 2012,2012,0.0,0.0,-1.54,2.45,0,198,-1.26,2.3,0,201,0.0,0.0,32.921304,-0.117641,-0.31406,0.078777,Screen for Child Anxiety Related Emotional Disorders (SCARED),Low risk,"<p>1a.1:Y; 1a.2: NI.  Quote: &quot;We used a two-step randomization procedure. First, within district divisions, we randomly allocated each division to either the intervention or waitlist control condition. Second, we randomly selected schools for inclusion in the study. All schools on the government-provided list were eligible&quot;.</p><p>1a.3: NI. Note:No useful information is reported to evaluate this element</p><p>1b.1: PY. Note: flow-chart indicatesi individual participants were identified before randomization of clusters.1b.3 Tests to compare study condi- tions at baseline on demographic characteristics and scores on the outcomes measures were conducted and no statistically significant differences between study conditions were found. </p>",Low risk,"<p>2.1 a: NI; 2.1b:PY; 2.2: PY. No information provided on whether participants knew that they were in a trial, due to the nature of the intervention they (as those delivering the intervention) were most likely aware of intervention allocation. </p><p>2.3: PN. No evidence to suggest deviations from the intended intervention that arose because of the trial context </p><p>2.4: NA.</p><p>2.5: NA.</p><p>2.6: PY. Most randomized participants were analyzed.</p><p>2.7: NA.</p>",Low risk,"<p>3.1a: PY. Note: no evidence to suggest cluster loss; </p><p>3.1b: PY. Note: it appears that data were avaiable for almost all randomized participants;</p><p>Quote: &quot;Because only two participants had missing data on out- come measures at the third assessment (lost to follow-up at 18 weeks), we conducted a complete case analysis, excluding the two participants with missing data.&quot;<br/>3.2:NA.</p><p>3.3:NA.</p><p>3.4:NA.</p>",Some concerns,"<p>4.1: PN. The outcome measure (DSRS) presented good psychometric properties in the study sample.</p><p>4.2: PN. No evidence to suggest that measurement or ascertainment of the outcome differed between intervention groups.</p><p>4.3a: NI; 4.3b: PY. No information provided on whether participants knew that they were in a trial, participants (outcome assessors) were most likely aware of the group allocation due to the nature of the intervention.</p><p>4.4: PY; 4.5: PN. Knowledge of the assigned intervention could influence participant-reported outcomes, but there is no reason to believe that it did.</p>",Low risk,"<p>5.1: PY. No evidence to suggest otherwise, methods and results do not show discrepancies. </p><p>5.2: PN. While some chages had been made to the protocol, these were explicitely reported and accounted for in the manuscript. Quote: &quot;Minor pragmatic changes to the trial protocol were made. We had originally intended to link data on educational outcomes for students from school records to our survey data, to explore the effects of the intervention on school achievement as a secondary outcome; however, it became clear that record linkage would be too time-consuming, and we instead analysed school attendance as a secondary outcome.&quot;</p><p>5.3: PN. No evidence to suggest analyses selection. All analyses mentioned in the methods and results were reported.</p>",Some concerns,"<p>The study is judged to raise some concerns in one domain (4), but not to be at high risk of bias for any domain.</p>"
6,11,Distress/PTSD symptoms at 0-1 months,,SUBGROUP_AND_OVERALL,Fine 2021,2021,0.0,0.0,6.12,5.91,0,23,6.7,8.25,0,26,0.0,0.0,14.530485,-0.58,-4.566203,3.406203,Child PTSD Symptom Scale (CPSS),Low risk,"<p>1a.1: Y; 1a.2: Y. Quote: &quot;an independent epidemiologist at Johns Hopkins University randomly selected six villages from the complete list of nine villages in Zone A, with four villages randomly allocated to EASE and two to ETAU. This randomization sequence was hidden from the implementation team throughout the screening process, with results only shared directly prior to intervention delivery”.</p><p>1a.3: NI. No useful information is reported to evaluate this element. </p><p>1b.1: PY. Villages were randomized first, but this was hidden from the implementation team who recruited participants and that was informed about allocation only before intervention delivery.</p><p>1b.2: NA. </p><p>1b.3: NA </p>",Low risk,"<p>2.1 a: NI; 2.1b: PY; 2.2: PY. No information provided on whether participants knew that they were in a trial, due to the nature of the intervention they (as those delivering the intervention) were most likely aware of intervention allocation.</p><p>2.3: PN. No evidence to indicate deviations from protocol.</p><p>2.4: NA.</p><p>2.5: NA. </p><p>2.6: PY. Data were analysed for most randomized participants. </p><p>2.7: NA.</p>",Low risk,<p>3.1a: PY. No evidence to suggest cluster loss.</p><p>3.1b: PY. 4 out of 86 participants were loss at follow-up (4.65%).</p><p>3.2: NA. 3.3: NA. 3.4: NA.</p>,Some concerns,"<p>4.1: N. The outcome measure (CPSS) has been validated in a range of cross-cultural settings and reported good psychometric properties in this study.</p><p>4.2: PN. No evidence to suggest that measurement or ascertainment of the outcome differed between intervention groups.</p><p>4.3a: NI; 4.3b: PY. No information provided on whether participants knew that they were in a trial, participants (outcome assessors) were most likely aware of the group allocation due to the nature of the intervention.</p><p>4.4: PY; 4.5: PN. Knowledge of the assigned intervention could influence participant-reported outcomes, but there is no reason to believe that it did.</p>",Low risk,"<p>5.1: PY. No evidence to suggest otherwise, methods and results do not show discrepancies.</p><p>5.2: PN. No evidence to suggest outcomes selection. All outcomes mentioned in the methods and results were reported.</p><p>5.3: PN. No evidence to suggest analyses selection. All outcomes mentioned in the methods and results were reported<b>.</b></p>",Some concerns,"<p>The study is judged to raise some concerns in one domain (4), but not to be at high risk of bias for any domain.</p>"
6,11,Distress/PTSD symptoms at 0-1 months,,SUBGROUP_AND_OVERALL,Tol 2012,2012,0.0,0.0,11.77,8.76,0,199,11.39,7.97,0,200,0.0,0.0,85.469515,0.38,-1.263591,2.023591,Child PTSD Symptom Scale (CPSS),Low risk,"<p>1a.1:Y; 1a.2: NI.  Quote: &quot;We used a two-step randomization procedure. First, within district divisions, we randomly allocated each division to either the intervention or waitlist control condition. Second, we randomly selected schools for inclusion in the study. All schools on the government-provided list were eligible&quot;.</p><p>1a.3: NI. Note:No useful information is reported to evaluate this element</p><p>1b.1: PY. Note: flow-chart indicatesi individual participants were identified before randomization of clusters.1b.3 Tests to compare study condi- tions at baseline on demographic characteristics and scores on the outcomes measures were conducted and no statistically significant differences between study conditions were found. </p>",Low risk,"<p>2.1 a: NI; 2.1b:PY; 2.2: PY. No information provided on whether participants knew that they were in a trial, due to the nature of the intervention they (as those delivering the intervention) were most likely aware of intervention allocation. </p><p>2.3: PN. No evidence to suggest deviations from the intended intervention that arose because of the trial context </p><p>2.4: NA.</p><p>2.5: NA.</p><p>2.6: PY. Most randomized participants were analyzed.</p><p>2.7: NA.</p>",Low risk,"<p>3.1a: PY. Note: no evidence to suggest cluster loss; </p><p>3.1b: PY. Note: it appears that data were avaiable for almost all randomized participants;</p><p>Quote: &quot;Because only two participants had missing data on out- come measures at the third assessment (lost to follow-up at 18 weeks), we conducted a complete case analysis, excluding the two participants with missing data.&quot;<br/>3.2:NA.</p><p>3.3:NA.</p><p>3.4:NA.</p>",Some concerns,"<p>4.1: PN. The outcome measure (DSRS) presented good psychometric properties in the study sample.</p><p>4.2: PN. No evidence to suggest that measurement or ascertainment of the outcome differed between intervention groups.</p><p>4.3a: NI; 4.3b: PY. No information provided on whether participants knew that they were in a trial, participants (outcome assessors) were most likely aware of the group allocation due to the nature of the intervention.</p><p>4.4: PY; 4.5: PN. Knowledge of the assigned intervention could influence participant-reported outcomes, but there is no reason to believe that it did.</p>",Low risk,"<p>5.1: PY. No evidence to suggest otherwise, methods and results do not show discrepancies. </p><p>5.2: PN. While some chages had been made to the protocol, these were explicitely reported and accounted for in the manuscript. Quote: &quot;Minor pragmatic changes to the trial protocol were made. We had originally intended to link data on educational outcomes for students from school records to our survey data, to explore the effects of the intervention on school achievement as a secondary outcome; however, it became clear that record linkage would be too time-consuming, and we instead analysed school attendance as a secondary outcome.&quot;</p><p>5.3: PN. No evidence to suggest analyses selection. All analyses mentioned in the methods and results were reported.</p>",Some concerns,"<p>The study is judged to raise some concerns in one domain (4), but not to be at high risk of bias for any domain.</p>"
6,12,Distress/PTSD symptoms at 1-6 months,,SUBGROUP_AND_OVERALL,Jordans 2010,2010,0.0,0.0,17.71,4.83,0,9,18.62,5.26,0,9,0.0,0.0,10.459126,-0.91,-5.575487,3.755487,Child PTSD Symptom Scale (CPSS),Low risk,"<p>1a.1: Y; 1a.2: PY.  Note: Randomization was done using computer-generated random numbers by a researcher in a different location. </p><p>1a.3: PN. Quote: &quot;Chisquare<br/>tests showed significant group differences on<br/>gender, education, caste/ethnicity, religion and<br/>place of residence&quot;. These imbalances can be consisted with chances in a cluster RCT.</p><p>1b.1: PN - First districts were randomized to either intervention of control, second 2 schools per district were selected, third children were randomly selected and then assessed for eligibility; </p><p>1b.2:   PN - there is no evidence to suggest that selection was affected by knowledge of the intervention assigned to the cluster;</p><p>1b.3: PN - some baseline imbalances are present but compatible with chance. Overall comment: Low risk</p>",Low risk,"<p>2.1a: Y; 2.1b: PY. Quote: &quot;Informed written consent for participation was obtained from both parents and children. All participants were informed about the nature of the study, research objectives and confidentiality of data&quot;.</p><p>2.2: PY. Due to the nature of the intervention, people delivering the intervention were most likely aware of their assigned intervention.</p><p>2.3: PN.  Note: No evidence to suggest deviations from the intended intervention that arose because of the trial context </p><p>2.4: NA.</p><p>2.5: NA.</p><p>2.6: PY. Note:  Data was analysed on an intention-to-treat basis.</p><p>2.7: NA.</p>",Low risk,<p>3.1a PY; 3.1b: Y - N=2 losses at follow-up out of 325 participants allocated</p><p>3.2: NA.</p><p>3.3: NA.</p><p>3.4: NA.</p>,Some concerns,"<p>4.1: PN. Note: The outcome measure is widely established and adapted for use in Nepal.</p><p>4.2: PN. Note: No evidence to suggest that.</p><p>4.3a: NI; 4.3b: PY. Note: no information provided on whether participants knew that they were in a trial, participants were most likely aware of the group allocation due to the nature of the intervention </p><p>4.4: PY; 4.5: PN. Note: Knowledge of the assigned intervention could influence participant-reported outcomes, but there is no reason to believe that it did.</p>",Low risk,"<p>5.1: PY. Note: No evidence to suggest otherwise, methods and results do not show discrepancies. </p><p>5.2: PN. Note: No evidence to suggest outcome selection. All outcomes mentioned in the methods and results were reported.</p><p>5.3: PN. Note: No evidence to suggest analyses selection. All analyses mentioned in the methods and results were reported.</p>",Some concerns,"<p>The study is judged to raise some concerns in one domain (4), but not to be at high risk of bias for any domain.</p>"
6,12,Distress/PTSD symptoms at 1-6 months,,SUBGROUP_AND_OVERALL,Tol 2012,2012,0.0,0.0,-5.24,8.14,0,198,-6.42,8.11,0,201,0.0,0.0,89.540874,1.18,-0.414535,2.774535,Child PTSD Symptom Scale (CPSS),Low risk,"<p>1a.1:Y; 1a.2: NI.  Quote: &quot;We used a two-step randomization procedure. First, within district divisions, we randomly allocated each division to either the intervention or waitlist control condition. Second, we randomly selected schools for inclusion in the study. All schools on the government-provided list were eligible&quot;.</p><p>1a.3: NI. Note:No useful information is reported to evaluate this element</p><p>1b.1: PY. Note: flow-chart indicatesi individual participants were identified before randomization of clusters.1b.3 Tests to compare study condi- tions at baseline on demographic characteristics and scores on the outcomes measures were conducted and no statistically significant differences between study conditions were found. </p>",Low risk,"<p>2.1 a: NI; 2.1b:PY; 2.2: PY. No information provided on whether participants knew that they were in a trial, due to the nature of the intervention they (as those delivering the intervention) were most likely aware of intervention allocation. </p><p>2.3: PN. No evidence to suggest deviations from the intended intervention that arose because of the trial context </p><p>2.4: NA.</p><p>2.5: NA.</p><p>2.6: PY. Most randomized participants were analyzed.</p><p>2.7: NA.</p>",Low risk,"<p>3.1a: PY. Note: no evidence to suggest cluster loss; </p><p>3.1b: PY. Note: it appears that data were avaiable for almost all randomized participants;</p><p>Quote: &quot;Because only two participants had missing data on out- come measures at the third assessment (lost to follow-up at 18 weeks), we conducted a complete case analysis, excluding the two participants with missing data.&quot;<br/>3.2:NA.</p><p>3.3:NA.</p><p>3.4:NA.</p>",Some concerns,"<p>4.1: PN. The outcome measure (DSRS) presented good psychometric properties in the study sample.</p><p>4.2: PN. No evidence to suggest that measurement or ascertainment of the outcome differed between intervention groups.</p><p>4.3a: NI; 4.3b: PY. No information provided on whether participants knew that they were in a trial, participants (outcome assessors) were most likely aware of the group allocation due to the nature of the intervention.</p><p>4.4: PY; 4.5: PN. Knowledge of the assigned intervention could influence participant-reported outcomes, but there is no reason to believe that it did.</p>",Low risk,"<p>5.1: PY. No evidence to suggest otherwise, methods and results do not show discrepancies. </p><p>5.2: PN. While some chages had been made to the protocol, these were explicitely reported and accounted for in the manuscript. Quote: &quot;Minor pragmatic changes to the trial protocol were made. We had originally intended to link data on educational outcomes for students from school records to our survey data, to explore the effects of the intervention on school achievement as a secondary outcome; however, it became clear that record linkage would be too time-consuming, and we instead analysed school attendance as a secondary outcome.&quot;</p><p>5.3: PN. No evidence to suggest analyses selection. All analyses mentioned in the methods and results were reported.</p>",Some concerns,"<p>The study is judged to raise some concerns in one domain (4), but not to be at high risk of bias for any domain.</p>"
6,13,Social outcomes at 0-1 months,,SUBGROUP_AND_OVERALL,Fine 2021,2021,0.0,0.0,-14.11,2.93,0,23,-13.71,3.27,0,26,0.0,0.0,23.296141,-0.126332,-0.68798,0.435317,Prosocial Behavior Subscale of the African Youth Psychosocial Assessment Instrument (AYPA) ,Low risk,"<p>1a.1: Y; 1a.2: Y. Quote: &quot;an independent epidemiologist at Johns Hopkins University randomly selected six villages from the complete list of nine villages in Zone A, with four villages randomly allocated to EASE and two to ETAU. This randomization sequence was hidden from the implementation team throughout the screening process, with results only shared directly prior to intervention delivery”.</p><p>1a.3: NI. No useful information is reported to evaluate this element. </p><p>1b.1: PY. Villages were randomized first, but this was hidden from the implementation team who recruited participants and that was informed about allocation only before intervention delivery.</p><p>1b.2: NA. </p><p>1b.3: NA </p>",Low risk,"<p>2.1 a: NI; 2.1b: PY; 2.2: PY. No information provided on whether participants knew that they were in a trial, due to the nature of the intervention they (as those delivering the intervention) were most likely aware of intervention allocation.</p><p>2.3: PN. No evidence to indicate deviations from protocol.</p><p>2.4: NA.</p><p>2.5: NA. </p><p>2.6: PY. Data were analysed for most randomized participants. </p><p>2.7: NA.</p>",Low risk,<p>3.1a: PY. No evidence to suggest cluster loss.</p><p>3.1b: PY. 4 out of 86 participants were loss at follow-up (4.65%).</p><p>3.2: NA. 3.3: NA. 3.4: NA.</p>,Some concerns,"<p>4.1: N. The outcome measure has been validated in a range of cross-cultural settings, even tho it reported not optimal psychometric properties in the sample there is no evidence to indicate that it was inappropriate.</p><p>4.2: PN. No evidence to suggest that measurement or ascertainment of the outcome differed between intervention groups.</p><p>4.3a: NI; 4.3b: PY. No information provided on whether participants knew that they were in a trial, participants (outcome assessors) were most likely aware of the group allocation due to the nature of the intervention.</p><p>4.4: PY; 4.5: PN. Knowledge of the assigned intervention could influence participant-reported outcomes, but there is no reason to believe that it did.</p>",Low risk,"<p>5.1: PY. No evidence to suggest otherwise, methods and results do not show discrepancies.</p><p>5.2: PN. No evidence to suggest outcomes selection. All outcomes mentioned in the methods and results were reported.</p><p>5.3: PN. No evidence to suggest analyses selection. All outcomes mentioned in the methods and results were reported<b>.</b></p>",Some concerns,"<p>The study is judged to raise some concerns in one domain (4), but not to be at high risk of bias for any domain.</p>"
6,13,Social outcomes at 0-1 months,,SUBGROUP_AND_OVERALL,Hull 2021,2021,0.0,0.0,-20.06,4.51,0,198,-21.11,4.21,0,188,0.0,0.0,76.703859,0.239998,0.039688,0.440308,Prosocial Behavior Subscale of the Behavior Assessment Systems for Children (BASC),Low risk,<p>1a.1: PY; 1a.2: PY. Schools were assigned to the intervention or control group through stratified randomization.</p><p>1a.3: NI.  No useful information is reported to evaluate this element.</p><p>1b.1: PY. It appears that students were identified before randomization.</p><p>1b.2: NA. </p><p>1b.3: NA </p>,High risk,"<p>2.1 a: NI; 2.1b: PY; 2.2: PY. No information provided on whether participants knew that they were in a trial, due to the nature of the intervention they (as those delivering the intervention) were most likely aware of intervention allocation.</p><p>2.3: PY. Quote: &quot;the integration of the lessons with the existing curriculum requires additional support beyond what was available to ensure consistent implementation across schools”.</p><p>2.4: NI.. Quote: &quot;Consequently, the extent to which the intervention would have altered outcomes in the presence of a more robust implementation is in question£.</p><p>2.5: PN. Deviations would have affected the intervention group only.</p><p>2.6: NI. Not enough information provided to give a judgment on this item. </p><p>2.7: NI. Not enough information provided to give a judgment on this item.</p>",High risk,<p>3.1a: NI. No information provided on the number of clusters analyzed at endline; 3.1b: Y </p><p>3.1b: NI. No information provided on the number of participants analyzed at endline</p><p>3.2: NI. Not enough information provided to give a judgment on this item.</p><p>3.3: NI. Not enough information provided to give a judgment on this item.</p><p>3.4: NI. Not enough information provided to give a judgment on this item.</p>,Some concerns,"<p>4.1: N. The outcome measurs were reported to have good reliability in this study.</p><p>4.2: PN. No evidence to suggest that measurement or ascertainment of the outcome differed between intervention groups.</p><p>4.3a: NI; 4.3b: PY. No information provided on whether participants knew that they were in a trial, participants (outcome assessors) were most likely aware of the group allocation due to the nature of the intervention.</p><p>4.4: PY; 4.5: PN. Knowledge of the assigned intervention could influence participant-reported outcomes, but there is no reason to believe that it did.</p>",Low risk,"<p>5.1: PY. No evidence to suggest otherwise, methods and results do not show discrepancies.</p><p>5.2: PN. No evidence to suggest outcomes selection. All outcomes mentioned in the methods and results were reported.</p><p>5.3: PN. No evidence to suggest analyses selection. All outcomes mentioned in the methods and results were reported.</p>",High risk,<p>The study is judged to be at high risk of bias<b> </b>in two domains (2 and 3).</p>
6,14,Social outcomes at 1-6 months,,SUBGROUP_AND_OVERALL,Jordans 2010,2010,0.0,0.0,-12.71,4.14,0,20,-11.12,4.08,0,19,0.0,0.0,9.13894,-0.378881,-1.01301,0.255247,Prosocial Behavior Subscale of the Concern for Others Scale ,Low risk,"<p>1a.1: Y; 1a.2: PY.  Note: Randomization was done using computer-generated random numbers by a researcher in a different location. </p><p>1a.3: PN. Quote: &quot;Chisquare<br/>tests showed significant group differences on<br/>gender, education, caste/ethnicity, religion and<br/>place of residence&quot;. These imbalances can be consisted with chances in a cluster RCT.</p><p>1b.1: PN - First districts were randomized to either intervention of control, second 2 schools per district were selected, third children were randomly selected and then assessed for eligibility; </p><p>1b.2:   PN - there is no evidence to suggest that selection was affected by knowledge of the intervention assigned to the cluster;</p><p>1b.3: PN - some baseline imbalances are present but compatible with chance. Overall comment: Low risk</p>",Low risk,"<p>2.1a: Y; 2.1b: PY. Quote: &quot;Informed written consent for participation was obtained from both parents and children. All participants were informed about the nature of the study, research objectives and confidentiality of data&quot;.</p><p>2.2: PY. Due to the nature of the intervention, people delivering the intervention were most likely aware of their assigned intervention.</p><p>2.3: PN.  Note: No evidence to suggest deviations from the intended intervention that arose because of the trial context </p><p>2.4: NA.</p><p>2.5: NA.</p><p>2.6: PY. Note:  Data was analysed on an intention-to-treat basis.</p><p>2.7: NA.</p>",Low risk,<p>3.1a PY; 3.1b: Y - N=2 losses at follow-up out of 325 participants allocated</p><p>3.2: NA.</p><p>3.3: NA.</p><p>3.4: NA.</p>,Some concerns,"<p>4.1: PN. Note: The outcome measure is widely established and adapted for use in Nepal.</p><p>4.2: PN. Note: No evidence to suggest that.</p><p>4.3a: NI; 4.3b: PY. Note: no information provided on whether participants knew that they were in a trial, participants were most likely aware of the group allocation due to the nature of the intervention </p><p>4.4: PY; 4.5: PN. Note: Knowledge of the assigned intervention could influence participant-reported outcomes, but there is no reason to believe that it did.</p>",Low risk,"<p>5.1: PY. Note: No evidence to suggest otherwise, methods and results do not show discrepancies. </p><p>5.2: PN. Note: No evidence to suggest outcome selection. All outcomes mentioned in the methods and results were reported.</p><p>5.3: PN. Note: No evidence to suggest analyses selection. All analyses mentioned in the methods and results were reported.</p>",Some concerns,"<p>The study is judged to raise some concerns in one domain (4), but not to be at high risk of bias for any domain.</p>"
6,14,Social outcomes at 1-6 months,,SUBGROUP_AND_OVERALL,Thurman 2017,2017,0.0,0.0,-15.5,4.3,0,193,-14.6,4.4,0,189,0.0,0.0,90.86106,-0.206499,-0.407611,-0.005388,2-Way Social Support Scale (SSS),Low risk,"<p>1.1: PY; 1.2: PY. Quote: &quot;The researchers first disaggregated the intake data into<br/>one dataset for orphans and one for non-orphans at each<br/>school with each assigned a random number using the<br/>RANUNI function in SAS. Within each list, records were<br/>sorted in ascending order by the random number and<br/>numbered sequentially. Those with odd and even<br/>sequential numbers were assigned to the intervention<br/>and waitlist groups, respectively&quot;; &quot;Survey<br/>interviewers were masked to participants’ treatment<br/>allocation.&quot;</p><p>1.3: PN. Quote: &quot;Baseline characteristics were well balanced between<br/>the treatment groups&quot;</p>",Low risk,<p>2.1: PY; 2.2: PY. Note: Due to the nature of the intervention participants and personnel were most likely aware of allocation</p><p>2.3: PN. Note: No evidence to suggest issues to implement intervention</p><p>2.4: NA.</p><p>2.5: NA.</p><p>2.6: Y. Note: The analysis was carried out on an intention to treat basis</p><p>2.7: NA.</p>,Low risk,"<p>3.1: PY. Quote: &quot;401 adolescents completed the baseline survey<br/>(200 assigned to Abangane and 201 assigned to waitlist),<br/>with 96·5% retention at follow-up (387; 196 assigned to<br/>Abangane and 191 assigned to waitlist).&quot;</p><p>3.2: NA.</p><p>3.3: NA.</p><p>3.4:NA.</p>",Some concerns,"<p>4.1: PN. Note:The selected outcome measure is a sub-set of the CBCL, an instrument that is widely validated and established, appropriate for the local context, and assessed in its psychometric properties for this sample.  </p><p>4.2: PN. No evidence to suggest differences in measurement between intervention and control. </p><p>4.3: PY. Outcome assessors (participants) were most likely aware of intervention allocation.</p><p>4.4: PY. Knowledge of the assigned intervention could influence participant-reported outcomes, but there is no reason to believe that it did</p><p>4.5: PN.</p>",Some concerns,"<p>5.1: PY.  Note: No evidence to suggest otherwise, methods and results do not show discrepancies. </p><p>5.2: PY. Note: Two secondary outcomes &quot;Change in Academic Competence&quot;<br/>and &quot;Change in Resilience&quot; mentioned in the protocol were not reported in the manuscript.</p><p>5.3: PN.  Note: No evidence to suggest analyses selection. All outcomes mentioned in the methods were reported in the results.</p>",Some concerns,"<p>The study is judged to raise some concerns in two domains (4 and 5), but not to be at high risk of bias for any domain.</p>"
7,1,Diagnosis of mental disorders at 0-1 months—indicated prevention adults,,SUBGROUP_AND_OVERALL,Rajeswari 2020,2020,0.0,0.0,0.0,0.0,4,120,0.0,0.0,32,119,0.0,0.0,80.649612,0.123958,0.045237,0.339669,State-Trait Anxiety Inventory (STAI) as proxy,Some concerns,"<p>1.1: PY; 1.2: NI. Quote: &quot;The women were assigned using a lottery method to intervention and control groups, 125 in each group&quot;</p><p>1.3: PN. Quote: &quot;Majority were in the age group of 25–29 years (intervention group 60 [48%]; control group 57 [45.60%]).It was seen that 37 (29.60%) in the intervention group and 35 (28.0%) in the control group had high school education, 63 (50.40%) of the intervention group and 59 (47.20%) of the control group were residing in suburban area, 72 (57.60%) in the intervention group and 68 (54.40%) in the control group belonged to nuclear families.; &quot;No formal testing is reported</p>",Low risk,"<p>2.1: PY. 2.2: Y.  Note: Due to the nature of the intervention participants were most likely aware of the intervention. Research team members were aware of the intervention during its delivery.</p><p>2.3: PN. Note: No evidence of deviations</p><p>2.4: NA.</p><p>2.5: NA.</p><p>2.6: PY. No mention of approach to estimate effect of assignment to intervention. Out of the 250 participants randomized, 239 were analyzed.</p><p>2.7: NA.</p>",Low risk,"<p>3.1: Y. Note: 125 randomized to intervention, 120 analysed at follow-up. 125 allocated to control, 119 analysed (about 4% were lost)</p><p>3.2: NA.</p><p>3.3: NA.</p><p>3.4: NA.</p>",Some concerns,"<p>4.1: N. Quote: &quot;It is a standardized tool and the original tool had established validity, the “r” obtained was 0.83.&quot;</p><p>4.2: PN. Note: no evidence to suggest differences in measurement between intervention and control.</p><p>4.3: PY. Note: Outcome assessors (mothers) were most likely aware of intervention allocation.</p><p>4.4: PY. Note: Knowledge of the assigned intervention could influence participant-reported outcomes, but there is no reason to believe that it did</p><p>4.5: PN.</p>",Low risk,"<p>5.1: PY.  Note: no evidence to suggest otherwise, methods and results do not show discrepancies.</p><p>5.2: PN.  Note: No evidence to suggest outcome selection. All outcomes mentioned in the methods were reported. </p><p>5.3: PN. Note: no evidence to suggest analyses selection. All outcomes mentioned in the methods and results were reported. </p>",Some concerns,"<p>The study is judged to raise some concerns in two domains (1 and 4), but not to be at high risk of bias for any domain.</p>"
7,1,Diagnosis of mental disorders at 0-1 months—indicated prevention adults,,SUBGROUP_AND_OVERALL,Rotheram-Borus 2014a,2014,0.0,0.0,0.0,0.0,1,45,0.0,0.0,7,55,0.0,0.0,19.350388,0.174603,0.0223,1.367083,General Health Questionnaire (GHQ-12) as proxy,Some concerns,"<p>1a.1: PY; 1a.2: PY. Clinics were selected and matched, randomization was conducted by a team off site .</p><p>1.3: PN. Note: Clusters were matched </p><p>1b.1: N: particpants were recruited after randomization; </p><p>1b.2: PN. Note: there is no evidence to suggest that selection of individual participants was affected by knoweldge of the intervention assigned to the cluster;</p><p>1b.3:PN. Note: baseline characteristics were comparable only following clinic clustering- Quote: &quot;While the SC<br/>and the EI were similar on many variables, there were large baseline differences between conditions on employment status, housing, and maternal chronic illness. Controlling for clinic clustering, there were no significant differences between WLH in the EI and SC conditions, implying that clinic differences may be related to subcultural differences and geographic location&quot; . </p>",Some concerns,"<p>2.1a: PY; 2.1b: PY; 2.2: PY. Note: Participants were aware that they took part of a study, due to the nature of the intervention they (as those delivering the intervention) were most likely aware of intervention allocation.</p><p>2.3:NI.  Note: Participants were aware that they took part of a study, due to the nature of the intervention they (as those delivering the intervention) were most likely aware of intervention allocation.</p><p>2.4: NA.</p><p>2.5: NA.</p><p>2.6: NI. Note:  Not enough information provided to give a judjment on this item</p><p>2.7: PN. Note: No evidence to suggest that failure to analyzed participants in randomized groups could a substantial impact on the results</p><p> </p>",High risk,"<p>3.1a NI - no information on whether data was avaiable for all clusters; </p><p>3.1b: Quote:&quot;NI; PY 3.1a NI - no information on whether data was avaiable for all clusters; </p><p>3.1b: data were avaiable for almost all randomized participants  (93% - 307 out of 334)&quot;</p><p>3.2: PN - No evidence that the result was not biased by missing data</p><p>3.3: PY; 3.4: PY. Quote: &quot;There were several selection effects between WLH in the EI and<br/>the SC who were successfully re-assessed and those who were lost<br/>to follow up. Within the SC condition, re-assessed WLH were<br/>more likely to be married or living with their partner, employed,<br/>and have water on site and a flush toilet. Compared to EI mothers<br/>lost to follow-up, re-assessed EI mothers were older and less likely<br/>to have a chronic illness. There were no serious study-related<br/>adverse events.&quot;; Quote: &quot;In many interventions,<br/>those most in need of intervention are most likely to attend [31],<br/>but this is less possible in rural southern Africa.&quot;</p>",Some concerns,"<p>4.1: PN. Note: The outcome measure is widely established and adapted for use in Nepal.</p><p>4.2: PN. Note: No evidence to suggest that.</p><p>4.3a: NI; 4.3b: PY. Note: no information provided on whether participants knew that they were in a trial, participants were most likely aware of the group allocation due to the nature of the intervention </p><p>4.4: PY; 4.5: PN. Note: Knowledge of the assigned intervention could influence participant-reported outcomes, but there is no reason to believe that it did.</p>",High risk,"<p>5.1: PY. Note: No evidence to suggest otherwise, methods and results do not show discrepancies. </p><p>5.2: PY. Note: Edinburgh Postnatal Depression Scale (EPDS) mentioned as an outcome in protocol but was not reported</p><p>5.3: PN. Note: No evidence to suggest analyses selection. All analyses mentioned in the methods and results were reported.</p>",High risk,<p>The study is judged to be at high risk of bias<b> </b>in two domains (3 and 5).</p>
7,2,Quality of life at 0-1 months—selective prevention adults,,SUBGROUP_AND_OVERALL,McCann 2015,2015,0.0,0.0,-41.5,11.4,0,27,-32.2,5.71,0,27,0.0,0.0,42.593651,-1.016589,-1.585979,-0.447199,Positive Subscale of the Experience of Caregiving Inventory (ECI) ,Low risk,"<p>1.1: Y; 1.2: Y.  Quote: &quot;Participants were randomly assigned to either the intervention or the control group by means of independent random allocation, using a computer generated randomisation list. This process was carried out by a researcher who was not directly involved in the recruitment process for the study.&quot;; &quot;Allocation was concealed. Allocation, which was o-site, was carried out by a researcher who was not directly involved in the recruitment process for the study. Randomisation was then emailed to the researcher allocating participants to intervention and control groups in Thailand.&quot;</p><p>1.3: PN.  Note: Baseline characteristics were comparable across groups.</p>",Low risk,<p>2.1: Y; 2.2: PY.  Note: The trial was open label. Quote: &quot;Open (masking not used)&quot;</p><p>2.3: Note:  No evidence to suggest issues to implement intervention</p><p>2.4: NA.</p><p>2.5: NA.</p><p>2.6: PY. Note: All randomized participants were analysed. </p><p>2.7: NA.</p>,Low risk,<p>3.1: Y.  Note: All 54 randomized participants were assessed post-intervention and analyzed.</p><p>3.2: NA. </p><p>3.3: NA.</p><p>3.4: NA.</p>,Some concerns,"<p>4.1: PN. Note: The selected outcome method (RS) is validated and established, appropriate for the local context, and assessed in its psychometric properties for this sample (α =0.87).. </p><p>4.2: PN. Note: No evidence to suggest differences in measurement between intervention and control. </p><p>4.3: PY. Outcome assessors (participants) were most likely aware of intervention allocation. </p><p>4.4: PY. Note: Knowledge of the assigned intervention could influence participant-reported outcomes, but there is no reason to believe that it did</p><p>4.5: PN.</p>",Low risk,"<p>5.1: PY.  Note: No evidence to suggest otherwise, NCT protocol, methods and results do not show discrepancies. </p><p>5.2: N. Note: No evidence to suggest outcome selection. All outcomes mentioned in the NCT protocol, methods  were reported in the results. </p><p>5.3: N. Note: No evidence to suggest analyses selection. All analyses mentioned in the NCT protocol, methods  were reported in the results. </p>",Some concerns,"<p>The study is judged to raise some concerns in one domain (4), but not to be at high risk of bias for any domain.</p>"
7,2,Quality of life at 0-1 months—selective prevention adults,,SUBGROUP_AND_OVERALL,Miller 2020,2020,0.0,0.0,-52.44,7.59,0,78,-49.24,8.56,0,73,0.0,0.0,57.406349,-0.39437,-0.716711,-0.07203,Warwick-Edinburgh Mental Wellbeing Scale (WEMWBS),Low risk,"<p>1.1: PY; 1.2: Y.  Quote: &quot;After participants had completed the baseline assessment, our research<br/>coordinator explained the randomization process to participants, inviting them to draw a lollipop out of an opaque bag containing an<br/>equal number of red and green lollipops, corresponding to the number of participants at the assessment.&quot;</p><p>1.3: N. Quote: &quot;Randomization resulted in balanced groups on demographic and outcome variables. A between-groups t-test was conducted<br/>following randomization, and we found no significant differences on any demographic or outcome variable.&quot;</p><p> </p>",Low risk,"<p>2.1: PY; 2.2: PY.  Quote: &quot;The PI, co-investigators and research assistants remained blind throughout the study. The Lebanon-based research coordinator<br/>was not blind, nor, by necessity, were participants blind to their group assignment.&quot;</p><p>2.3: PN. Note: No evidence to suggest issues to implement intervention</p><p>2.4: NA.</p><p>2.5: NA.</p><p>2.6: PY.  Note: All randomized participants were included in the analysis. </p><p>2.7: NA.</p>",Low risk,"<p>3.1: PY.  Quote: &quot;Retention of participants in the study was excellent: of the 151 caregivers who completed the baseline assessment, 149 or 99 %<br/>completed the endline assessment.&quot;</p><p>3.2: NA.</p><p>3.3: NA.</p><p>3.4: NA.</p>",Some concerns,"<p>4.1: PN.  Note: The selected outcome method  (WEMWBS) is widely validated and established, appropriate for the local context, and assessed in its psychometric properties for this sample. </p><p>4.2: PN. Note: No evidence to suggest differences in measurement between intervention and control. </p><p>4.3: PY. Note: Outcome assessors (participants) were most likely aware of intervention allocation. </p><p>4.4: PY. Note: Knowledge of the assigned intervention could influence participant-reported outcomes, but there is no reason to believe that it did. Quote: &quot;Although we were unable to control for such potential bias, the stories of change shared in the focus groups we conducted with<br/>CSI participants following the intervention were consistent with the self-reported changes we found in the questionnaire data&quot;</p><p>4.5: PN.</p>",Low risk,"<p>5.1: PY. Note: no evidence to suggest otherwise, methods and results do not show discrepancies. </p><p>5.2: PN.  Note: no evidence to suggest outcome selection. All outcomes mentioned in the methods are reported.</p><p>5.3: PN Note: No evidence to suggest analyses selection. All analyses mentioned in the methods were reported. </p>",Some concerns,"<p>The study is judged to raise some concerns in one domain (4), but not to be at high risk of bias for any domain.</p>"
7,3,Quality of life at 1-6 months—selective prevention adults,,SUBGROUP_AND_OVERALL,Hamdani 2021a,2021,0.0,0.0,-65.56,23.25,0,189,-62.17,22.63,0,203,0.0,0.0,36.484651,-0.147551,-0.345935,0.050834,Pediatric Quality of Life Inventory (PedsQL),Low risk,"<p>1a.1: Y; 1a.2: Y. Quote: &quot;Thirty UCs were randomized to intervention and control arms on a 1:1 allocation ratio using a permuted-block randomization method (...) by an independent researcher not involved in the conduct of the trialbefore the recruitment of participants in the study&quot;. Quote: &quot;The outcome assessment team, trial statistician and principal investigator were blind to the allocation status of trial participants.&quot; </p><p>1a.3: N. Quote: &quot;There was no significant difference  between the intervention and control arms in demographic characteristics&quot;. </p><p>1b.1: PN. It seems that all the individual participants were identified and recruited after randomization of clusters.</p><p>1b.2: PN. There is no evidence to suggest that selection was affected by knowledge of the intervention assigned to the cluster.</p><p>1b.3: PN. Some baseline imbalances are presents but compatible with chance.</p>",Low risk,"<p>2.1 a: PY; 2.1b: Y; 2.2: Y. Quote: &quot;The trained research team along with LHW will approach the families within the evaluation zones of the UCs to seek informed consent for participation in the trial.&quot;; Quote: &quot;Given the nature of WHO PST programme intervention, it is not possible tom ask the participants and facilitators, as well as the qualitative research team staff&quot;.</p><p>2.3: PN. No evidence to indicate deviations from protocol.</p><p>2.4: NA.</p><p>2.5: NA. </p><p>2.6: Y. Quote: &quot;The data was analysed using SAS 9.3 on intentiont to treat basis&quot;. </p><p>2.7: NA.</p>",Low risk,<p>3.1a: Y. No evidence to suggest cluster loss.; 3.1b: PY. Quote: &quot;We were able to collect primary endpoint data at 6 months’ post-intervention from 460/540 (85.18%) trial. participants.&quot;3.2: NA. 3.3: NA. 3.4: NA.</p>,Low risk,<p>4.1: N. The selected outcome method (Pediatric Quality of Life - Peds-QL) is widely validated and established. Peds-QL has shown sound psychometric properties in different cultures.</p><p>4.2: PN. No evidence to suggest that measurement or ascertainment of the outcome differed between intervention groups.</p><p>4.3a: PN; 4.3b: NA. Quote: &quot;All researchers conducting pre-post quantitative outcome assessments will be masked in the trial.&quot;.</p><p>4.4: NA; 4.5: NA</p>,Low risk,"<p>5.1: PY. Protocol is available. No evidence to suggest otherwise, protocol and manuscript do not show discrepancies.</p><p>5.2: PN. No evidence to suggest outcomes selection. All outcomes mentioned in the methods and protocol were reported.</p><p>5.3: PN. No evidence to suggest analyses selection. All outcomes mentioned in the methods and protocol were reported<b>.</b></p>",Low risk,<p>The study is judged to be at low risk of bias for all domains.</p>
7,3,Quality of life at 1-6 months—selective prevention adults,,SUBGROUP_AND_OVERALL,Rachasrimuang 2018,2018,0.0,0.0,-74.29,13.84,0,57,-70.8,16.08,0,59,0.0,0.0,31.831417,-0.230803,-0.596065,0.13446,Health-related QoL (ED-SQ-5L VAS),Low risk,<p>1.1: Y; 1.2: PY. Quote: &quot; Using free<br/>randomization software(24) a random selection from a<br/>total of 9 clusters chose clusters No. 3 and No. 6 for<br/>intervention and clusters No. 2 and No. 7 for control&quot;</p><p>1.3: NI. Note: No useful information is reported to evaluate this element</p><p>1b.1: NI - no information on the sequence of randomization and recruitment is provided; </p><p>1b.2: PN - to evidence to suggest that selection was influenced by knowledge of allocation; </p><p>1b.3: N - baseline characterisitics were comparable across intervention groups. Overall: Low risk</p>,High risk,"<p>2.1a: NI; 2.1b: PY; 2.2: PY. Note: No information provided on whether participants knew that they were in a trial, due to the nature of the intervention they (as those delivering the intervention) were most likely aware of intervention allocation.</p><p>2.3: PY.  Quote: &quot;Some youth volunteers needed to travel from<br/>community to work with their parents in the city<br/>during the school holidays, and this made coverage of<br/>intervention less than expected. This&quot;</p><p>2.4: PY. Note:These deviations could have been influencing the outcomes</p><p>2.5: PN. Note: Deviations affected the intervention group only</p><p>2.6: NI. Note: Not enough information provided to give a judjment on this item</p><p>2.7: PN. Note: No evidence to suggest that failure to analyzed participants in randomized groups could a substantial impact on the results</p>",High risk,"<p>3.1a NI: no information provided on how many clusters with available data were analyzed; 3.1b: no information provided on how many participants were assessed at baseline or follow-up, the manuscript does not mention losses or withdrawals</p><p>3.2: NI. Note: No evidence that the result was not biased by missing data</p><p>3.3: NI; 3.4: NI. Note: No information on missing data provided</p>",Some concerns,"<p>4.1: PN. Note: The outcome measure is widely established and adapted for use in Nepal.</p><p>4.2: PN. Note: No evidence to suggest that.</p><p>4.3a: NI; 4.3b: PY. Note: no information provided on whether participants knew that they were in a trial, participants were most likely aware of the group allocation due to the nature of the intervention </p><p>4.4: PY; 4.5: PN. Note: Knowledge of the assigned intervention could influence participant-reported outcomes, but there is no reason to believe that it did.</p>",Low risk,"<p>5.1: PY. Note: No evidence to suggest otherwise, methods and results do not show discrepancies. </p><p>5.2: PN. Note: No evidence to suggest outcome selection. All outcomes mentioned in the methods and results were reported.</p><p>5.3: PN. Note: No evidence to suggest analyses selection. All analyses mentioned in the methods and results were reported.</p>",High risk,<p>The study is judged to be at high risk of bias<b> </b>in two domains (2 and 3).</p>
7,3,Quality of life at 1-6 months—selective prevention adults,,SUBGROUP_AND_OVERALL,Yang 2022,2022,0.0,0.0,-31.95,7.55,0,65,-24.58,7.57,0,61,0.0,0.0,31.683931,-0.969,-1.338932,-0.599068,Quality of life,Low risk,"<p>1.1: PY; 1.2: PY. Quote: &quot; The research leader generated the random allocation sequence and assigned participants to interventions, physicians and nurses enrolled participants. Random allocation sequence was generated by random numbers tables, all patients were randomly selected by the researchers and assigned to each group using random number tables.&quot;</p><p>1.3: PN. Baseline characteristics were overall comparable across groups as demonstrated by Table 1.</p>",Low risk,<p>2.1: PY; 2.2: PY.  Due to the nature of the intervention participants and personnel were moslt likely aware of their assigned intervention.</p><p>2.3: PN. No evidence to suggest issues in recruitment and engagement nor failures to implement intervention allowed by the protocol</p><p>2.4: NA.</p><p>2.5: NA.</p><p>2.6: PY. No explicit mention of the analysis used to estimate the effect of assignment to intervention. Data was analyzed for almost all randomized participants (84% response rate).</p><p>2.7: NA.</p>,Low risk,<p>3.1: PY.  Data was availalble for almost all randomized participants (84% response rate).</p><p>3.2: NA. </p><p>3.3: NA.</p><p>3.4: NA.</p>,Some concerns,"<p>4.1: PN. The selected outcome method is widely validated and established and demonstrated good psychometric properties in the study.</p><p>4.2: PN. Note: No evidence to suggest differences in measurement between intervention and control. </p><p>4.3: PY. Outcome assessors (participants) were most likely aware of intervention allocation. </p><p>4.4: PY. Knowledge of the assigned intervention could influence participant-reported outcomes, but there is no reason to believe that it did</p><p>4.5: PN.</p>",Low risk,"<p>5.1: PY.  No evidence to suggest otherwise, methods and results do not show discrepancies.. </p><p>5.2: PN. No evidence to suggest outcome selection.</p><p>5.3: PN. No evidence to suggest analyses selection. All analyses mentioned in the methods were reported.</p>",Some concerns,"<p>The study is judged to raise some concerns in one domain (4), but not to be at high risk of bias for any domain.</p>"
8,1,Psychological functioning and impairment at 0-1 months—indicated prevention adults,,SUBGROUP_AND_OVERALL,Chew 2018,2018,0.0,0.0,-3.8,0.8,0,42,-3.4,1.1,0,67,0.0,0.0,86.094232,-0.398871,-0.788367,-0.009375,Summary of Diabetes Self-Care Activities (SDSCA),Low risk,"<p>1a.1: Y; 1a.2: PY.  Note: Title mentions RCT design. <br/>Quote: &quot;In assigning the HCs to the VEMOFIT group (VG) or attention-control groups (AG), randomisation will be carried out after stratification by cluster size and geographical areas of the 10 HCs.&quot;</p><p>Quote: &quot;A member of the Data Management Services team at the University Medical center, Ultrecht will carry out the randomisation.&quot;</p><p>1.3: NI.  Note: No useful information is reported to evaluate this element</p><p>1b.1: PY. Seems that participants were recruited after randomization. </p>",Low risk,<p>2.1a: PY. 2.1b: PN. Quote: &quot;We use a modified informed consent procedure to ensure that patients are unware of the two different intervention programmes&quot;.<br/>2.2.: Y. Nurses were trained to deliver the intervention. </p><p>2.3: PN. Note: No evidence to suggest deviations from the intended intervention that arose because of the trial context.</p><p>2.4: NA.</p><p>2.5: NA.</p><p>2.6: Y. Note: The analysis was carried out on an intention to treat basis.</p><p>2.7: NA.</p>,Low risk,"<p>3.1a: PY. All 10 clusters that recruited participants were analyzed. <br/>3.1b: PN. 92 from intervention group (n = 145) and 79 from control group (n = 150) did not receive allocated intervention. In addition to the 33 people lost to follow up at 12 months, 5 additional missing data were noted with regard to PHQ-9.</p><p>3.2: PN. No evidence that the result was not biased by missing data.</p><p>3.3: PN; 3.4: NA. Note: Missingness in the outcome do not depend on its true value. </p>",Low risk,"<p>4.1: N. Note: The selected outcome method (Malay Brief Illness Perception Quetsionnaire, MBIPQ) is validated and established.</p><p>4.2: PN.  Note: No evidence to suggest differences in measurement between intervention and control</p><p>4.3a: PY.Outcome assessors (participants) were most likeley aware that a trial was taking a place.<br/>4.3b: PN. Quote: &quot;We use a modified informed consent procedure to ensure that patients are unware of the two different intervention programmes&quot;</p><p>4.4: NA.</p><p>4.5: NA.</p>",Low risk,<p>5.1: PY.  Note: Protocol is available. </p><p>5.2: PN.  Note: No evidence to suggest outcome selection. Almost all outcomes mentioned in the methods and protocol were reported (It is not reported &quot;heath-care utilization hospital&quot; that is a secondary outcome). </p><p>5.3: PN. Note: No evidence to suggest analyses selection. All outcomes mentioned in the methdis and protocol were reported. </p>,Low risk,<p>The study is judged to be at low risk of bias for all domains.</p>
8,1,Psychological functioning and impairment at 0-1 months—indicated prevention adults,,SUBGROUP_AND_OVERALL,Sangraula 2020,2020,0.0,0.0,12.1,8.0,0,9,15.7,6.4,0,8,0.0,0.0,13.905768,-0.46826,-1.437413,0.500894,World Health Organization Disability Assessment Schedule (WHODAS),Low risk,"<p>1a.1: PY. 1a.2: PY. Quote: &quot;A randomization procedure was used, in which names of the two VDCs were written on cards and placed into a hat. The District Public Health Officer (DPHO) was to draw one card from the hat which would be allocated as the intervention arm VDC and the VDC in the remaining card would be allocated to the control arm. Program staff, including community psychosocial workers (CPSWs) and research assistants (RAs) were only assigned to either VDC after the random drawing to reduce risk of unblinding. </p><p>1a.3: PN.  There is no evidencde to suggest problems in the randomization process</p><p>1b.1: PN. it appears the randomization was conducted prior to the recruitment of participants.</p><p>1b.2: PN. It is unlikely that the selection of inidividual participants was affected by knowledge of the intervention assigned to the cluster. </p><p>1b.3: PN. there is no evidence to indicate imbalances in baseline values to indicate differentail identification or recruitment of individual participants. </p>",Low risk,"<p>2.1 a:NI. 2.1b: PN. 2.2: PN. Quote: &quot;CPSWs, RAs, trial participants, and local mhGAP trained health workers were blinded to the allocation of the study conditions. The VDCs of the two arms were separated by another VDC which worked as a buffer and physical barrier against contamination between the two arms. CPSWs in both arms were instructed not to disclose the treatment that any participants received except with their clinical supervisors. The trial statistician was blinded to treatment arm during analysis. &quot;</p><p>2.3: NA.</p><p>2.4: NA.</p><p>2.5: NA. </p><p>2.6: PY. Data was analysed for most participants randomized.</p>",Low risk,<p>3.1a: Y. all included clusters were analyzed; </p><p>3.1b: PY. data were available for nearly all participants within the cluster</p><p>3.2: NA.</p><p>3.3: NA.</p><p>3.4: NA.</p>,Low risk,"<p>4.1: PN. The outcome measure (PHQ-9) is widely established and used across contexts, included the one of the trial</p><p>4.2: PN. No evidence to suggest that measurement or ascertainment of the outcome differed between intervention groups.</p><p>4.3a:NI. 4.3b: PN.  No information provided on whether participants knew that they were in a trial, participants (outcome assessors) were blinded</p>",Low risk,"<p>5.1: PY. No evidence to suggest otherwise, protocol and paper do not show discrepancies.</p><p>5.2: PN. No evidence to suggest outcome selection. All outcomes mentioned in the protocol, methods and results were reported.</p><p>5.3: PN. No evidence to suggest analyses selection. All analyses mentioned in the protocol, methods and results were reported.</p>",Low risk,<p>The study is judged to be at low risk of bias for all domains.</p>
8,2,Depressive symptoms at 0-1 months—indicated prevention adults,,SUBGROUP_AND_OVERALL,Chew 2018,2018,0.0,0.0,6.2,4.4,0,50,6.7,5.1,0,60,0.0,0.0,85.777296,-0.103548,-0.479111,0.272016,Patient Health Questionnaire 9 (PHQ-9),Low risk,"<p>1a.1: Y; 1a.2: PY.  Note: Title mentions RCT design. <br/>Quote: &quot;In assigning the HCs to the VEMOFIT group (VG) or attention-control groups (AG), randomisation will be carried out after stratification by cluster size and geographical areas of the 10 HCs.&quot;</p><p>Quote: &quot;A member of the Data Management Services team at the University Medical center, Ultrecht will carry out the randomisation.&quot;</p><p>1.3: NI.  Note: No useful information is reported to evaluate this element</p><p>1b.1: PY. Seems that participants were recruited after randomization. </p>",Low risk,<p>2.1a: PY. 2.1b: PN. Quote: &quot;We use a modified informed consent procedure to ensure that patients are unware of the two different intervention programmes&quot;.<br/>2.2.: Y. Nurses were trained to deliver the intervention. </p><p>2.3: PN. Note: No evidence to suggest deviations from the intended intervention that arose because of the trial context.</p><p>2.4: NA.</p><p>2.5: NA.</p><p>2.6: Y. Note: The analysis was carried out on an intention to treat basis.</p><p>2.7: NA.</p>,Low risk,"<p>3.1a: PY. All 10 clusters that recruited participants were analyzed. <br/>3.1b: PN. 92 from intervention group (n = 145) and 79 from control group (n = 150) did not receive allocated intervention. In addition to the 33 people lost to follow up at 12 months, 5 additional missing data were noted with regard to PHQ-9.</p><p>3.2: PN. No evidence that the result was not biased by missing data.</p><p>3.3: PN; 3.4: NA. Note: Missingness in the outcome do not depend on its true value. </p>",Low risk,"<p>4.1: N. Note: The selected outcome method (Malay Brief Illness Perception Quetsionnaire, MBIPQ) is validated and established.</p><p>4.2: PN.  Note: No evidence to suggest differences in measurement between intervention and control</p><p>4.3a: PY.Outcome assessors (participants) were most likeley aware that a trial was taking a place.<br/>4.3b: PN. Quote: &quot;We use a modified informed consent procedure to ensure that patients are unware of the two different intervention programmes&quot;</p><p>4.4: NA.</p><p>4.5: NA.</p>",Low risk,<p>5.1: PY.  Note: Protocol is available. </p><p>5.2: PN.  Note: No evidence to suggest outcome selection. Almost all outcomes mentioned in the methods and protocol were reported (It is not reported &quot;heath-care utilization hospital&quot; that is a secondary outcome). </p><p>5.3: PN. Note: No evidence to suggest analyses selection. All outcomes mentioned in the methdis and protocol were reported. </p>,Low risk,<p>The study is judged to be at low risk of bias for all domains.</p>
8,2,Depressive symptoms at 0-1 months—indicated prevention adults,,SUBGROUP_AND_OVERALL,Sangraula 2020,2020,0.0,0.0,6.2,3.7,0,7,9.3,4.3,0,7,0.0,0.0,14.222704,-0.7235,-1.817804,0.370804,Patient Health Questionnaire 9 (PHQ-9),Low risk,"<p>1a.1: PY. 1a.2: PY. Quote: &quot;A randomization procedure was used, in which names of the two VDCs were written on cards and placed into a hat. The District Public Health Officer (DPHO) was to draw one card from the hat which would be allocated as the intervention arm VDC and the VDC in the remaining card would be allocated to the control arm. Program staff, including community psychosocial workers (CPSWs) and research assistants (RAs) were only assigned to either VDC after the random drawing to reduce risk of unblinding. </p><p>1a.3: PN.  There is no evidencde to suggest problems in the randomization process</p><p>1b.1: PN. it appears the randomization was conducted prior to the recruitment of participants.</p><p>1b.2: PN. It is unlikely that the selection of inidividual participants was affected by knowledge of the intervention assigned to the cluster. </p><p>1b.3: PN. there is no evidence to indicate imbalances in baseline values to indicate differentail identification or recruitment of individual participants. </p>",Low risk,"<p>2.1 a:NI. 2.1b: PN. 2.2: PN. Quote: &quot;CPSWs, RAs, trial participants, and local mhGAP trained health workers were blinded to the allocation of the study conditions. The VDCs of the two arms were separated by another VDC which worked as a buffer and physical barrier against contamination between the two arms. CPSWs in both arms were instructed not to disclose the treatment that any participants received except with their clinical supervisors. The trial statistician was blinded to treatment arm during analysis. &quot;</p><p>2.3: NA.</p><p>2.4: NA.</p><p>2.5: NA. </p><p>2.6: PY. Data was analysed for most participants randomized.</p>",Low risk,<p>3.1a: Y. all included clusters were analyzed; </p><p>3.1b: PY. data were available for nearly all participants within the cluster</p><p>3.2: NA.</p><p>3.3: NA.</p><p>3.4: NA.</p>,Low risk,"<p>4.1: PN. The outcome measure (PHQ-9) is widely established and used across contexts, included the one of the trial</p><p>4.2: PN. No evidence to suggest that measurement or ascertainment of the outcome differed between intervention groups.</p><p>4.3a:NI. 4.3b: PN.  No information provided on whether participants knew that they were in a trial, participants (outcome assessors) were blinded</p>",Low risk,"<p>5.1: PY. No evidence to suggest otherwise, protocol and paper do not show discrepancies.</p><p>5.2: PN. No evidence to suggest outcome selection. All outcomes mentioned in the protocol, methods and results were reported.</p><p>5.3: PN. No evidence to suggest analyses selection. All analyses mentioned in the protocol, methods and results were reported.</p>",Low risk,<p>The study is judged to be at low risk of bias for all domains.</p>
8,3,Distress/PTSD symptoms at 0-1 months—indicated prevention adults,,SUBGROUP_AND_OVERALL,Chew 2018,2018,0.0,0.0,3.1,0.9,0,44,2.9,0.9,0,56,0.0,0.0,65.086577,0.220517,-0.175558,0.616593,Diabetes Distress Scale (DDS),Low risk,"<p>1a.1: Y; 1a.2: PY.  Note: Title mentions RCT design. <br/>Quote: &quot;In assigning the HCs to the VEMOFIT group (VG) or attention-control groups (AG), randomisation will be carried out after stratification by cluster size and geographical areas of the 10 HCs.&quot;</p><p>Quote: &quot;A member of the Data Management Services team at the University Medical center, Ultrecht will carry out the randomisation.&quot;</p><p>1.3: NI.  Note: No useful information is reported to evaluate this element</p><p>1b.1: PY. Seems that participants were recruited after randomization. </p>",Low risk,<p>2.1a: PY. 2.1b: PN. Quote: &quot;We use a modified informed consent procedure to ensure that patients are unware of the two different intervention programmes&quot;.<br/>2.2.: Y. Nurses were trained to deliver the intervention. </p><p>2.3: PN. Note: No evidence to suggest deviations from the intended intervention that arose because of the trial context.</p><p>2.4: NA.</p><p>2.5: NA.</p><p>2.6: Y. Note: The analysis was carried out on an intention to treat basis.</p><p>2.7: NA.</p>,Low risk,"<p>3.1a: PY. All 10 clusters that recruited participants were analyzed. <br/>3.1b: PN. 92 from intervention group (n = 145) and 79 from control group (n = 150) did not receive allocated intervention. In addition to the 33 people lost to follow up at 12 months, 5 additional missing data were noted with regard to PHQ-9.</p><p>3.2: PN. No evidence that the result was not biased by missing data.</p><p>3.3: PN; 3.4: NA. Note: Missingness in the outcome do not depend on its true value. </p>",Low risk,"<p>4.1: N. Note: The selected outcome method (Malay Brief Illness Perception Quetsionnaire, MBIPQ) is validated and established.</p><p>4.2: PN.  Note: No evidence to suggest differences in measurement between intervention and control</p><p>4.3a: PY.Outcome assessors (participants) were most likeley aware that a trial was taking a place.<br/>4.3b: PN. Quote: &quot;We use a modified informed consent procedure to ensure that patients are unware of the two different intervention programmes&quot;</p><p>4.4: NA.</p><p>4.5: NA.</p>",Low risk,<p>5.1: PY.  Note: Protocol is available. </p><p>5.2: PN.  Note: No evidence to suggest outcome selection. Almost all outcomes mentioned in the methods and protocol were reported (It is not reported &quot;heath-care utilization hospital&quot; that is a secondary outcome). </p><p>5.3: PN. Note: No evidence to suggest analyses selection. All outcomes mentioned in the methdis and protocol were reported. </p>,Low risk,<p>The study is judged to be at low risk of bias for all domains.</p>
8,3,Distress/PTSD symptoms at 0-1 months—indicated prevention adults,,SUBGROUP_AND_OVERALL,Sangraula 2020,2020,0.0,0.0,11.9,6.6,0,6,17.6,6.0,0,6,0.0,0.0,34.913423,-0.83422,-2.036853,0.368414,General Health Questionnaire (GHQ-12),Low risk,"<p>1a.1: PY. 1a.2: PY. Quote: &quot;A randomization procedure was used, in which names of the two VDCs were written on cards and placed into a hat. The District Public Health Officer (DPHO) was to draw one card from the hat which would be allocated as the intervention arm VDC and the VDC in the remaining card would be allocated to the control arm. Program staff, including community psychosocial workers (CPSWs) and research assistants (RAs) were only assigned to either VDC after the random drawing to reduce risk of unblinding. </p><p>1a.3: PN.  There is no evidencde to suggest problems in the randomization process</p><p>1b.1: PN. it appears the randomization was conducted prior to the recruitment of participants.</p><p>1b.2: PN. It is unlikely that the selection of inidividual participants was affected by knowledge of the intervention assigned to the cluster. </p><p>1b.3: PN. there is no evidence to indicate imbalances in baseline values to indicate differentail identification or recruitment of individual participants. </p>",Low risk,"<p>2.1 a:NI. 2.1b: PN. 2.2: PN. Quote: &quot;CPSWs, RAs, trial participants, and local mhGAP trained health workers were blinded to the allocation of the study conditions. The VDCs of the two arms were separated by another VDC which worked as a buffer and physical barrier against contamination between the two arms. CPSWs in both arms were instructed not to disclose the treatment that any participants received except with their clinical supervisors. The trial statistician was blinded to treatment arm during analysis. &quot;</p><p>2.3: NA.</p><p>2.4: NA.</p><p>2.5: NA. </p><p>2.6: PY. Data was analysed for most participants randomized.</p>",Low risk,<p>3.1a: Y. all included clusters were analyzed; </p><p>3.1b: PY. data were available for nearly all participants within the cluster</p><p>3.2: NA.</p><p>3.3: NA.</p><p>3.4: NA.</p>,Low risk,"<p>4.1: PN. The outcome measure (PHQ-9) is widely established and used across contexts, included the one of the trial</p><p>4.2: PN. No evidence to suggest that measurement or ascertainment of the outcome differed between intervention groups.</p><p>4.3a:NI. 4.3b: PN.  No information provided on whether participants knew that they were in a trial, participants (outcome assessors) were blinded</p>",Low risk,"<p>5.1: PY. No evidence to suggest otherwise, protocol and paper do not show discrepancies.</p><p>5.2: PN. No evidence to suggest outcome selection. All outcomes mentioned in the protocol, methods and results were reported.</p><p>5.3: PN. No evidence to suggest analyses selection. All analyses mentioned in the protocol, methods and results were reported.</p>",Low risk,<p>The study is judged to be at low risk of bias for all domains.</p>
9,1,Depressive symptoms at 0-1 months—indicated prevention adults,Primary healthcare workers,SUBGROUP_AND_OVERALL,Asnani 2021,2021,0.0,0.0,14.0,10.3,0,32,15.7,12.3,0,32,0.0,0.0,4.76686,-0.148037,-0.638742,0.342669,Center for Epidemiologic Studies Depression Scale (CES-D),Low risk,"<p>1.1: Y; 1.2: Y. Note: Quote: &quot;A random numbers<br/>table, computer generated by an independent staff statistician, was kept centrally. Once baseline<br/>measurements were completed, the study coordinator telephoned the central site for the<br/>next assignment based on the random number table and informed the subject of her allocation<br/>group. Th&quot;</p><p>1.3: PN. Note: Baseline characteristics were overall comparable across groups, significant differences were reported for 2 variables (compatible with chances) </p>",Low risk,<p>2.1: PY; 2.2: PY. Note: Due to the nature of the intervention participants and personnel were most likely aware of their assigned intervention </p><p>2.3: PN. Note: No evidence to suggest issues to implement intervention. Some changes were made to the protocol before recruitment. These are reported in the manuscript.</p><p>2.4: NA.</p><p>2.5: NA. </p><p>2.6: Y. Quote: &quot;Analyses were performed based on intention to treat principles&quot;</p><p>2.7: NA.</p>,Low risk,"<p>3.1: Y. Note: Data was availalble for all 64 randomized participants, there were no losses at the 6 months follow-up.</p><p>3.2: NA.</p><p>3.3: NA.</p><p>3.4: NA.</p>",Some concerns,"<p>4.1: PN. Note: The selected outcome method (CES-D) is widely validated and established and demonstrated good inter-item reliability in the study (0.9)</p><p>4.2: PN. Note: No evidence to suggest differences in measurement between intervention and control.</p><p>4.3: PY. Note: Outcome assessors (participants) were most likely aware of intervention allocation. Staff involved in data collection was blinded to the allocation.</p><p>4.4: PY; 4.5: PN. Note: Knowledge of the assigned intervention could influence participant-reported outcomes, but there is no reason to believe that it did.</p>",Low risk,"<p>5.1: PY. Note: No evidence to suggest otherwise, methods and results do not show discrepancies. </p><p>5.2: PN. Note: No evidence to suggest outcome selection. All outcomes mentioned in the methods are reported. Authors mention that the CES-D was not initially planned to be an outcome of interest in the study, this was added in a second moment, but still before the beginning of recruitment. </p><p>5.3: PN. Note: No evidence to suggest analyses selection. All analyses mentioned in the methods were reported. </p>",Some concerns,"<p>The study is judged to raise some concerns in one domain (4), but not to be at high risk of bias for any domain.</p>"
9,1,Depressive symptoms at 0-1 months—indicated prevention adults,Primary healthcare workers,SUBGROUP_AND_OVERALL,Chaharrahifard 2021,2021,0.0,0.0,10.64,5.83,0,27,12.6,5.78,0,25,0.0,0.0,4.152282,-0.33249,-0.880534,0.215555,Edinburgh Postnatal Depression Scale (EPDS),Low risk,<p>1.1: Y. Note: Title mentions RCT design; Quote: &quot;the samples were randomly assigned to two groups of received counseling (intervention) and non-received counseling (control) by four-sized randomized blocks.&quot;</p><p>1.2: Y. Quote: &quot;The details of blocks were contained in asset of sealed.</p><p>1.3: N. Quote: &quot;There was not significant difference between the demographic characteristics in the control and intervention group.&quot;</p>,Some concerns,"<p>2.1: PY; 2.2: PY. Note: Due to the nature of the intervention, participants and the interventionists were most likely aware of the allocation.</p><p>2.3: PN. No evidence to suggest issues to implement intervention.</p><p>2.4: NA</p><p>2.5: NA</p><p>2.5: NI. Note: No explicit mention of the analysis used to estimate the effect of assignment to intervention.</p><p>2.6: N. Note: There was not a substantial impact of the failure to analyse participants in the group to which they were randomized.</p>",Low risk,<p>3.1: PY. Note: Drop-out rate: 21%. </p><p>3.2: NA</p><p>3.3: NA</p><p>3.4: NA</p>,Some concerns,"<p>4.1: N. Note: The selected outcome method (EPDS) is widely validated and established.</p><p>4.2: PN. Note: No evidence to suggest differences in measurement between intervention and control.</p><p>4.3: PY. Note: Outcome assessors (participants) were most likely aware of intervention allocation.</p><p>4.4: PY; 4.5: PN. Note: Knowledge of the assigned intervention could influence participant-reported outcomes, but there is no reason to believe that it did.</p>",Low risk,"<p>5.1: PY. Note: No evidence to suggest otherwise, methods and results do not show discrepancies.</p><p>5.2: PN. Note: No evidence to suggest outcome selection. All outcomes mentioned in the methods and results were reported.</p><p>5.3: PN. Note: No evidence to suggest analyses selection. All outcomes mentioned in the methods and results were reported.</p>",Some concerns,"<p>The study is judged to raise some concerns in two domains (2 and 4), but not to be at high risk of bias for any domain.</p>"
9,1,Depressive symptoms at 0-1 months—indicated prevention adults,Primary healthcare workers,SUBGROUP_AND_OVERALL,Chew 2018,2018,0.0,0.0,6.2,4.4,0,50,6.7,5.1,0,60,0.0,0.0,6.337791,-0.103548,-0.479111,0.272016,Patient Health Questionnaire 9 (PHQ-9),Low risk,"<p>1a.1: Y; 1a.2: PY.  Note: Title mentions RCT design. <br/>Quote: &quot;In assigning the HCs to the VEMOFIT group (VG) or attention-control groups (AG), randomisation will be carried out after stratification by cluster size and geographical areas of the 10 HCs.&quot;</p><p>Quote: &quot;A member of the Data Management Services team at the University Medical center, Ultrecht will carry out the randomisation.&quot;</p><p>1.3: NI.  Note: No useful information is reported to evaluate this element</p><p>1b.1: PY. Seems that participants were recruited after randomization. </p>",Low risk,<p>2.1a: PY. 2.1b: PN. Quote: &quot;We use a modified informed consent procedure to ensure that patients are unware of the two different intervention programmes&quot;.<br/>2.2.: Y. Nurses were trained to deliver the intervention. </p><p>2.3: PN. Note: No evidence to suggest deviations from the intended intervention that arose because of the trial context.</p><p>2.4: NA.</p><p>2.5: NA.</p><p>2.6: Y. Note: The analysis was carried out on an intention to treat basis.</p><p>2.7: NA.</p>,Low risk,"<p>3.1a: PY. All 10 clusters that recruited participants were analyzed. <br/>3.1b: PN. 92 from intervention group (n = 145) and 79 from control group (n = 150) did not receive allocated intervention. In addition to the 33 people lost to follow up at 12 months, 5 additional missing data were noted with regard to PHQ-9.</p><p>3.2: PN. No evidence that the result was not biased by missing data.</p><p>3.3: PN; 3.4: NA. Note: Missingness in the outcome do not depend on its true value. </p>",Low risk,"<p>4.1: N. Note: The selected outcome method (Malay Brief Illness Perception Quetsionnaire, MBIPQ) is validated and established.</p><p>4.2: PN.  Note: No evidence to suggest differences in measurement between intervention and control</p><p>4.3a: PY.Outcome assessors (participants) were most likeley aware that a trial was taking a place.<br/>4.3b: PN. Quote: &quot;We use a modified informed consent procedure to ensure that patients are unware of the two different intervention programmes&quot;</p><p>4.4: NA.</p><p>4.5: NA.</p>",Low risk,<p>5.1: PY.  Note: Protocol is available. </p><p>5.2: PN.  Note: No evidence to suggest outcome selection. Almost all outcomes mentioned in the methods and protocol were reported (It is not reported &quot;heath-care utilization hospital&quot; that is a secondary outcome). </p><p>5.3: PN. Note: No evidence to suggest analyses selection. All outcomes mentioned in the methdis and protocol were reported. </p>,Low risk,<p>The study is judged to be at low risk of bias for all domains.</p>
9,1,Depressive symptoms at 0-1 months—indicated prevention adults,Primary healthcare workers,SUBGROUP_AND_OVERALL,Escolar 2014,2014,0.0,0.0,4.36,1.77,0,25,7.8,3.0,0,15,0.0,0.0,2.797312,-1.465319,-2.189283,-0.741355,Geriatric Depression Scale Short Form (GDS-S),Some concerns,<p>1.1: Y; 1.2: NI. Quote: &quot;The respondents were then randomly assigned to either the experimental or control group&quot; No information provided about allocation concealment.</p><p>1.3: PN. Note: No significant differences at baseline. </p>,Some concerns,<p>2.1: PY; 2.2: PY. Note: Due to the nature of the intervention participants and the interventionists were most likely aware of the allocation.</p><p>2.3: NI. Note: No information provided. </p><p>2.4: NA.</p><p>2.5: NA.</p><p>2.6: NI. Note: No infomation provided. </p><p>2.7: N. Note: No drop-out. </p>,Low risk,<p>3.1: Y. Note: No missing data. </p><p>3.2: NA.</p><p>3.3: NA.</p><p>3.4: NA.</p>,Some concerns,"<p>4.1: N. Note: The selected outcome method (PHQ-9) is widely validated and established.</p><p>4.2: PN. Note: No evidence to suggest differences in measurement between intervention and control. </p><p>4.3: Y. Note: Only self-reported measure. </p><p>4.4: PY; 4.5: PN. Note: Knowledge of the assigned intervention could influence participant-reported outcomes, but there is no reason to believe that it did.</p>",Low risk,"<p>5.1: PY. Note: No protocol available. No evidence to suggest otherwise, methods and results do not show discrepancies. </p><p>5.2: PN. Note: No evidence to suggest outcome selection. All outcomes mentioned in the methods are reported.</p><p>5.3: PN. Note: No evidence to suggest analyses selection. All analyses mentioned in the methods were reported. </p>",Some concerns,"<p>The study is judged to raise some concerns in three domains (1, 2, 4), but not to be at high risk of bias for any domain.</p>"
9,1,Depressive symptoms at 0-1 months—indicated prevention adults,Primary healthcare workers,SUBGROUP_AND_OVERALL,Gao 2015,2015,0.0,0.0,7.61,3.43,0,90,8.96,4.55,0,90,0.0,0.0,7.728626,-0.333648,-0.627893,-0.039403,Edinburgh Postnatal Depression Scale (EPDS),Low risk,"<p>1.1: Y. Quote: &quot;The randomization sequence was generated using a computerized random number generator and the allocation was kept in sealed opaque consecutively numbered envelopes.&quot; </p><p>1.2.: Y. Quote: &quot;This simple randomization scheme was independently prepared by a research assistant who was not involved in determining eligibility, providing care, or assessing outcome.&quot;</p><p>1.3: N. Quote: &quot;There were no significant differences between the two groups in their demographic, obstetric and related characteristics (...) There were also no significant differences between the two groups in their baseline measures&quot;</p>",Low risk,"<p>2.1: PY; 2.2: PY. Note: Due to the nature of the intervention, participants and the interventionists were most likely aware of the allocation.</p><p>2.3: PN. Note: No evidence to suggest issues to implement intervention.</p><p>2.4: NA</p><p>2.5: BA</p><p>2.6: Y. Note: Intention to treat analysis done.</p><p>2.7: NA</p>",Low risk,<p>3.1: PY. Note: Drop-out: 14 of 180. </p><p>3.2: NA</p><p>3.3: NA</p><p>3.4: NA</p>,Some concerns,"<p>4.1: N. Note: The selected outcome method (EPDS) is widely validated in Chinese mothers and established.</p><p>4.2: PN. Note: No evidence to suggest differences in measurement between intervention and control.</p><p>4.3: PY. Note: Outcome assessors (participants) were most likely aware of intervention allocation.</p><p>4.4.: PY; 4.5: PN. Note: Knowledge of the assigned intervention could influence participant-reported outcomes, but there is no reason to believe that it did. </p>",Low risk,"<p>5.1: PY. Note: No evidence to suggest otherwise, methods and results do not show discrepancies.</p><p>5.2: PN. Note: No evidence to suggest outcome selection. All outcomes mentioned in the methods and results were reported.</p><p>5.3: PN. Note: No evidence to suggest analyses selection. All outcomes mentioned in the methods and results were reported.</p>",Some concerns,"<p>The study is judged to raise some concerns in one domain (4), but not to be at high risk of bias for any domain.</p>"
9,1,Depressive symptoms at 0-1 months—indicated prevention adults,Primary healthcare workers,SUBGROUP_AND_OVERALL,Song 2019,2019,0.0,0.0,4.87,3.22,0,60,5.7,3.6,0,60,0.0,0.0,6.600216,-0.241477,-0.600662,0.117708,Geriatric Depression Scale (GDS),Low risk,"<p>1.1: Y; 1.2: PY. Note: Block randomization, computer-generated random list. Using opaque and sealed envelopes for group allocation code keeping. This was done by a person not involved in data collection. </p><p>1.3: N. Quote: &quot;No considerable differences were observed between the intervention and control groups in terms of demographic characteristics, baseline outcome and mediating variables.&quot;</p>",Low risk,<p>2.1: Y; 2.2: PY. Note: Due to the nature of the intervention participants were most likely aware of their allocation. </p><p>2.3: PN. Note: No evidence to suggest issues in recruitment and engagement nor failures to implement intervention</p><p>2.4: NA.</p><p>2.5: NA.</p><p>2.6: Y. Note: An ITT analysis was conducted.</p><p>2.7: NA.</p>,Low risk,"<p>3.1: PY. Note: Data at end line was missing, due to withdrawal or loss to follow-up, for 29 participants (circa 24%). </p><p>3.2: NA.</p><p>3.3: NA.</p><p>3.4: NA.</p>",Some concerns,"<p>4.1: PN. Quote: &quot;GDS is easy to administer and is a valid tool for assessing depressive symptoms in individuals with mild cognitive impairment&quot;; The Cronbach’s alpha in this study was 0.784.</p><p>4.2: PN. Note:  No evidence to suggest differences in measurement between intervention and control.</p><p>4.3: PY. Note: Outcome assessors (participants) were most likely aware of intervention allocation. Researchers involved in data collection were blinded to group allocation.</p><p>4.4: PY; 4.5: PN. Note: Knowledge of the assigned intervention could influence participant-reported outcomes, but there is no reason to believe that it did.</p>",Low risk,"<p>5.1: PY. Note: no evidence to suggest otherwise, methods and results do not show discrepancies. </p><p>5.2: PN. Note: No evidence to suggest outcome selection. All outcomes mentioned in the methods are reported.</p><p>5.3: PN. Note: No evidence to suggest analyses selection. All analyses mentioned in the methods were reported. </p>",Some concerns,"<p>The study is judged to raise some concerns in one domain (4), but not to be at high risk of bias for any domain.</p>"
9,1,Depressive symptoms at 0-1 months—indicated prevention adults,Community workers,SUBGROUP_AND_OVERALL,Acarturk 2022,2022,0.0,0.0,5.241,4.905,0,236,5.324,5.124,0,267,0.0,0.0,9.976031,-0.016501,-0.191618,0.158616,Patient Health Questionnaire 9 (PHQ-9),Low risk,"<p>1.1: Y. Quote: &quot;Participants were randomly assigned either to the Self-Help Plus arm or to ECAU only, in a 1:1 ratio.&quot; 1.2: Y. Quote &quot;The randomization schedule was generated by Castor Electronic Data Capture (EDC). (..)  Research team members involved in<br/>recruitment were able to access the web-based software to randomize each newly enrolled participant, but were not able to access the randomization list, and were not aware of the block size.&quot;</p><p>1.3: N. Note: No significant differences at baseline. </p>",Low risk,<p>2.1: PY; 2.2: PY. Note: Due to the nature of the intervention participants and the interventionists were most likely aware of the allocation.</p><p>2.3: PN. Note: No evidence to suggest issues to implement intervention.</p><p>2.4: NA.</p><p>2.5: NA.</p><p>2.6: Y. Quote: &quot;We followed an intent-to-treat approach for analysis of primary and secondary outcomes&quot;</p><p>2.7: NA.</p>,Low risk,<p>3.1: PY. Quote: &quot; The distribution of participants lost to follow-up was similar between the study groups (15.53% vs. 14.06%)&quot;</p><p>3.2: NA.</p><p>3.3: NA.</p><p>3.4: NA.</p>,Some concerns,"<p>4.1: N. Note: The selected outcome method (PHQ-9) is widely validated and established.</p><p>4.2: PN. Note: No evidence to suggest differences in measurement between intervention and control. </p><p>4.3: PY. Note: Outcome assessors (participants) were most likely aware of intervention allocation. </p><p>4.4: PY; 4.5: PN. Note: Knowledge of the assigned intervention could influence participant-reported outcomes, but there is no reason to believe that it did.</p>",Low risk,"<p>5.1: PY. Note: no evidence to suggest otherwise, methods and results do not show discrepancies. </p><p>5.2: PN. Note: No evidence to suggest outcome selection. All outcomes mentioned in the methods are reported.</p><p>5.3: PN. Note: No evidence to suggest analyses selection. All analyses mentioned in the methods were reported. </p>",Some concerns,"<p>The study is judged to raise some concerns in one domain (4), but not to be at high risk of bias for any domain.</p>"
9,1,Depressive symptoms at 0-1 months—indicated prevention adults,Community workers,SUBGROUP_AND_OVERALL,Baumgartner 2021,2021,0.0,0.0,2.79,3.81,0,119,1.56,2.8,0,85,0.0,0.0,7.981958,0.357648,0.077107,0.638188,Patient Health Questionnaire 9 (PHQ-9),Low risk,"<p>1a.1: PY; 1a.2: PY. Researchers performed stratified constrained randomization. This was carried out through software. Quote: &quot;Constrained randomization was implemented using the cvcrand Stata package by the US-based team&quot;. 1a.3: NI.  No useful information is reported to evaluate this element. 1b.1: PN. It appears the randomization was conducted prior to the recruitment of participants: 1b.2: PN. It is unlikely that the selection of individual participants was affected by knowledge of the intervention assigned to the cluster. 1b.3: PN. There were some baseline imbalances that were compatible with chance, there is no evidence to indicate differential identification or recruitment of individual participants. </p>",Some concerns,"<p>2.1 a: NI; 2.1b: PY; 2.2: PY. No information was provided on whether participants knew that they were in a trial, due to the nature of the intervention they (as those delivering the intervention) were most likely aware of intervention allocation. 2.3: PY. The low literacy of the lay providers could have impacted implementation fidelity. Quote: &quot;This strategy supported the potential sustainability of the intervention but came with literacy challenges for delivering the iMBC content with full fidelity&quot;. 2.4: PN. No evidence to suggest deviations from the intended intervention would have influenced the outcomes. 2.5: NA. 2.6: PY. Data were analysed for most randomized participants. 2.7: NA.</p>",Low risk,"<p>3.1a: PY. All included clusters were analyzed. 3.1b: PY. Data were available for nearly all participants within the cluster. Quote: &quot;303 (81%), 313 (83.7%), and 266 (71.1%) participants were followed up at the mini-survey, imme- diate post-intervention survey (follow-up 1), and the 8-month post- intervention survey (follow-up 2) time points, respectively &quot;. 3.2: NA. 3.3: NA. 3.4: NA.</p>",Some concerns,"<p>4.1: N. The outcome measure is well established and reported good psychometric properties in this sample. 4.2: PN. No evidence to suggest differences in measurement between intervention and control. 4.3A: NI; 4.3b: PY. No information provided on whether participants knew that they were in a trial, participants (outcome assessors) were most likely aware of the group allocation due to the nature of the intervention. 4.4: PY; 4.5: PN. Knowledge of the assigned intervention could influence participant-reported outcomes, but there is no reason to believe that it did.</p>",Low risk,"<p>5.1: PY. No evidence to suggest otherwise, methods and results do not show discrepancies. 5.2: PN. No evidence to suggest outcomes selection. All outcomes mentioned in the methods and results were reported. 5.3: PN. No evidence to suggest analyses selection. All outcomes mentioned in the methods and results were reported. </p>",Some concerns,"<p>The study is judged to raise some concerns in two domains (2 and 4), but not to be at high risk of bias for any domain.</p>"
9,1,Depressive symptoms at 0-1 months—indicated prevention adults,Community workers,SUBGROUP_AND_OVERALL,Chang 2015,2015,0.0,0.0,19.0,13.3,0,20,18.8,11.6,0,63,0.0,0.0,4.625891,0.016484,-0.486562,0.51953,Center for Epidemiologic Studies Depression Scale (CES-D),Low risk,"<p>1.1: Y; 1.2: PY. Note: Title mentions RCT design. Quote: &quot;The evaluation was a cluster randomized trial conducted in Jamaica, Antigua, and St Lucia with public health center as the unit of randomization.&quot;</p><p>1.3: N. Note: Quote: &quot;There were no significant differences between groups in enrollment characteristics&quot;</p>",High risk,"<p>2.1a: NI; 2.1b: PY; 2.2: PY. Note: No information provided on wheter participants knew that they were in a trial, due to the nature of the intervention they (as those delivering the intervention) were most likely aware of intervention allocation. </p><p>2.3: PY. Note: Quote: &quot;Clinics were often noisy and crowded, and some mothers would have had<br/>difficulty hearing and seeing the films. It also made it difficult for the health workers to interact<br/>with the mothers during the<br/>demonstration.&quot;</p><p>2.4: NA.</p><p>2.5: NA.</p><p>2.6: Y. Quote: &quot;Analyses were by intention to treat&quot;</p><p>2.7: NA.</p>",Low risk,<p>3.1a: NI. No information on wheter data was available for all clusters. <br/>3.1b: PY.</p><p>3.2: PY. Quote: &quot;Loss did not differ by group (16% of children were lost to follow-up in the control and 14% were lost to follow-up in the intevrention)&quot;</p><p>3.3: NA.</p><p>3.4: NA.</p>,Some concerns,"<p>4.1: N. Note: The selected outcome measure (center for Epidemiologic Studies-depression Scale) is widely validated and established. </p><p>4.2: PN. Note: No evidence to suggest differences in measurements between intevrention and control.</p><p>4.3a: PY; 4.3b: PY. Note: Interviewers and testers were blind to center assignment but participants (mothers) probably knew that they were in a trial and participants were most likely aware of the group allocation due to the nature of the intervention. Self-assessment scale. </p><p>4.4: PY; 4.5: PN. Note: Knowledge of the assigned intervention could influence participant-reported outcome, but there is no reason to believe that it did</p>",Low risk,"<p>5.1: PY. Note: no evidence to suggest otherwise, methods and results do not show discrepancies. </p><p>5.2: PN. Note: No evidence to suggest outcome selection. All outcomes mentioned in the methods are reported.</p><p>5.3: PN. Note: No evidence to suggest analyses selection. All analyses mentioned in the methods were reported. </p>",High risk,<p>The study is judged to be at high risk of bias<b> </b>in one domain (2).</p>
9,1,Depressive symptoms at 0-1 months—indicated prevention adults,Community workers,SUBGROUP_AND_OVERALL,Ferreira-Vorkapic 2018,2018,0.0,0.0,9.8,8.44,0,20,11.2,10.48,0,20,0.0,0.0,3.507647,-0.144215,-0.764904,0.476473,Beck’s Depression Inventory (BDI),Low risk,"<p>1.1: Y; 1.2: Y. Quote: &quot;(...) volunteers were randomly allocated to one of the three experimental groups. A separate examiner coordinated the group distribution (and all statistical analysis was performed by an expert from another<br/>state), using the random allocation method.&quot;</p><p>1.3: N. Quote: &quot;the baseline data showing no significant differences between the groups, except for education years, where the relaxation group showed a higher<br/>level of education&quot;</p>",Some concerns,<p>2.1: PY; 2.2: PY. Note: Due to the nature of the intervention participants and personnel were most likely aware of their assigned intervention </p><p>2.3: PN. Note: No evidence to suggest issues to implement intervention</p><p>2.4: NA.</p><p>2.5: NA. </p><p>2.6: NI. Note: No explicit mention of the analysis used to estimate the effect of assignment to intervention</p><p>2.7: NA. Note: There was not a substantial impact of the failure to analyse participants in the group to which they were randomized</p>,Low risk,<p>3.1: Y. Note: Drop-out: 0</p><p>3.2: NA.</p><p>3.3: NA.</p><p>3.4: NA.</p>,Some concerns,"<p>4.1: N. Note: The selected outcome method (BAI) is widely validated and established across multiple languages.ility in the study (0.9)</p><p>4.2: PN. Note: No evidence to suggest differences in measurement between intervention and control.</p><p>4.3: PY. Note: Outcome assessors (participants) were most likely aware of intervention allocation. </p><p>4.4: PY; 4.5: PN. Note: Knowledge of the assigned intervention could influence participant-reported outcomes, but there is no reason to believe that it did.</p>",Low risk,"<p>5.1: PY. Note: No evidence to suggest otherwise, methods and results do not show discrepancies. </p><p>5.2: PN. Note: No evidence to suggest outcome selection. All outcomes mentioned in the methods and results were reported. </p><p>5.3: PN. Note: No evidence to suggest analyses selection. All analyses mentioned in the methods were reported. </p>",Some concerns,"<p>The study is judged to raise some concerns in two domains (2 and 4), but not to be at high risk of bias for any domain.</p>"
9,1,Depressive symptoms at 0-1 months—indicated prevention adults,Community workers,SUBGROUP_AND_OVERALL,Hinton 2021,2018,0.0,0.0,0.9,1.0,0,19,2.9,2.8,0,20,0.0,0.0,3.183928,-0.922295,-1.586265,-0.258325,Patient Health Questionnaire 4 (PHQ-4) ,Low risk,"<p>1a.1: PY. 1a.2: Y. Quote: &quot;Randomizationwas at the level of clusters, defined as geographic areas (ie, communes) served by commune health stations which have a population<br/>range of ≈5000-15,000 people. Randomization was conducted<br/>by one of the study investigators residing in the United States through<br/>the flip of a coin.&quot;</p><p>1a.3: NI. No useful information is reported to evaluate this element</p><p>1b.1: N. Note: particpants were recruited after randomization; </p><p>1b.2: PN. Note: there is no evidence to suggest that selection of individual participants was affected by knoweldge of the intervention assigned to the cluster; </p><p>1b.3:N. Note: no significant differences at baseline were identified. </p>",Low risk,"<p>2.1a: NI; 2.1b: PY; 2.2: Y. Note: No information provided on whether participants knew that they were in a trial, due to the nature of the intervention they (as those delivering the intervention) were most likely aware of intervention allocation.</p><p>2.3: PN. Note: No evidence to suggest deviations from the intended intervention that arose because of the trial context </p><p>2.4: NA.</p><p>2.5: NA.</p><p>2.6: Y. Note: Data was analysed on an intention-to-treat basis.</p><p>2.7: NA.</p>",Low risk,<p>3.1a PY. Note: no evidence to suggest failure in analyzing any clyster; </p><p>3.1b: PY. Note: data was avaiable for 85% of participants at follow-up.</p><p>3.2: NA.</p><p>3.3: NA; 3.4: NA.</p>,Some concerns,"<p>4.1: PN.  The outcome measure (CES-D) is widely established and used across contexts. </p><p>4.2: PN. Note: no evidence to suggest that. </p><p>4.3a: NI; 4.3b: PY. Note: No information provided on whether participants knew that they were in a trial, participants were most likely aware of the group allocation due to the nature of the intervention. </p><p>4.4: PY; 4.5: PN. Note: Knowledge of the assigned interventio could influence participant-reported outcomes, but there is no reason to believe that it did.</p>",Low risk,"<p>5.1: Y. Note: A pre-determined statistical plan is avaiable and in line with procedures reported in the final manuscript</p><p>5.2: PN. Note:No evidence to suggest outcome selection. All outcomes mentioned in the protocol, methods and results were reported.</p><p>5.3: PN. Note: No evidence to suggest analyses selection. All analyses mentioned in the protocol, methods and results were reported.</p>",Some concerns,"<p>The study is judged to raise some concerns in one domain (4), but not to be at high risk of bias for any domain.</p>"
9,1,Depressive symptoms at 0-1 months—indicated prevention adults,Community workers,SUBGROUP_AND_OVERALL,Lachman 2017,2017,0.0,0.0,9.93,10.02,0,34,8.77,8.59,0,34,0.0,0.0,4.943402,0.12288,-0.352957,0.598717,Beck Depression Inventory (BDI-II),Low risk,"<p>1.1: Y; 1.2:Y. Quote: &quot;An external researcher not directly involved in the study conducted the randomization procedures remotely in Oxford, United<br/>Kingdom. Participants were randomly assigned on a 1:1 ratio to an intervention or wait-list control group after baseline data collection<br/>using a concealed computerized program, SealedEnvelope™.&quot;; &quot;Our implementing partner, Clowns Without Borders South Africa, notified participants of their<br/>allocation status via telephone.&quot;</p><p>1.3:PN.</p>",Low risk,"<p>2.1:Y; 2.2:Y. Quote: &quot;Although program implementers and participants were aware of their allocation status, researchers<br/>conducting self-report interviews and observational assessments were blind to allocation.&quot;</p><p>2.3: PN. Note: No evidence to suggest issues to implement intervention</p><p>2.4:NA.</p><p>2.5:NA.</p><p>2.6:Y. Quote: &quot;Data analyses were conducted with an intention-to-treat design&quot;</p><p>2.7:NA.</p>",Low risk,<p>3.1:Y. Note: 3 out of the 68 participants randomized were lost at follow-up (2.9%).</p><p>3.2:NA.</p><p>3.3:NA.</p><p>3.4:NA.</p>,Some concerns,"<p>4.1:PN. Note: The selected outcome method is widely validated and established, appropriate for the local context, and assessed in its psychometric properties for this sample. </p><p>4.2:PN. Note: No evidence to suggest differences in measurement between intervention and control. </p><p>4.3:Y. Note: Outcome assessors (participants) were most likely aware of intervention allocation. The research assistants administering the questionnaires were blinded.</p><p>4.4: PY; 4.5:PN. Note: Knowledge of the assigned intervention could influence participant-reported outcomes, but there is no reason to believe that it did</p>",Some concerns,"<p>5.1:PY. Note: No evidence to suggest otherwise, the protocol and manuscript do not show discrepancies. </p><p>5.2: PY. Note: A few of the secondary outcomes mentioned in the protocol (e.g. ASSIST, Grover-Counter Scale of Cognitive Development) were not reported in this manuscript. </p><p>5.3: PN. Note: No evidence to suggest analyses selection. All analyses mentioned in the protocol and methods were reported in the results. </p>",Some concerns,"<p>The study is judged to raise some concerns in two domains (4 and 5), but not to be at high risk of bias for any domain.</p>"
9,1,Depressive symptoms at 0-1 months—indicated prevention adults,Community workers,SUBGROUP_AND_OVERALL,Lachman 2020,2020,0.0,0.0,11.88,9.13,0,29,14.0,11.15,0,24,0.0,0.0,4.208311,-0.20698,-0.749384,0.335424,Center for Epidemiologic Studies Depression Scale (CES-D),Low risk,"<p>1a.1: Y; 1a.2: Y. Quote: &quot;Cluster randomisation was conducted at village level prior to baseline assessments, to reduce the likelihood of contamination between arms. An external researcher used concealed computer-generated codes to randomly allocate eight villages into three treatment arms and a control arm &quot;; &quot;The implementing partner notified the participating families of their allocation status after baseline data collection.&quot;</p><p>1a.3: NI. No useful information is reported to evaluate this element.</p><p>1b.1: PN. Note: randomization was conducted prior to the recruitment of participants</p><p>1b.2: PN. Note: groups were comparable at baseline, see Table 1. </p>",Low risk,"<p>2.1a: NI; 2.1b: PY; 2.2: PY. Note: No information provided on whether participants knew that they were in a trial, due to the nature of the intervention they (as those delivering the intervention) were aware of intervention allocation. </p><p>2.3: PN. Note: No evidence to indicate deviations from protocol.</p><p>2.4: NA.</p><p>2.5: NA.</p><p>2.6: Y. Note: Data was analysed on an intention-to-treat basis.</p><p>2.7: NA.</p>",Low risk,"<p>3.1a.: Y. Note: all included clusters were analyzed; 3.1b: PY. Note: data were available for nearly all participants within the cluster. Quote:&quot;Study retention was considerably higher than anticipated with 94.8% adults (n=235/248), 87.5% children (n=154/176) and 87.8% in their early childhood (n=122/139) assessments completed at post-treatment, with no differences between arms &quot;</p><p>3.2: NA.</p><p>3.3: NA.</p><p>3.4: NA.</p>",Some concerns,"<p>4.1: PN. Note: The outcome measure is widely established and validated for use across different contexts.</p><p>4.2: PN. Note: No evidence to suggest differences in measurement between intervention and control.</p><p>4.3a: NI; 4.3b: PY. Note: No information provided on whether participants knew that they were in a trial, participants (outcome assessors) were most likely aware of the group allocation due to the nature of the intervention.</p><p>4.4: PY; 4.5: PN. Note: Knowledge of the assigned intervention could influence participant-reported outcomes, but there is no reason to believe that it did.</p>",Low risk,"<p>5.1: PY. Note: No evidence to suggest otherwise, methods and results do not show discrepancies.</p><p>5.2: PN. Note: No evidence to suggest outcomes selection. All outcomes mentioned in the methods and results were reported. </p><p>5.3: PN. Note: No evidence to suggest analyses selection. All outcomes mentioned in the methods and results were reported. </p>",Some concerns,"<p>The study is judged to raise some concerns in one domain (4), but not to be at high risk of bias for any domain.</p>"
9,1,Depressive symptoms at 0-1 months—indicated prevention adults,Community workers,SUBGROUP_AND_OVERALL,Luoto 2020,2020,0.0,0.0,14.41,8.67,0,181,14.74,9.28,0,184,0.0,0.0,9.415729,-0.036661,-0.241864,0.168541,Center for Epidemiologic Studies Depression Scale (CES-D),Low risk,"<p>1a.1: PY; 1a.2: PY. Quote: &quot;Using a random<br/>number generator in Stata, two authors (JEL and ILG) randomly assigned villages in a 1:1:1 ratio to one of three study groups, stratified by sub-county&quot;</p><p>1a.3: NI.  No useful information is reported to evaluate this element.</p><p>1b.1: Y. Note: from protocol it is clear that recruitment of both adults and children as well as baseline assessments, took place before randomization to study arms </p>",Low risk,"<p>2.1 a: NI; 2.1b:PY; 2.2: PY. Note: No information provided on whether participants knew that they were in a trial, due to the nature of the intervention they (as those delivering the intervention) were most likely aware of intervention allocation. Quote: &quot;Due to the nature of the intervention, masking of<br/>participants and community health volunteers who<br/>delivered the intervention was not possible&quot;</p><p>2.3: PN. Note: No evidence to suggest deviations from the intended intervention that arose because of the trial context.</p><p>2.4: NA.</p><p>2.5: NA.</p><p>2.6: Y. Note: Data was analysed on an intention-to-treat basis.</p><p>2.7: NA.</p>",Low risk,<p>3.1a PY. Note: all 60 clusters that recruited participants were analyzed; </p><p>3.1b: PY. Note: 92 participants out of 1152 were lost at followup (8%).</p><p>3.2: NA.</p><p>3.3: NA; 3.4: NA.</p>,Some concerns,"<p>4.1: PN.  The outcome measure (CES-D) is widely established and used across contexts. </p><p>4.2: PN. Note: No evidence to suggest that measurement or ascertainment of the outcome  differed between intervention groups.</p><p>4.3a: NI; 4.3b: PY. Note: No information provided on whether participants knew that they were in a trial, participants (outcome assessors) were most likely aware of the group allocation due to the nature of the intervention. Efforts were made to keep the data collection teams as masked to group status as possible. </p><p>4.4: PY; 4.5: PN. Note: Knowledge of the assigned interventio could influence participant-reported outcomes, but there is no reason to believe that it did.</p>",Low risk,"<p>5.1: PY. Note:No evidence to suggest otherwise, protocol and paper do not show discrepancies.</p><p>5.2: PN. Note:No evidence to suggest outcome selection. All outcomes mentioned in the protocol, methods and results were reported.</p><p>5.3: PN. Note: No evidence to suggest analyses selection. All analyses mentioned in the protocol, methods and results were reported.</p>",Some concerns,"<p>The study is judged to raise some concerns in one domain (4), but not to be at high risk of bias for any domain.</p>"
9,1,Depressive symptoms at 0-1 months—indicated prevention adults,Community workers,SUBGROUP_AND_OVERALL,Rodriguez 2021,2021,0.0,0.0,6.78,4.2,0,27,7.42,5.4,0,27,0.0,0.0,4.29305,-0.130386,-0.664432,0.403659,Patient Health Questionnaire 9 (PHQ-9),Low risk,"<p>1.1: Y. Note: Title mentions RCT design. Quote: &quot;Students who completed the web-based baseline assessment measures were randomly assigned to a brief, 4-week internet-based mindfulness intervention (MIND), or to the intervention plus peer counselor support (MIND+).&quot; </p><p>1.2: Y. Quote: &quot;The randomization sequence was sourced through random.org [49], an automated, web-based randomization service that generates randomness using atmospheric noise. Using random.org, two 25-person blocks were used to randomize the participants into 2 equally-sized groups.&quot;</p><p>1.3: PN. Note: No significant differences at baseline.</p>",Some concerns,"<p>2.1: PY; 2.2: PY. Note: Due to the nature of the intervention, participants and the interventionists were most likely aware of the allocation.</p><p>2.3: PN. Note: No evidence to suggest issues to implement intervention. </p><p>2.4: NA</p><p>2.5: NA</p><p>2.6: NI. Note: No explicit mention of the analysis used to estimate the effect of assignment to intervention. </p><p>2.7: N. Note: There was not a substantial impact of the failure to analyze participants in the group to which they were randomized. </p>",High risk,<p>3.1: PN. Note: Drop-out: 31 of 54. </p><p>3.2: PN. Note: Proportions of lost to follow-up between control and intervention are not comparable (n= 20 and n= 11).</p><p>3.3: NI; 3.4: NI. Note: No information about documented reasons that withdrawal are related to the outcome.</p>,Some concerns,"<p>4.1: N. Note: The selected outcome method (PHQ-9) is widely validated and established. </p><p>4.2: PN. Note: No evidence to suggest differences in measurement between intervention and control.</p><p>4.3: PY. Note: Outcome assessors (participants) were most likely aware of intervention allocation.</p><p>4.4: PY; 4.5: PN. Note: Knowledge of the assigned intervention could influence participant-reported outcomes, but there is no reason to believe that it did.</p>",Low risk,"<p>5.1: PY. Note: No evidence to suggest otherwise, methods and results do not show discrepancies.</p><p>5.2: PN. Note: No evidence to suggest outcome selection.</p><p>5.3: PN. Note: No evidence to suggest analyses selection. </p>",High risk,<p>The study is judged to be at high risk of bias<b> </b>in one domain (3).</p>
9,1,Depressive symptoms at 0-1 months—indicated prevention adults,Community workers,SUBGROUP_AND_OVERALL,Sangraula 2020,2020,0.0,0.0,6.2,3.7,0,7,9.3,4.3,0,7,0.0,0.0,1.41138,-0.7235,-1.817804,0.370804,Patient Health Questionnaire 9 (PHQ-9),Low risk,"<p>1a.1: PY. 1a.2: PY. Quote: &quot;A randomization procedure was used, in which names of the two VDCs were written on cards and placed into a hat. The District Public Health Officer (DPHO) was to draw one card from the hat which would be allocated as the intervention arm VDC and the VDC in the remaining card would be allocated to the control arm. Program staff, including community psychosocial workers (CPSWs) and research assistants (RAs) were only assigned to either VDC after the random drawing to reduce risk of unblinding. </p><p>1a.3: PN.  There is no evidencde to suggest problems in the randomization process</p><p>1b.1: PN. it appears the randomization was conducted prior to the recruitment of participants.</p><p>1b.2: PN. It is unlikely that the selection of inidividual participants was affected by knowledge of the intervention assigned to the cluster. </p><p>1b.3: PN. there is no evidence to indicate imbalances in baseline values to indicate differentail identification or recruitment of individual participants. </p>",Low risk,"<p>2.1 a:NI. 2.1b: PN. 2.2: PN. Quote: &quot;CPSWs, RAs, trial participants, and local mhGAP trained health workers were blinded to the allocation of the study conditions. The VDCs of the two arms were separated by another VDC which worked as a buffer and physical barrier against contamination between the two arms. CPSWs in both arms were instructed not to disclose the treatment that any participants received except with their clinical supervisors. The trial statistician was blinded to treatment arm during analysis. &quot;</p><p>2.3: NA.</p><p>2.4: NA.</p><p>2.5: NA. </p><p>2.6: PY. Data was analysed for most participants randomized.</p>",Low risk,<p>3.1a: Y. all included clusters were analyzed; </p><p>3.1b: PY. data were available for nearly all participants within the cluster</p><p>3.2: NA.</p><p>3.3: NA.</p><p>3.4: NA.</p>,Low risk,"<p>4.1: PN. The outcome measure (PHQ-9) is widely established and used across contexts, included the one of the trial</p><p>4.2: PN. No evidence to suggest that measurement or ascertainment of the outcome differed between intervention groups.</p><p>4.3a:NI. 4.3b: PN.  No information provided on whether participants knew that they were in a trial, participants (outcome assessors) were blinded</p>",Low risk,"<p>5.1: PY. No evidence to suggest otherwise, protocol and paper do not show discrepancies.</p><p>5.2: PN. No evidence to suggest outcome selection. All outcomes mentioned in the protocol, methods and results were reported.</p><p>5.3: PN. No evidence to suggest analyses selection. All analyses mentioned in the protocol, methods and results were reported.</p>",Low risk,<p>The study is judged to be at low risk of bias for all domains.</p>
9,1,Depressive symptoms at 0-1 months—indicated prevention adults,Community workers,SUBGROUP_AND_OVERALL,Ward 2020,2020,0.0,0.0,8.75,8.44,0,148,10.9,10.48,0,128,0.0,0.0,8.801268,-0.227118,-0.46446,0.010224,Beck’s Depression Inventory (BDI),Low risk,<p>1.1: PY; 1.2: PY.  Quote: &quot;Randomization was conducted after data collection by an off-site statistician with no other contact with the trial&quot;.&quot;</p><p>1.3: PN. Baseline characteristics were overall comparable across groups as demonstrated by Table 1.</p>,High risk,"<p>2.1: PY; 2.2: PY.  Due to the nature of the intervention participants and personnel were moslt likely aware of their assigned intervention.</p><p>2.3: PY. There is some evidence to suggest possible contamination between the intervention and control group. Quote: &quot;In addition, in the dense living environments of informal settlements, it is possible that there was contamination between intervention and control groups.&quot;</p><p>2.4: PY. Contamination could have affected the outcomes.</p><p>2.5: PY. Contamination is more liekly to affect the participants in the control group.</p><p>2.6: PY. No explicit mention of the analysis used to estimate the effect of assignment to intervention, but data was analyzed for almost all randomized participants. Quote: &quot;For caregiver self-report, the follow-up rate was 97.0% at t1 and 91.9% at t&quot;. </p><p>2.7: NA.</p>",Low risk,"<p>3.1: PY.  Data was availalble for almost all randomized participants. Quote: &quot;For caregiver self-report, the follow-up rate was 97.0% at t1 and 91.9% at t&quot;</p><p>3.2: NA. </p><p>3.3: NA.</p><p>3.4: NA.</p>",Some concerns,"<p>4.1: PN. The selected outcome method is widely validated and established across contexts and demonstrated good psychometric properties in the study</p><p>4.2: PN. Note: No evidence to suggest differences in measurement between intervention and control. </p><p>4.3: PY. Outcome assessors (participants) were most likely aware of intervention allocation. </p><p>4.4: PY. Knowledge of the assigned intervention could influence participant-reported outcomes, but there is no reason to believe that it did</p><p>4.5: PN.</p>",Low risk,"<p>5.1: PY.  No evidence to suggest otherwise, methods and results do not show discrepancies.. </p><p>5.2: PN. No evidence to suggest outcome selection.. </p><p>5.3: PN. No evidence to suggest analyses selection. All analyses mentioned in the methods were reported.. </p>",High risk,<p>The study is judged to be at high risk of bias<b> </b>in one domain (2).</p>
9,1,Depressive symptoms at 0-1 months—indicated prevention adults,Community workers,SUBGROUP_AND_OVERALL,Yeomans 2010,2010,0.0,0.0,1.76,0.62,0,38,1.83,0.67,0,38,0.0,0.0,5.268318,-0.107343,-0.557331,0.342645,Depression Subscale of the Hopkins Symptom Checklist-25 (HSCL),Low risk,"<p>1.1: Y; 1.2: NI.Note: Title mentions RCT design. No further information.  </p><p>1.3: N. Quote: &quot;There  were no significant baseline differences between the three treatment groups across age, gender, ethnicity, symptoms, education level, traumatic events experienced, or on prior exposure to trauma discourse&quot;</p>",Some concerns,"<p>2.1: Y; 2.2: PY. Quote: &quot;Participants (...) were informed of random allocation procedures&quot;. Due to the nature of the intervention, the interventionists were most likely aware of the allocation. </p><p>2.3: PN. Note: No evidence to suggest issues to implement intervention</p><p>2.4: NA.</p><p>2.5: NA. </p><p>2.6: NI. Note: No explicit mention of the analysis used to estimate the effect of assignment to intervention</p><p>2.7: NA. Note: There was not a substantial impact of the failure to analyse participants in the group to which they were randomized</p>",Low risk,<p>3.1: Y. Note:  Lost to follow-up: 7 of 120</p><p>3.2: NA.</p><p>3.3: NA.</p><p>3.4: NA.</p>,Some concerns,"<p>4.1: N. Note: The selected outcome method (HSCL-25) is widely validated and established across multiple languages.</p><p>4.2: PN. Note: No evidence to suggest differences in measurement between intervention and control.</p><p>4.3: PY. Note: Outcome assessors (participants) were most likely aware of intervention allocation. </p><p>4.4: PY; 4.5: PN. Note: Knowledge of the assigned intervention could influence participant-reported outcomes, but there is no reason to believe that it did.</p>",Low risk,"<p>5.1: PY. Note: No evidence to suggest otherwise, methods and results do not show discrepancies. </p><p>5.2: PN. Note: No evidence to suggest outcome selection. All outcomes mentioned in the methods and results were reported. </p><p>5.3: PN. Note: No evidence to suggest analyses selection. All analyses mentioned in the methods were reported. </p>",Some concerns,"<p>The study is judged to raise some concerns in two domains (2 and 4), but not to be at high risk of bias for any domain.</p>"
9,2,Depressive symptoms at 1-6 months—indicated prevention adults,Community workers,SUBGROUP_AND_OVERALL,Acarturk 2022,2022,0.0,0.0,4.928,5.048,0,262,6.694,6.694,0,262,0.0,0.0,10.445967,-0.29746,-0.469654,-0.125265,Patient Health Questionnaire 9 (PHQ-9),Low risk,"<p>1.1: Y. Quote: &quot;Participants were randomly assigned either to the Self-Help Plus arm or to ECAU only, in a 1:1 ratio.&quot; 1.2: Y. Quote &quot;The randomization schedule was generated by Castor Electronic Data Capture (EDC). (..)  Research team members involved in<br/>recruitment were able to access the web-based software to randomize each newly enrolled participant, but were not able to access the randomization list, and were not aware of the block size.&quot;</p><p>1.3: N. Note: No significant differences at baseline. </p>",Low risk,<p>2.1: PY; 2.2: PY. Note: Due to the nature of the intervention participants and the interventionists were most likely aware of the allocation.</p><p>2.3: PN. Note: No evidence to suggest issues to implement intervention.</p><p>2.4: NA.</p><p>2.5: NA.</p><p>2.6: Y. Quote: &quot;We followed an intent-to-treat approach for analysis of primary and secondary outcomes&quot;</p><p>2.7: NA.</p>,Low risk,<p>3.1: PY. Quote: &quot; The distribution of participants lost to follow-up was similar between the study groups (15.53% vs. 14.06%)&quot;</p><p>3.2: NA.</p><p>3.3: NA.</p><p>3.4: NA.</p>,Some concerns,"<p>4.1: N. Note: The selected outcome method (PHQ-9) is widely validated and established.</p><p>4.2: PN. Note: No evidence to suggest differences in measurement between intervention and control. </p><p>4.3: PY. Note: Outcome assessors (participants) were most likely aware of intervention allocation. </p><p>4.4: PY; 4.5: PN. Note: Knowledge of the assigned intervention could influence participant-reported outcomes, but there is no reason to believe that it did.</p>",Low risk,"<p>5.1: PY. Note: no evidence to suggest otherwise, methods and results do not show discrepancies. </p><p>5.2: PN. Note: No evidence to suggest outcome selection. All outcomes mentioned in the methods are reported.</p><p>5.3: PN. Note: No evidence to suggest analyses selection. All analyses mentioned in the methods were reported. </p>",Some concerns,"<p>The study is judged to raise some concerns in one domain (4), but not to be at high risk of bias for any domain.</p>"
9,2,Depressive symptoms at 1-6 months—indicated prevention adults,Community workers,SUBGROUP_AND_OVERALL,Cooper 2009,2009,0.0,0.0,2.78,4.54,0,170,3.91,5.8,0,184,0.0,0.0,10.18783,-0.215475,-0.424589,-0.00636,Patient Health Questionnaire 9 (PHQ-9),Low risk,"<p>1.1: PY; 1.2: PY.  Quote:&quot;minimization was conducted to the trial manager who then communicated the group assignment&quot;</p><p>1.3: PN.  Quote: &quot;The randomisation process resulted in<br/>closely equivalent groups in terms of demographic<br/>variables.&quot;; p-values are not reported in table 1, however values are very much comparable</p>",Some concerns,<p>2.1: PY; 2.2: PY.  Note: Due to the nature of the intervention participants and the interventionists were most likely aware of the intervention. </p><p>2.3: PN. Note: No evidence to suggest issues to implement intervention</p><p>2.4: NA.</p><p>2.5: NA.</p><p>2.6: NI.  Note: No specification given on the analysis approach </p><p>2.7: PN.</p><p> </p>,Low risk,"<p>3.1: PY. Note: At 12 months, data is avaiable for 170 participants in intervention and 184 in control, from the 449 radomized individuals 95 were lost at this follow-up (21%) </p><p>3.2: NA.</p><p>3.3: NA.</p><p>3.4: NA.</p>",Some concerns,"<p>4.1: N. Note: &quot;We<br/>also obtained a continuous measure of depressive<br/>symptoms by incorporating the 10 items from the<br/>Edinburgh postnatal depression scale, each scored<br/>0-3, into the structured clinical interview for DSM-IV.&quot;; The EPDS is a well validated and widely adapted measure for the assesment of maternal depression</p><p>4.2: PN. Note: No evidence to suggest differences in measurament between intervention and control; &quot;Mothers and infants in the intervention and controls<br/>groups visited the research unit on an equal number<br/>of occasions and for equivalent lengths of time, and<br/>their experience of the assessment procedures, including<br/>the video recording, was similarly equivalent.&quot;</p><p>4.3: PY. Note: Outcome assessors (that given the RoB guidelines are the participants) were most likely aware of intervention allocation. Researchers involved in data collection were blinded to group allocation.</p><p>4.4: PY.  Note: Knowledge of intervention could influence participant-reported outcomes</p><p>4.5: PN.</p>",Some concerns,"<p>5.1: PY.  Note: No evidence to suggest otherwise, methods and results vs. protocol do not show discrepancies</p><p>5.2: PN.  Note: No evidence to suggest outcome selection. All outcomes mentioned in the methods and protocol were reported. </p><p>5.3: PN. Note: No evidence to suggest selection of analyses.</p>",Some concerns,"<p>The study is judged to raise some concerns in three domains (2, 4, 5), but not to be at high risk of bias for any domain.</p>"
9,2,Depressive symptoms at 1-6 months—indicated prevention adults,Community workers,SUBGROUP_AND_OVERALL,Eloff 2014,2014,0.0,0.0,12.07,11.67,0,161,13.77,11.05,0,169,0.0,0.0,10.134589,-0.149349,-0.365502,0.066803,Center for Epidemiologic Studies Depression Scale (CES-D),Low risk,<p>1.1: Y; 1.2: PY. Quote: &quot;mother-child pairs were randomized to either the intervention or standard conditions using a block randomization process and table of random numbers with 30 subkects in each block&quot;.</p><p>1.3: N. Note: Not significant differences at baseline.</p>,Some concerns,<p>2.1: PY; 2.2: PY. Note: Due to the nature of the intervention participants were most likely aware of their assigned intervention.</p><p>2.3: NI. Note: No information provided. </p><p>2.4: NA.</p><p>2.5: NA.</p><p>2.6: NI. Note: no information provided.</p><p>2.7: PN. Note: There is no reason to believe it.</p>,Low risk,<p>3.1: PY. Note: 28 of 160 mothers and 10 of 152 children drop-out in experimental group. 5 of 161 mothers and 17 of 151 children drop-out from usual care. </p><p>3.2: NA.</p><p>3.3: NA.</p><p>3.4: NA.</p>,Some concerns,"<p>4.1: N. Note: The selected outcome method is widely validated and established.</p><p>4.2: N. Note: No evidence to suggest differences in measurement between intervention and control. </p><p>4.3: PY. Note: No information provided.  </p><p>4.4: PY; 4.5: PN. Note: Knowledge of the assigned intervention could influence participant-reported outcomes, but there is no reason to believe that it did.</p>",Low risk,"<p>5.1: PY. Note: no protocol available. No evidence to suggest otherwise, methods and results do not show discrepancies. </p><p>5.2: PN. Note: No evidence to suggest outcome selection. All outcomes mentioned in the methods and results were reported. </p><p>5.3: PN. Note: No evidence to suggest analyses selection. All analyses mentioned in the methods  and results were reported. </p>",Some concerns,"<p>The study is judged to raise some concerns in two domains (2 and 4), but not to be at high risk of bias for any domain.</p>"
9,2,Depressive symptoms at 1-6 months—indicated prevention adults,Community workers,SUBGROUP_AND_OVERALL,Rong 2021a,2021,0.0,0.0,7.16,3.16,0,32,8.03,4.08,0,32,0.0,0.0,7.558912,-0.235519,-0.727316,0.256279,Edinburgh Postnatal Depression Scale (EPDS),Low risk,"<p>1.1: PY; 1.2.PY. Quote: &quot;All participants were numbered and randomly assigned by a member of the yoga exercise research team using a random number table, and the information about numbering was placed in a sealed envelope beforehand.&quot;</p><p>1.3: PN. Note: Baseline characteristics were overall comparable across groups, as demonstrated by Table 2.</p>",Low risk,"<p>2.1:PY; 2.2: PY. Note: Due to the nature of the intervention, participants and personnel were most likely aware of their assigned intervention. </p><p>2.3: PN. Note: No evidence to suggest issues in recruitment and engagement, nor failures to implement intervention allowed by the protocol.</p><p>2.4: NA</p><p>2.5: NA</p><p>2.6: Y. Note: The data were analyzed on an intention-to-treat basis.</p><p>2.7: NA</p>",Low risk,"<p>3.1: PY: Note: Data was available for almost all randomized participants (7 out of 64 were lost at follow-up, 115).</p><p>3.2: NA</p><p>3.3: NA</p><p>3.4: NA</p>",Some concerns,"<p>4.1: PN. Note: The selected outcome method is widely validated and established and demonstrated good psychometric properties in the study. </p><p>4.2: PN. Note: No evidence to suggest differences in measurement between intervention and control.</p><p>4.3: PY. Note: Outcome assessors (participants) were most likely aware of intervention allocation.</p><p>4.4: PY; 4.5: PN. Note: Knowledge of the assigned intervention could influence participant-reported outcomes, but there is no reason to believe that it did.</p>",Low risk,"<p>5.1: PY. Note: No evidence to suggest otherwise, methods and results do not show discrepancies.</p><p>5.2: PN. No evidence to suggest outcome selection.</p><p>5.3: PN. No evidence to suggest analyses selection. All analyses mentioned in the methods were reported.</p>",Some concerns,"<p>The study is judged to raise some concerns in one domain (4), but not to be at high risk of bias for any domain.</p>"
9,2,Depressive symptoms at 1-6 months—indicated prevention adults,Community workers,SUBGROUP_AND_OVERALL,Singla 2015,2015,0.0,0.0,15.36,12.51,0,105,18.61,10.44,0,86,0.0,0.0,9.54574,-0.278465,-0.564908,0.007978,Center for Epidemiologic Studies Depression Scale (CES-D),Low risk,"<p>1a.1: Y; 1a.2: PY. Note: Randomization was done using computer-generated random numbers by authors not involved in the direct implementation of the intervention </p><p>1a.3: NI. Note: No useful information is reported to evaluate this element</p><p>1b.1: N: particpants were recruited after randomization; </p><p>1b.2: PN- there is no evidence to suggest that selection of individual participants was affected by knoweldge of the intervention assigned to the cluster;</p><p>1b.3:PN - groups were comparable at baseline, observed differences are compatible with chance in a cluster design. </p>",Low risk,<p>2.1a: NI. No information provided on whether participants for which we are analysing the outcome (parents)  knew that they were in a trial. 2.1b: PY; 2.2: PY. Quote: &quot;participants (mothers) and implementers were aware of the programme&quot;</p><p>2.3: PN. Note: No evidence to suggest deviations from the intended intervention that arose because of the trial context </p><p>2.4: NA.</p><p>2.5: NA.</p><p>2.6: Y. Note: Data was analysed on an intention-to-treat basis.</p><p>2.7: NA. </p>,Some concerns,"<p>3.1a PN: data was not avaiable for one cluster out of 12. Quote. &quot;(15 participants) was removed from the intervention<br/>group because the community volunteer only implemented three sessions before leaving his community&quot; ; </p><p>3.1b PY: data were avaiable for almost all randomized participants. Quote: &quot;At endline, our final sample included 291 (84%) mother–child dyads&quot;</p><p>3.2: PN. Note: No evidence that the result was not biased by missing data</p><p>3.3: PY; 3.4: PN. Note: Reasonons for missingness reported indicate that it could depend on its true value, but it is unlikely that it does. The cluster was dropped because the community volounteer leaft the village before completing the intervention</p>",Some concerns,"<p>4.1: PN. Note: The outcome measure is widely established and validated for use across different contexts, included the one of the trial.</p><p>4.2: PN. Note: No evidence to suggest that.</p><p>4.3a: NI; 4.3b: PY. Note: No information provided on whether participants knew that they were in a trial, participants were most likely aware of the group allocation due to the nature of the intervention </p><p>4.4: PY, 4.5: PN. Note: Knowledge of the assigned intervention could influence participant-reported outcomes, but there is no reason to believe that it did.</p>",Low risk,"<p>5.1: PY. Note: No evidence to suggest otherwise, protocol and final article not show discrepancies. </p><p>5.2: PN. Note: No evidence to suggest outcome selection. Further outcomes than those mentioned in the protocol were reported.</p><p>5.3: PN. Note: No evidence to suggest analyses selection. All analyses mentioned in the methods and results were reported.</p>",Some concerns,"<p>The study is judged to raise some concerns in two domains (3 and 4), but not to be at high risk of bias for any domain.</p>"
9,2,Depressive symptoms at 1-6 months—indicated prevention adults,Primary healthcare workers,SUBGROUP_AND_OVERALL,Chaharrahifard 2021,2021,0.0,0.0,8.33,4.7,0,27,14.16,5.51,0,25,0.0,0.0,6.652372,-1.124831,-1.713474,-0.536188,Edinburgh Postnatal Depression Scale (EPDS),Low risk,<p>1.1: Y. Note: Title mentions RCT design; Quote: &quot;the samples were randomly assigned to two groups of received counseling (intervention) and non-received counseling (control) by four-sized randomized blocks.&quot;</p><p>1.2: Y. Quote: &quot;The details of blocks were contained in asset of sealed.</p><p>1.3: N. Quote: &quot;There was not significant difference between the demographic characteristics in the control and intervention group.&quot;</p>,Some concerns,"<p>2.1: PY; 2.2: PY. Note: Due to the nature of the intervention, participants and the interventionists were most likely aware of the allocation.</p><p>2.3: PN. Note: No evidence to suggest issues to implement intervention.</p><p>2.4: NA</p><p>2.5: NA</p><p>2.6: NI. Note: No explicit mention of the analysis used to estimate the effect of assignment to intervention. </p><p>2.7: N. Note: There was not a substantial impact of the failure to analyse participants in the group to which they were randomized.</p>",Low risk,<p>3.1: PY. Note: Drop-out rate: 21%. </p><p>3.2: NA</p><p>3.3: NA</p><p>3.4: NA</p>,Some concerns,"<p>4.1: N. Note: The selected outcome method (EPDS) is widely validated and established.</p><p>4.2: PN. Note: No evidence to suggest differences in measurement between intervention and control.</p><p>4.3: PY. Note: Outcome assessors (participants) were most likely aware of intervention allocation.</p><p>4.4: PY; 4.5: PN. Note: Knowledge of the assigned intervention could influence participant-reported outcomes, but there is no reason to believe that it did.</p>",Low risk,"<p>5.1: PY. Note: No evidence to suggest otherwise, methods and results do not show discrepancies.</p><p>5.2: PN. Note: No evidence to suggest outcome selection. All outcomes mentioned in the methods and results were reported.</p><p>5.3: PN. Note: No evidence to suggest analyses selection. All outcomes mentioned in the methods and results were reported.</p>",Some concerns,"<p>The study is judged to raise some concerns in two domains (2 and 4), but not to be at high risk of bias for any domain.</p>"
9,2,Depressive symptoms at 1-6 months—indicated prevention adults,Primary healthcare workers,SUBGROUP_AND_OVERALL,Chew 2018,2018,0.0,0.0,6.3,4.2,0,43,6.0,5.0,0,49,0.0,0.0,8.365605,0.064062,-0.3456,0.473724,Edinburgh Postnatal Depression Scale (EPDS),Low risk,"<p>1a.1: Y; 1a.2: PY.  Note: Title mentions RCT design. <br/>Quote: &quot;In assigning the HCs to the VEMOFIT group (VG) or attention-control groups (AG), randomisation will be carried out after stratification by cluster size and geographical areas of the 10 HCs.&quot;</p><p>Quote: &quot;A member of the Data Management Services team at the University Medical center, Ultrecht will carry out the randomisation.&quot;</p><p>1.3: NI.  Note: No useful information is reported to evaluate this element</p><p>1b.1: PY. Seems that participants were recruited after randomization. </p>",Low risk,<p>2.1a: PY. 2.1b: PN. Quote: &quot;We use a modified informed consent procedure to ensure that patients are unware of the two different intervention programmes&quot;.<br/>2.2.: Y. Nurses were trained to deliver the intervention. </p><p>2.3: PN. Note: No evidence to suggest deviations from the intended intervention that arose because of the trial context.</p><p>2.4: NA.</p><p>2.5: NA.</p><p>2.6: Y. Note: The analysis was carried out on an intention to treat basis.</p><p>2.7: NA.</p>,Low risk,"<p>3.1a: PY. All 10 clusters that recruited participants were analyzed. <br/>3.1b: PN. 92 from intervention group (n = 145) and 79 from control group (n = 150) did not receive allocated intervention. In addition to the 33 people lost to follow up at 12 months, 5 additional missing data were noted with regard to PHQ-9.</p><p>3.2: PN. No evidence that the result was not biased by missing data.</p><p>3.3: PN; 3.4: NA. Note: Missingness in the outcome do not depend on its true value. </p>",Low risk,"<p>4.1: N. Note: The selected outcome method (Malay Brief Illness Perception Quetsionnaire, MBIPQ) is validated and established.</p><p>4.2: PN.  Note: No evidence to suggest differences in measurement between intervention and control</p><p>4.3a: PY.Outcome assessors (participants) were most likeley aware that a trial was taking a place.<br/>4.3b: PN. Quote: &quot;We use a modified informed consent procedure to ensure that patients are unware of the two different intervention programmes&quot;</p><p>4.4: NA.</p><p>4.5: NA.</p>",Low risk,<p>5.1: PY.  Note: Protocol is available. </p><p>5.2: PN.  Note: No evidence to suggest outcome selection. Almost all outcomes mentioned in the methods and protocol were reported (It is not reported &quot;heath-care utilization hospital&quot; that is a secondary outcome). </p><p>5.3: PN. Note: No evidence to suggest analyses selection. All outcomes mentioned in the methdis and protocol were reported. </p>,Low risk,<p>The study is judged to be at low risk of bias for all domains.</p>
9,2,Depressive symptoms at 1-6 months—indicated prevention adults,Primary healthcare workers,SUBGROUP_AND_OVERALL,Rajeswari 2020,2020,0.0,0.0,6.9,2.45,0,120,10.54,2.71,0,119,0.0,0.0,9.571374,-1.404899,-1.688486,-1.121313,Edinburgh Postnatal Depression Scale (EPDS),Some concerns,"<p>1.1: PY; 1.2: NI. Quote: &quot;The women were assigned using a lottery method to intervention and control groups, 125 in each group&quot;</p><p>1.3: PN. Quote: &quot;Majority were in the age group of 25–29 years (intervention group 60 [48%]; control group 57 [45.60%]).It was seen that 37 (29.60%) in the intervention group and 35 (28.0%) in the control group had high school education, 63 (50.40%) of the intervention group and 59 (47.20%) of the control group were residing in suburban area, 72 (57.60%) in the intervention group and 68 (54.40%) in the control group belonged to nuclear families.; &quot;No formal testing is reported</p>",Low risk,"<p>2.1: PY. 2.2: Y.  Note: Due to the nature of the intervention participants were most likely aware of the intervention. Research team members were aware of the intervention during its delivery.</p><p>2.3: PN. Note: No evidence of deviations</p><p>2.4: NA.</p><p>2.5: NA.</p><p>2.6: PY. No mention of approach to estimate effect of assignment to intervention. Out of the 250 participants randomized, 239 were analyzed.</p><p>2.7: NA.</p>",Low risk,"<p>3.1: Y. Note: 125 randomized to intervention, 120 analysed at follow-up. 125 allocated to control, 119 analysed (about 4% were lost)</p><p>3.2: NA.</p><p>3.3: NA.</p><p>3.4: NA.</p>",Some concerns,"<p>4.1: N. Quote: &quot;It is a standardized tool and the original tool had established validity, the “r” obtained was 0.83.&quot;</p><p>4.2: PN. Note: no evidence to suggest differences in measurement between intervention and control.</p><p>4.3: PY. Note: Outcome assessors (mothers) were most likely aware of intervention allocation.</p><p>4.4: PY. Note: Knowledge of the assigned intervention could influence participant-reported outcomes, but there is no reason to believe that it did</p><p>4.5: PN.</p>",Low risk,"<p>5.1: PY.  Note: no evidence to suggest otherwise, methods and results do not show discrepancies.</p><p>5.2: PN.  Note: No evidence to suggest outcome selection. All outcomes mentioned in the methods were reported. </p><p>5.3: PN. Note: no evidence to suggest analyses selection. All outcomes mentioned in the methods and results were reported. </p>",Some concerns,"<p>The study is judged to raise some concerns in two domains (1 and 4), but not to be at high risk of bias for any domain.</p>"
9,2,Depressive symptoms at 1-6 months—indicated prevention adults,Primary healthcare workers,SUBGROUP_AND_OVERALL,Rong 2021b,2021,0.0,0.0,6.0,3.7,0,74,7.6,4.4,0,72,0.0,0.0,9.164502,-0.392008,-0.719641,-0.064376,Patient Health Questionnaire 9 (PHQ-9),Low risk,"<p>1.1: Y; 1.2: Y. Note: Title mentions RCT design. Quote: &quot;Eligible participants were randomly assigned to the intervention ( n = 74) and control ( n = 72) groups according to the randomization results, which were sealed in an opaque envelope delivered by the co-investigators.&quot;. Quote: &quot;The randomization coding list was generated by a simple randomization allocation method, the PLAN procedure (SAS, version 9.4, USA).&quot;</p><p>1.3: PN. Note: No significant differences at baseline. </p>",Some concerns,<p>2.1: Y; 2.2: Y. Quote: &quot;Neither the students nor their teachers were blind to the allo- cated group due to the interactive schedules between the two groups&quot;</p><p>2.3: PY. Note: NCT registration describes the &quot;control group&quot; as a &quot;no intervention&quot; but the paper describes this group as &quot;active control&quot;. Quote: &quot;Students in the control group were also guided by a teacher and were encouraged to discuss their difficulties in clinical work and school life.&quot;</p><p>2.4: PN. Changes from assigned control that are inconsistent with the trial protocol are not more likely to impact on the intervention effect estimate.</p><p>2.5: NA</p><p>2.6: NI. Note: No explicit mention of the analysis used to estimate the effect of assignment to intervention.</p><p>2.7: N. Note: There was not a substantial impact of the failure to analyze participants in the group to which they were randomized.</p>,Low risk,<p>3.1: Y. Note: Drop-out: 0.</p><p>3.2: NA</p><p>3.3: NA</p><p>3.4: NA</p>,Some concerns,"<p>4.1: N. Note: The selected outcome method (PHQ-9) is widely validated and established.</p><p>4.2: PN. Note: No evidence to suggest differences in measurement between intervention and control.</p><p>4.3: PY. Note: Outcome assessors (participants) were most likely aware of intervention allocation. Quote: &quot;All participants were asked to complete the self-assessment scales and provide their individual randomized number on the questionnaires that were administered before and one months after the whole intervention courses&quot;</p><p>4.4: PY; 4.5: PN. Note: Knowledge of the assigned intervention could influence participant-reported outcomes, but there is no reason to believe that it did</p>",Low risk,"<p>5.1: PY. Note: No evidence to suggest otherwise, methods and results do not show discrepancies.</p><p>5.2: PN. Note: No evidence to suggest outcome selection. All outcomes mentioned in the methods and results were reported.</p><p>5.3: PN. Note: No evidence to suggest analyses selection. All outcomes mentioned in the methods and results were reported.</p>",Some concerns,"<p>The study is judged to raise some concerns in two domains (2 and 4), but not to be at high risk of bias for any domain.</p>"
9,2,Depressive symptoms at 1-6 months—indicated prevention adults,Primary healthcare workers,SUBGROUP_AND_OVERALL,Srisuwan 2020,2020,0.0,0.0,3.5,2.37,0,40,2.33,1.82,0,37,0.0,0.0,7.91114,0.545359,0.089641,1.001077,Hospital Anxiety and Depression Scale (HADS),Low risk,"<p>1.1: PY; 1.2: PY. Quote: &quot;After informed consent, participants were randomly allocated to either: intervention group; or control group on 1:1 basic using simple randomization methods. Randomization was carried out by a Clinical Trials Manager who was blinded to patient status throughout the study&quot;</p><p>1.3: N. Note: Baseline characteristics are comparable across groups.</p>",Some concerns,<p>2.1: PY; 2.2: PY. Note: Due to the nature of the intervention participants and personnel were most likely aware of allocation.</p><p>2.3: PN. No evidence to suggest issues to implement intervention</p><p>2.4: NA.</p><p>2.5: NA.</p><p>2.6: NI. No explicit mention of the analysis used to estimate the effect of assignment to intervention. Quote: &quot;Participants in the intervention groupwho attended less than 80% of the sessions (4 sessions) were not included in the analysis&quot;</p><p>2.7: PN. Note: No evidence to suggest analysis in the wrong group or exclusion of participants that could have had a substantial impact on the results. Data was analyzed for 76 out of the 80 participants randomized (95%) - 1 year follow-up. </p>,Low risk,<p>3.1: Y. Quote: &quot;77 (96.2%) participants performedthe 6-month follow-up and 76 (95%) participants completed the 1-year follow-up&quot;</p><p>3.2: NA.</p><p>3.3: NA.</p><p>3.4: NA.</p>,Some concerns,"<p>4.1: PN. Note: The selected outcome method (HADS) is widely validated and established.</p><p>4.2: PN. Note: No evidence to suggest differences in measurement between intervention and control. </p><p>4.3: PY. Note: Outcome assessors (participants) were most likely aware of intervention allocation. Interviewers were blind to allocation.</p><p>4.4: PY; 4.5: PN. Note: Knowledge of the assigned intervention could influence participant-reported outcomes, but there is no reason to believe that it did</p>",Low risk,"<p>5.1: PY. Note: No evidence to suggest otherwise, methods and results do not show discrepancies. </p><p>5.2: PN. Note: No evidence to suggest outcome selection. All outcomes mentioned in the methods are reported.</p><p>5.3: PN. Note: No evidence to suggest analyses selection. All analyses mentioned in the methods were reported. </p>",Some concerns,"<p>The study is judged to raise some concerns in two domains (2 and 4), but not to be at high risk of bias for any domain.</p>"
9,2,Depressive symptoms at 1-6 months—indicated prevention adults,Primary healthcare workers,SUBGROUP_AND_OVERALL,Xu 2021,2021,0.0,0.0,5.77,3.81,0,268,7.07,4.53,0,272,0.0,0.0,10.461968,-0.309965,-0.479673,-0.140256,Patient Health Questionnaire 9 (PHQ-9),Low risk,<p>1a.1: Y; 1a.2: Y. Quote: &quot;The randomization sequence was generated by a research statistician who had no contact with the participants. One of the corresponding authors randomly assigned (1:1) the 48 communities to receive either CBT plus UC (intervention group) or UC only (control group) using a random digit table&quot;.</p><p>1a.3: NI. No useful information is reported to evaluate this element.</p><p>1b.1: Y. Individual participants were identified before randomization of clusters</p><p>1b.2: NA.</p><p>1b.3: NA. </p>,Low risk,"<p>2.1 a: NI; 2.1b: PY; 2.2: PY. No information provided on whether participants knew that they were in a trial, due to the nature of the intervention they (as those delivering the intervention) were aware of intervention allocation.</p><p>2.3: PN. No evidence to indicate deviations from protocol.</p><p>2.4: NA..</p><p>2.5: NA. 2.6: PY. Data were analysed for most randomized participants. </p><p>2.7: NA.</p>",Low risk,<p>3.1a: PY. All included clusters were analyzed</p><p>3.1b: PY. Data were available for nearly all participants within the cluster.Quote:&quot;86.3% of response rate&quot;.</p><p>3.2: NA. 3.3: NA. 3.4: NA.</p>,Some concerns,"<p>4.1: N. The outcome measure is widely established and validated for use across different contexts, including that of application.</p><p>4.2: PN. No evidence to suggest that measurement or ascertainment of the outcome differed between intervention groups.</p><p>4.3a: NI; 4.3b: PY. No information provided on whether participants knew that they were in a trial, participants (outcome assessors) were most likely aware of the group allocation due to the nature of the intervention.</p><p>4.4: PY; 4.5: PN. Knowledge of the assigned intervention could influence participant-reported outcomes, but there is no reason to believe that it did.</p>",Low risk,"<p>5.1: PY. No evidence to suggest otherwise, methods and results do not show discrepancies.</p><p>5.2: PN. No evidence to suggest outcomes selection. All outcomes mentioned in the methods and results were reported.</p><p>5.3: PN. No evidence to suggest analyses selection. All outcomes mentioned in the methods and results were reported<b>.</b></p>",Some concerns,"<p>The study is judged to raise some concerns in one domain (4), but not to be at high risk of bias for any domain.</p>"
9,3,Distress/PTSD symptoms at 0-1 months—indicated prevention adults,Community workers,SUBGROUP_AND_OVERALL,Acarturk 2022,2022,0.0,0.0,12.66,4.95,0,237,13.5,5.1,0,266,0.0,0.0,6.020842,-0.166751,-0.342129,0.008626,General Health Questionnaire (GHQ-12),Low risk,"<p>1.1: Y. Quote: &quot;Participants were randomly assigned either to the Self-Help Plus arm or to ECAU only, in a 1:1 ratio.&quot; 1.2: Y. Quote &quot;The randomization schedule was generated by Castor Electronic Data Capture (EDC). (..)  Research team members involved in<br/>recruitment were able to access the web-based software to randomize each newly enrolled participant, but were not able to access the randomization list, and were not aware of the block size.&quot;</p><p>1.3: N. Note: No significant differences at baseline. </p>",Low risk,<p>2.1: PY; 2.2: PY. Note: Due to the nature of the intervention participants and the interventionists were most likely aware of the allocation.</p><p>2.3: PN. Note: No evidence to suggest issues to implement intervention.</p><p>2.4: NA.</p><p>2.5: NA.</p><p>2.6: Y. Quote: &quot;We followed an intent-to-treat approach for analysis of primary and secondary outcomes&quot;</p><p>2.7: NA.</p>,Low risk,<p>3.1: PY. Quote: &quot; The distribution of participants lost to follow-up was similar between the study groups (15.53% vs. 14.06%)&quot;</p><p>3.2: NA.</p><p>3.3: NA.</p><p>3.4: NA.</p>,Some concerns,"<p>4.1: N. Note: The selected outcome method (PHQ-9) is widely validated and established.</p><p>4.2: PN. Note: No evidence to suggest differences in measurement between intervention and control. </p><p>4.3: PY. Note: Outcome assessors (participants) were most likely aware of intervention allocation. </p><p>4.4: PY; 4.5: PN. Note: Knowledge of the assigned intervention could influence participant-reported outcomes, but there is no reason to believe that it did.</p>",Low risk,"<p>5.1: PY. Note: no evidence to suggest otherwise, methods and results do not show discrepancies. </p><p>5.2: PN. Note: No evidence to suggest outcome selection. All outcomes mentioned in the methods are reported.</p><p>5.3: PN. Note: No evidence to suggest analyses selection. All analyses mentioned in the methods were reported. </p>",Some concerns,"<p>The study is judged to raise some concerns in one domain (4), but not to be at high risk of bias for any domain.</p>"
9,3,Distress/PTSD symptoms at 0-1 months—indicated prevention adults,Community workers,SUBGROUP_AND_OVERALL,Chomat 2019,2019,0.0,0.0,36.7,10.7,0,68,35.7,11.4,0,53,0.0,0.0,5.810189,0.090242,-0.269072,0.449555,Psychosocial Distress Subscale of the Hopkins Symptom Checklist (HSCL-25),Low risk,<p>1.1: Y; 1.2: PY. Note: Remaining names were allocated to the control group with a delayed circle intervention&quot;<br/>Quote: &quot;in a study of this nature it is virtually impossible to keep allocation to groups concealed after the intervention starts&quot;</p><p>1.3: PN. Note: Not significant differences at baseline.</p>,Low risk,"<p>2.1: PY; 2.2: PY.  Quote: In a study of this nature it is virtually impossible to keep allocation to groups concealed after the intervention starts. However, we made no announcements as to the allocation to any of the participants. Given the nature of the intervention, masking was not possible either&quot;</p><p>2.3: PN.  Note: There is no reasons to believe it.</p><p>2.4: NA.</p><p>2.5: NA.</p><p>2.6: Y.  Quote: all primary and secondary analyses followed the intention to treat principle&quot;</p><p>2.7: NA.</p><p> </p>",Low risk,"<p>3.1: PY.  Quote: &quot;147 (81 intervention, 66 control) completed it at baseline, and 121 (68 intervention, 53 control) post-intervention.&quot;</p><p>3.2: NA.</p><p>3.3: NA.</p><p>3.4: NA.</p>",Some concerns,"<p>4.1: N. Note: The selected outcome method is widely validated and established. The selected outcome measure was adapted to fit the local context.</p><p>4.2: N. Note: No evidence to suggest differences in measurement between intervention and control groups. </p><p>4.3: PY.  Note: Outcome assessors were most likely aware of intervention allocation.</p><p>4.4: PY. Note: Knowledge o fthe assigned intervention could influence participant-reported outcomes, but there is no reason to believe that it did. </p><p>4.5: PN.</p>",Low risk,"<p>5.1: PY.  Note: No protocol available. No evidence to suggest otherwise, methods and results do not show discrepancies. </p><p>5.2: PN. Note: No protocol available. No evidence to suggest otherwise, methods and results do not show discrepancies. </p><p>5.3: PN. Note: No evidence to suggest analyses selection. All outcomes mentioned in the methods and results were reported.</p>",Some concerns,"<p>The study is judged to raise some concerns in one domain (4), but not to be at high risk of bias for any domain.</p>"
9,3,Distress/PTSD symptoms at 0-1 months—indicated prevention adults,Community workers,SUBGROUP_AND_OVERALL,Dias 2019,2019,0.0,0.0,3.45,2.64,0,80,5.76,2.84,0,84,0.0,0.0,5.866396,-0.837845,-1.157491,-0.518198,General Health Questionnaire (GHQ-12),Low risk,"<p>1.1: Y. 1.2: Y.  Quote: &quot;The data manager randomized participants equally to CAU or DIL intervention via prmuted block randomization (block size of 8), using a computer-generated random-number table&quot;</p><p>1.3: N. Quote: &quot;The DIL and CAU arms were well balanced with respect to sociodemograohic and clinical characteristics&quot;</p>",Low risk,"<p>2.1: Y; 2.2: PN. Quote: &quot;Partcipants wee asked not to discose their assignment to masked assessors&quot;. <br/>Quote: &quot;All study personnel, including assessors, were masked to random assignment until outcomes analysis was complete and reviewed by the Data Safety Monitoring Board&quot;</p><p>2.3: N. Note: There is no reason to believe it.</p><p>2.4: NA.</p><p>2.5: NA.</p><p>2.6: Y. Quote: &quot;91 in the DIL intervention group and 90 in the care as usual (CAU) group were used in the final intention-to-treat analysis&quot;.</p><p>2.7: NA.</p>",Low risk,<p>3.1: Y. Quote: &quot;Attrition was low in both groups: 12.2% in the CAU group and 17.6% in the DIL intervention group&quot;</p><p>3.2: NA.</p><p>3.3: NA.</p><p>3.4: NA.</p>,Some concerns,"<p>4.1: N. Note: The selected outcome method (DDS) is widely validated and established.</p><p>4.2: PN. Note: No evidence to suggest differences in measurement between intervention and control.</p><p>4.3: PN. Note: Outcome assessors (participants) were most likely aware of intervention allocation.</p><p>4.4: PY; 4.5: PN. Note: Knowledge of the assigned intervention could influence participant-reported outcomes, but there is no reason to believe that it did. </p>",Some concerns,"<p>5.1: N. Note: Protocol available. No evidence to suggest otherwise, the protocol and manuscript do not show discrepancies.<br/>5.2: N. Note: no evidence to suggest outcome selection. All outcomes mentioned in the methods and protocol were reported.</p><p>5.3: N. Note: No evidence to suggest analyses selection. All outcomes in the methods and protocol were reported.</p>",Some concerns,"<p>The study is judged to raise some concerns in two domains (4 and 5), but not to be at high risk of bias for any domain.</p>"
9,3,Distress/PTSD symptoms at 0-1 months—indicated prevention adults,Community workers,SUBGROUP_AND_OVERALL,Dybdahl 2001,2001,0.0,0.0,56.1,20.4,0,35,59.2,17.4,0,40,0.0,0.0,5.65449,-0.162703,-0.617134,0.291729,Impact of Event Scale (IES),Low risk,"<p>1.1: Y; 1.2: PY. Quote: Tha assignment was random. All the names of the mothers-child dyads were written on pieces of papaer, which were folded, mixed together, and then separated into two piles at random so that one pile formed the intervention group and the other pile formed the control group&quot;</p><p>1.3: PN. Note: No significant differences at baseline. </p>",Some concerns,<p>2.1: PY; 2.2: PY. Note: Due to the nature of the intervention participants were most likely aware of their assigned intervention.</p><p>2.3: NI. Note: No information provided. </p><p>2.4: NA.</p><p>2.5: NA.</p><p>2.6: NI. Note: No explicit mention of the analysis used to estimate the effect of assignment to intervention. </p><p>2.7: NI. Note: No information provided. </p>,High risk,"<p>3.1: PN. Quote: &quot;Twelve of the families dropped out of the study and did not participate in scheduled interventions: 7 from intervention group, and 5 from the control gorip&quot;. Quote: &quot;Several of the mothers and children did not complete all tests at both tests periods for a variety of reasons; thus the number of participants varied from test to test&quot;.</p><p>3.2: NI. Note: No information provided. </p><p>3.3: NI. Note: No information provided. </p><p>3.4: NI. Note: No information provided.</p>",Some concerns,"<p>4.1: N. Note: The selected outcome method is widely validated and established.</p><p>4.2: NI. Note: No information provided. </p><p>4.3: N. Quote: &quot;The third and fourth teams carried out the evaluations. They Were blind with respect to which families were in the intervention or control groups, as were the physicians who provided the medican checkups&quot;.</p><p>4.4: NA.</p><p>4.5: NA. </p>",Low risk,"<p>5.1: PY. No evidence to suggest otherwise, methods and results do not show discrepancies. </p><p>5.2: PN. Note: No evidence to suggest outcome selection. </p><p>5.3: PN. Note: No evidence to suggest analyses selection. </p>",High risk,<p>The study is judged to be at high risk of bias<b> </b>in one domains (3).</p>
9,3,Distress/PTSD symptoms at 0-1 months—indicated prevention adults,Community workers,SUBGROUP_AND_OVERALL,Ferreira-Vorkapic 2018,2018,0.0,0.0,1.1,0.0,0,20,25.1,0.0,0,20,0.0,0.0,,,,,Lipp's Stress Symptoms Inventory for Adults (ISSL),Low risk,"<p>1.1: Y; 1.2: Y. Quote: &quot;(...) volunteers were randomly allocated to one of the three experimental groups. A separate examiner coordinated the group distribution (and all statistical analysis was performed by an expert from another<br/>state), using the random allocation method.&quot;</p><p>1.3: N. Quote: &quot;the baseline data showing no significant differences between the groups, except for education years, where the relaxation group showed a higher<br/>level of education&quot;</p>",Some concerns,<p>2.1: PY; 2.2: PY. Note: Due to the nature of the intervention participants and personnel were most likely aware of their assigned intervention </p><p>2.3: PN. Note: No evidence to suggest issues to implement intervention</p><p>2.4: NA.</p><p>2.5: NA. </p><p>2.6: NI. Note: No explicit mention of the analysis used to estimate the effect of assignment to intervention</p><p>2.7: NA. Note: There was not a substantial impact of the failure to analyse participants in the group to which they were randomized</p>,Low risk,<p>3.1: Y. Note: Drop-out: 0</p><p>3.2: NA.</p><p>3.3: NA.</p><p>3.4: NA.</p>,Some concerns,"<p>4.1: N. Note: The selected outcome method (BAI) is widely validated and established across multiple languages.ility in the study (0.9)</p><p>4.2: PN. Note: No evidence to suggest differences in measurement between intervention and control.</p><p>4.3: PY. Note: Outcome assessors (participants) were most likely aware of intervention allocation. </p><p>4.4: PY; 4.5: PN. Note: Knowledge of the assigned intervention could influence participant-reported outcomes, but there is no reason to believe that it did.</p>",Low risk,"<p>5.1: PY. Note: No evidence to suggest otherwise, methods and results do not show discrepancies. </p><p>5.2: PN. Note: No evidence to suggest outcome selection. All outcomes mentioned in the methods and results were reported. </p><p>5.3: PN. Note: No evidence to suggest analyses selection. All analyses mentioned in the methods were reported. </p>",Some concerns,"<p>The study is judged to raise some concerns in two domains (2 and 4), but not to be at high risk of bias for any domain.</p>"
9,3,Distress/PTSD symptoms at 0-1 months—indicated prevention adults,Community workers,SUBGROUP_AND_OVERALL,Hinton 2021,2018,0.0,0.0,2.9,2.4,0,19,5.5,3.4,0,20,0.0,0.0,5.240101,-0.861595,-1.521082,-0.202107,Zarit Burden Interview (ZBI),Low risk,"<p>1a.1: PY. 1a.2: Y. Quote: &quot;Randomizationwas at the level of clusters, defined as geographic areas (ie, communes) served by commune health stations which have a population<br/>range of ≈5000-15,000 people. Randomization was conducted<br/>by one of the study investigators residing in the United States through<br/>the flip of a coin.&quot;</p><p>1a.3: NI. No useful information is reported to evaluate this element</p><p>1b.1: N. Note: particpants were recruited after randomization; </p><p>1b.2: PN. Note: there is no evidence to suggest that selection of individual participants was affected by knoweldge of the intervention assigned to the cluster; </p><p>1b.3:N. Note: no significant differences at baseline were identified. </p>",Low risk,"<p>2.1a: NI; 2.1b: PY; 2.2: Y. Note: No information provided on whether participants knew that they were in a trial, due to the nature of the intervention they (as those delivering the intervention) were most likely aware of intervention allocation.</p><p>2.3: PN. Note: No evidence to suggest deviations from the intended intervention that arose because of the trial context </p><p>2.4: NA.</p><p>2.5: NA.</p><p>2.6: Y. Note: Data was analysed on an intention-to-treat basis.</p><p>2.7: NA.</p>",Low risk,<p>3.1a PY. Note: no evidence to suggest failure in analyzing any clyster; </p><p>3.1b: PY. Note: data was avaiable for 85% of participants at follow-up.</p><p>3.2: NA.</p><p>3.3: NA; 3.4: NA.</p>,Some concerns,"<p>4.1: PN.  The outcome measure (CES-D) is widely established and used across contexts. </p><p>4.2: PN. Note: no evidence to suggest that. </p><p>4.3a: NI; 4.3b: PY. Note: No information provided on whether participants knew that they were in a trial, participants were most likely aware of the group allocation due to the nature of the intervention. </p><p>4.4: PY; 4.5: PN. Note: Knowledge of the assigned interventio could influence participant-reported outcomes, but there is no reason to believe that it did.</p>",Low risk,"<p>5.1: Y. Note: A pre-determined statistical plan is avaiable and in line with procedures reported in the final manuscript</p><p>5.2: PN. Note:No evidence to suggest outcome selection. All outcomes mentioned in the protocol, methods and results were reported.</p><p>5.3: PN. Note: No evidence to suggest analyses selection. All analyses mentioned in the protocol, methods and results were reported.</p>",Some concerns,"<p>The study is judged to raise some concerns in one domain (4), but not to be at high risk of bias for any domain.</p>"
9,3,Distress/PTSD symptoms at 0-1 months—indicated prevention adults,Community workers,SUBGROUP_AND_OVERALL,Lachman 2017,2017,0.0,0.0,20.53,8.2,0,34,22.4,7.63,0,34,0.0,0.0,5.613495,-0.233414,-0.71049,0.243662,Parenting Stress Index Short Form (PSI-SF),Low risk,"<p>1.1: Y; 1.2:Y. Quote: &quot;An external researcher not directly involved in the study conducted the randomization procedures remotely in Oxford, United<br/>Kingdom. Participants were randomly assigned on a 1:1 ratio to an intervention or wait-list control group after baseline data collection<br/>using a concealed computerized program, SealedEnvelope™.&quot;; &quot;Our implementing partner, Clowns Without Borders South Africa, notified participants of their<br/>allocation status via telephone.&quot;</p><p>1.3:PN.</p>",Low risk,"<p>2.1:Y; 2.2:Y. Quote: &quot;Although program implementers and participants were aware of their allocation status, researchers<br/>conducting self-report interviews and observational assessments were blind to allocation.&quot;</p><p>2.3: PN. Note: No evidence to suggest issues to implement intervention</p><p>2.4:NA.</p><p>2.5:NA.</p><p>2.6:Y. Quote: &quot;Data analyses were conducted with an intention-to-treat design&quot;</p><p>2.7:NA.</p>",Low risk,<p>3.1:Y. Note: 3 out of the 68 participants randomized were lost at follow-up (2.9%).</p><p>3.2:NA.</p><p>3.3:NA.</p><p>3.4:NA.</p>,Some concerns,"<p>4.1:PN. Note: The selected outcome method is widely validated and established, appropriate for the local context, and assessed in its psychometric properties for this sample. </p><p>4.2:PN. Note: No evidence to suggest differences in measurement between intervention and control. </p><p>4.3:Y. Note: Outcome assessors (participants) were most likely aware of intervention allocation. The research assistants administering the questionnaires were blinded.</p><p>4.4: PY; 4.5:PN. Note: Knowledge of the assigned intervention could influence participant-reported outcomes, but there is no reason to believe that it did</p>",Some concerns,"<p>5.1:PY. Note: No evidence to suggest otherwise, the protocol and manuscript do not show discrepancies. </p><p>5.2: PY. Note: A few of the secondary outcomes mentioned in the protocol (e.g. ASSIST, Grover-Counter Scale of Cognitive Development) were not reported in this manuscript. </p><p>5.3: PN. Note: No evidence to suggest analyses selection. All analyses mentioned in the protocol and methods were reported in the results. </p>",Some concerns,"<p>The study is judged to raise some concerns in two domains (4 and 5), but not to be at high risk of bias for any domain.</p>"
9,3,Distress/PTSD symptoms at 0-1 months—indicated prevention adults,Community workers,SUBGROUP_AND_OVERALL,Lachman 2020,2020,0.0,0.0,21.08,9.56,0,29,21.29,10.74,0,24,0.0,0.0,5.490938,-0.020466,-0.561337,0.520405,Parenting Stress Scale (PSS),Low risk,"<p>1a.1: Y; 1a.2: Y. Quote: &quot;Cluster randomisation was conducted at village level prior to baseline assessments, to reduce the likelihood of contamination between arms. An external researcher used concealed computer-generated codes to randomly allocate eight villages into three treatment arms and a control arm &quot;; &quot;The implementing partner notified the participating families of their allocation status after baseline data collection.&quot;</p><p>1a.3: NI. No useful information is reported to evaluate this element.</p><p>1b.1: PN. Note: randomization was conducted prior to the recruitment of participants</p><p>1b.2: PN. Note: groups were comparable at baseline, see Table 1. </p>",Low risk,"<p>2.1a: NI; 2.1b: PY; 2.2: PY. Note: No information provided on whether participants knew that they were in a trial, due to the nature of the intervention they (as those delivering the intervention) were aware of intervention allocation. </p><p>2.3: PN. Note: No evidence to indicate deviations from protocol.</p><p>2.4: NA.</p><p>2.5: NA.</p><p>2.6: Y. Note: Data was analysed on an intention-to-treat basis.</p><p>2.7: NA.</p>",Low risk,"<p>3.1a.: Y. Note: all included clusters were analyzed; 3.1b: PY. Note: data were available for nearly all participants within the cluster. Quote:&quot;Study retention was considerably higher than anticipated with 94.8% adults (n=235/248), 87.5% children (n=154/176) and 87.8% in their early childhood (n=122/139) assessments completed at post-treatment, with no differences between arms&quot;</p><p>3.2: NA.</p><p>3.3: NA.</p><p>3.4: NA.</p>",Some concerns,"<p>4.1: PN. Note: The outcome measure is widely established and validated for use across different contexts.</p><p>4.2: PN. Note: No evidence to suggest differences in measurement between intervention and control.</p><p>4.3a: NI; 4.3b: PY. Note: No information provided on whether participants knew that they were in a trial, participants (outcome assessors) were most likely aware of the group allocation due to the nature of the intervention.</p><p>4.4: PY; 4.5: PN. Note: Knowledge of the assigned intervention could influence participant-reported outcomes, but there is no reason to believe that it did.</p>",Low risk,"<p>5.1: PY. Note: No evidence to suggest otherwise, methods and results do not show discrepancies.</p><p>5.2: PN. Note: No evidence to suggest outcomes selection. All outcomes mentioned in the methods and results were reported. </p><p>5.3: PN. Note: No evidence to suggest analyses selection. All outcomes mentioned in the methods and results were reported. </p>",Some concerns,"<p>The study is judged to raise some concerns in one domain (4), but not to be at high risk of bias for any domain.</p>"
9,3,Distress/PTSD symptoms at 0-1 months—indicated prevention adults,Community workers,SUBGROUP_AND_OVERALL,Luoto 2020,2020,0.0,0.0,15.98,12.41,0,181,14.98,13.35,0,184,0.0,0.0,5.995698,0.077404,-0.127859,0.282667,Daily Stress Index (DSI),Low risk,"<p>1a.1: PY; 1a.2: PY. Quote: &quot;Using a random<br/>number generator in Stata, two authors (JEL and ILG) randomly assigned villages in a 1:1:1 ratio to one of three study groups, stratified by sub-county&quot;</p><p>1a.3: NI.  No useful information is reported to evaluate this element.</p><p>1b.1: Y. Note: from protocol it is clear that recruitment of both adults and children as well as baseline assessments, took place before randomization to study arms </p>",Low risk,"<p>2.1 a: NI; 2.1b:PY; 2.2: PY. Note: No information provided on whether participants knew that they were in a trial, due to the nature of the intervention they (as those delivering the intervention) were most likely aware of intervention allocation. Quote: &quot;Due to the nature of the intervention, masking of<br/>participants and community health volunteers who<br/>delivered the intervention was not possible&quot;</p><p>2.3: PN. Note: No evidence to suggest deviations from the intended intervention that arose because of the trial context.</p><p>2.4: NA.</p><p>2.5: NA.</p><p>2.6: Y. Note: Data was analyzed on an intention-to-treat basis.</p><p>2.7: NA.</p>",Low risk,<p>3.1a PY. Note: all 60 clusters that recruited participants were analyzed; </p><p>3.1b: PY. Note: 92 participants out of 1152 were lost at follow-up (8%).</p><p>3.2: NA.</p><p>3.3: NA; 3.4: NA.</p>,Some concerns,"<p>4.1: PN.  The outcome measure (CES-D) is widely established and used across contexts. </p><p>4.2: PN. Note: No evidence to suggest that measurement or ascertainment of the outcome differed between intervention groups.</p><p>4.3a: NI; 4.3b: PY. Note: No information provided on whether participants knew that they were in a trial, participants (outcome assessors) were most likely aware of the group allocation due to the nature of the intervention. Efforts were made to keep the data collection teams as masked to group status as possible. </p><p>4.4: PY; 4.5: PN. Note: Knowledge of the assigned intervention could influence participant-reported outcomes, but there is no reason to believe that it did.</p>",Low risk,"<p>5.1: PY. Note: No evidence to suggest otherwise, protocol and paper do not show discrepancies.</p><p>5.2: PN. Note: No evidence to suggest outcome selection. All outcomes mentioned in the protocol, methods, and results were reported.</p><p>5.3: PN. Note: No evidence to suggest analyses selection. All analyses mentioned in the protocol, methods, and results were reported.</p>",Some concerns,"<p>The study is judged to raise some concerns in one domain (4), but not to be at high risk of bias for any domain.</p>"
9,3,Distress/PTSD symptoms at 0-1 months—indicated prevention adults,Community workers,SUBGROUP_AND_OVERALL,Rao 2017,2017,0.0,0.0,9.26,6.77,0,30,12.53,5.55,0,30,0.0,0.0,5.541482,-0.5214,-1.036581,-0.006219,General Health Questionnaire (GHQ-12),Low risk,"<p>1.1: Y; 1.2: PY. Quote: &quot;All the subjects were given a serial number based on<br/>alphabetical order of their names. The participants were<br/>randomly divided into an MSRT group (n = 30) and a control<br/>group (n = 30) using computer-based random number<br/>generating software.&quot;</p><p>1.3: N. Quote:&quot;No significant differences existed in participants’ ages,<br/>socioeconomic statuses, and educational backgrounds<br/>between the groups.&quot;</p>",Low risk,"<p>2.1: PY; 2.2: PY.  Note: Due to the nature of the intervention, caregivers and people who delivering the intervention were most likely aware of the assignment. May be different for patients given the nature of their disorder. </p><p>2.3: PN.  Note: No evidence to suggest issues in recruitment and engagement nor failures to implement intervention</p><p>2.4: NA.</p><p>2.5: NA.</p><p>2.6: PY.  Note: No explicit mention of the analysis used to estimate the effect of assignment to intervention. Results table are reported for all the randomized participants (n=30 participants in the intervention and n=30 in the control group).</p><p>2.7: NA.</p>",Low risk,"<p>3.1: PY.  Note: Tables indicate that the number of participants for cases and controls is equal to 30. There is no specification on number of participants that may have been lost at follow-up. Tables report data for the 60 randomized participants. As the methods indicate that only participants attending 70% + of sessions would be included in the study, it can be deduced that no losses at follow-up could be observed.  </p><p>3.2: NA. </p><p>3.3: NA.</p><p>3.4: NA.</p>",Some concerns,"<p>4.1: N.  Quote: &quot;valid and reliable tool&quot;; &quot;It is the most widely<br/>used psychological instrument for measuring the perception<br/>of stress. It consists of 10 items.&quot; </p><p>4.2: PN. Note: no evidence to suggest differences in measurement between intervention and control.</p><p>4.3: Y. Note: Outcome assessors (mothers) were most likely aware of intervention allocation.</p><p>4.4: PY. Note: Knowledge of the assigned intervention could influence participant-reported outcomes, but there is no reason to believe that it did</p><p>4.5: PN.  </p>",Low risk,"<p>5.1: PY.  Note: no evidence to suggest otherwise, methods and results do not show discrepancies.</p><p>5.2: PN.  Note: No evidence to suggest outcome selection. All outcomes mentioned in the methods were reported. </p><p>5.3: PN. Note: no evidence to suggest analyses selection. All outcomes mentioned in the methods and results were reported. </p>",Some concerns,"<p>The study is judged to raise some concerns in one domain (4), but not to be at high risk of bias for any domain.</p>"
9,3,Distress/PTSD symptoms at 0-1 months—indicated prevention adults,Community workers,SUBGROUP_AND_OVERALL,Rodriguez 2021,2021,0.0,0.0,7.09,4.3,0,27,6.33,2.9,0,27,0.0,0.0,5.502757,0.204227,-0.330706,0.739159,Distress Subscale of the Depression Anxiety Stress Scale (DASS-21),Low risk,"<p>1.1: Y. Note: Title mentions RCT design. Quote: &quot;Students who completed the web-based baseline assessment measures were randomly assigned to a brief, 4-week internet-based mindfulness intervention (MIND), or to the intervention plus peer counselor support (MIND+).&quot; </p><p>1.2: Y. Quote: &quot;The randomization sequence was sourced through random.org [49], an automated, web-based randomization service that generates randomness using atmospheric noise. Using random.org, two 25-person blocks were used to randomize the participants into 2 equally-sized groups.&quot;</p><p>1.3: PN. Note: No significant differences at baseline.</p>",Some concerns,"<p>2.1: PY; 2.2: PY. Note: Due to the nature of the intervention, participants and the interventionists were most likely aware of the allocation.</p><p>2.3: PN. Note: No evidence to suggest issues to implement intervention. </p><p>2.4: NA</p><p>2.5: NA</p><p>2.6: NI. Note: No explicit mention of the analysis used to estimate the effect of assignment to intervention.</p><p>2.7: N. Note: There was not a substantial impact of the failure to analyse participants in the group to which they were randomized.</p>",High risk,<p>3.1: PN. Note: Drop-out: 31 of 56.</p><p>3.2: PN. Note: Proportions of lost to follow-up between control and intervention are not comparable (n= 20 and n= 11).</p><p>3.3: NI; 3.4: NI. Note: No information about documented reasons that withdrawal are related to the outcome.</p>,Some concerns,"<p>4.1: N. Note: The selected outcome method (DASS-21) is widely validated and established.</p><p>4.2: PN. Note: No evidence to suggest differences in measurement between intervention and control.</p><p>4.3: PY. Note: Outcome assessors (participants) were most likely aware of intervention allocation.</p><p>4.4: PY; 4.5: PN. Note: Knowledge of the assigned intervention could influence participant-reported outcomes, but there is no reason to believe that it did.</p>",High risk,"<p>5.1: PY. Note: No evidence to suggest otherwise, methods and results do not show discrepancies.</p><p>5.2: PY. Note: Evidence to suggest outcome selection. The outcome &quot;stress&quot; (PSS) mentioned in the methods, it was not reported in the results.</p><p>5.3: PY: Evidence to suggest analyses selection. The outcome &quot;stress&quot; (PSS) mentioned in the methods, it was not reported in the results.</p>",High risk,<p>The study is judged to be at high risk of bias<b> </b>in two domains (3 and 5).</p>
9,3,Distress/PTSD symptoms at 0-1 months—indicated prevention adults,Community workers,SUBGROUP_AND_OVERALL,Sangraula 2020,2020,0.0,0.0,11.9,6.6,0,6,17.6,6.0,0,6,0.0,0.0,3.956287,-0.83422,-2.036853,0.368414,General Health Questionnaire (GHQ-12),Low risk,"<p>1a.1: PY. 1a.2: PY. Quote: &quot;A randomization procedure was used, in which names of the two VDCs were written on cards and placed into a hat. The District Public Health Officer (DPHO) was to draw one card from the hat which would be allocated as the intervention arm VDC and the VDC in the remaining card would be allocated to the control arm. Program staff, including community psychosocial workers (CPSWs) and research assistants (RAs) were only assigned to either VDC after the random drawing to reduce risk of unblinding. </p><p>1a.3: PN.  There is no evidencde to suggest problems in the randomization process</p><p>1b.1: PN. it appears the randomization was conducted prior to the recruitment of participants.</p><p>1b.2: PN. It is unlikely that the selection of inidividual participants was affected by knowledge of the intervention assigned to the cluster. </p><p>1b.3: PN. there is no evidence to indicate imbalances in baseline values to indicate differentail identification or recruitment of individual participants. </p>",Low risk,"<p>2.1 a:NI. 2.1b: PN. 2.2: PN. Quote: &quot;CPSWs, RAs, trial participants, and local mhGAP trained health workers were blinded to the allocation of the study conditions. The VDCs of the two arms were separated by another VDC which worked as a buffer and physical barrier against contamination between the two arms. CPSWs in both arms were instructed not to disclose the treatment that any participants received except with their clinical supervisors. The trial statistician was blinded to treatment arm during analysis. &quot;</p><p>2.3: NA.</p><p>2.4: NA.</p><p>2.5: NA. </p><p>2.6: PY. Data was analysed for most participants randomized.</p>",Low risk,<p>3.1a: Y. all included clusters were analyzed; </p><p>3.1b: PY. data were available for nearly all participants within the cluster</p><p>3.2: NA.</p><p>3.3: NA.</p><p>3.4: NA.</p>,Low risk,"<p>4.1: PN. The outcome measure (PHQ-9) is widely established and used across contexts, included the one of the trial</p><p>4.2: PN. No evidence to suggest that measurement or ascertainment of the outcome differed between intervention groups.</p><p>4.3a:NI. 4.3b: PN.  No information provided on whether participants knew that they were in a trial, participants (outcome assessors) were blinded</p>",Low risk,"<p>5.1: PY. No evidence to suggest otherwise, protocol and paper do not show discrepancies.</p><p>5.2: PN. No evidence to suggest outcome selection. All outcomes mentioned in the protocol, methods and results were reported.</p><p>5.3: PN. No evidence to suggest analyses selection. All analyses mentioned in the protocol, methods and results were reported.</p>",Low risk,<p>The study is judged to be at low risk of bias for all domains.</p>
9,3,Distress/PTSD symptoms at 0-1 months—indicated prevention adults,Community workers,SUBGROUP_AND_OVERALL,Ward 2020,2020,0.0,0.0,127.56,21.16,0,148,123.12,21.22,0,128,0.0,0.0,5.964731,0.20898,-0.028245,0.446205,Parenting Stress Index (PSI),Low risk,<p>1.1: PY; 1.2: PY.  Quote: &quot;Randomization was conducted after data collection by an off-site statistician with no other contact with the trial&quot;.&quot;</p><p>1.3: PN. Baseline characteristics were overall comparable across groups as demonstrated by Table 1.</p>,High risk,"<p>2.1: PY; 2.2: PY.  Due to the nature of the intervention participants and personnel were moslt likely aware of their assigned intervention.</p><p>2.3: PY. There is some evidence to suggest possible contamination between the intervention and control group. Quote: &quot;In addition, in the dense living environments of informal settlements, it is possible that there was contamination between intervention and control groups.&quot;</p><p>2.4: PY. Contamination could have affected the outcomes.</p><p>2.5: PY. Contamination is more liekly to affect the participants in the control group.</p><p>2.6: PY. No explicit mention of the analysis used to estimate the effect of assignment to intervention, but data was analyzed for almost all randomized participants. Quote: &quot;For caregiver self-report, the follow-up rate was 97.0% at t1 and 91.9% at t&quot;. </p><p>2.7: NA.</p>",Low risk,"<p>3.1: PY.  Data was availalble for almost all randomized participants. Quote: &quot;For caregiver self-report, the follow-up rate was 97.0% at t1 and 91.9% at t&quot;</p><p>3.2: NA. </p><p>3.3: NA.</p><p>3.4: NA.</p>",Some concerns,"<p>4.1: PN. The selected outcome method is widely validated and established across contexts and demonstrated good psychometric properties in the study</p><p>4.2: PN. Note: No evidence to suggest differences in measurement between intervention and control. </p><p>4.3: PY. Outcome assessors (participants) were most likely aware of intervention allocation. </p><p>4.4: PY. Knowledge of the assigned intervention could influence participant-reported outcomes, but there is no reason to believe that it did</p><p>4.5: PN.</p>",Low risk,"<p>5.1: PY.  No evidence to suggest otherwise, methods and results do not show discrepancies.. </p><p>5.2: PN. No evidence to suggest outcome selection.. </p><p>5.3: PN. No evidence to suggest analyses selection. All analyses mentioned in the methods were reported.</p>",High risk,<p>The study is judged to be at high risk of bias<b> </b>in one domain (2).</p>
9,3,Distress/PTSD symptoms at 0-1 months—indicated prevention adults,Community workers,SUBGROUP_AND_OVERALL,Yeomans 2010,2010,0.0,0.0,1.97,0.45,0,38,2.11,0.54,0,38,0.0,0.0,5.658907,-0.278802,-0.730747,0.173142,Harvard Trauma Questionnaire Part IV (HTQ),Low risk,"<p>1.1: Y; 1.2: NI.Note: Title mentions RCT design. No further information.  </p><p>1.3: N. Quote: &quot;There  were no significant baseline differences between the three treatment groups across age, gender, ethnicity, symptoms, education level, traumatic events experienced, or on prior exposure to trauma discourse&quot;</p>",Some concerns,"<p>2.1: Y; 2.2: PY. Quote: &quot;Participants (...) were informed of random allocation procedures&quot;. Due to the nature of the intervention, the interventionists were most likely aware of the allocation. </p><p>2.3: PN. Note: No evidence to suggest issues to implement intervention</p><p>2.4: NA.</p><p>2.5: NA. </p><p>2.6: NI. Note: No explicit mention of the analysis used to estimate the effect of assignment to intervention</p><p>2.7: NA. Note: There was not a substantial impact of the failure to analyse participants in the group to which they were randomized</p>",Low risk,<p>3.1: Y. Note:  Lost to follow-up: 7 of 120</p><p>3.2: NA.</p><p>3.3: NA.</p><p>3.4: NA.</p>,Some concerns,"<p>4.1: N. Note: The selected outcome method (HSCL-25) is widely validated and established across multiple languages.</p><p>4.2: PN. Note: No evidence to suggest differences in measurement between intervention and control.</p><p>4.3: PY. Note: Outcome assessors (participants) were most likely aware of intervention allocation. </p><p>4.4: PY; 4.5: PN. Note: Knowledge of the assigned intervention could influence participant-reported outcomes, but there is no reason to believe that it did.</p>",Low risk,"<p>5.1: PY. Note: No evidence to suggest otherwise, methods and results do not show discrepancies. </p><p>5.2: PN. Note: No evidence to suggest outcome selection. All outcomes mentioned in the methods and results were reported. </p><p>5.3: PN. Note: No evidence to suggest analyses selection. All analyses mentioned in the methods were reported. </p>",Some concerns,"<p>The study is judged to raise some concerns in two domains (2 and 4), but not to be at high risk of bias for any domain.</p>"
9,3,Distress/PTSD symptoms at 0-1 months—indicated prevention adults,Primary healthcare workers,SUBGROUP_AND_OVERALL,Chaharrahifard 2021,2021,0.0,0.0,52.22,8.53,0,27,72.78,13.82,0,25,0.0,0.0,5.261116,-1.77939,-2.429369,-1.12941,Parenting Stress Index Short Form (PSI-SF),Low risk,<p>1.1: Y. Note: Title mentions RCT design; Quote: &quot;the samples were randomly assigned to two groups of received counseling (intervention) and non-received counseling (control) by four-sized randomized blocks.&quot;</p><p>1.2: Y. Quote: &quot;The details of blocks were contained in asset of sealed.</p><p>1.3: N. Quote: &quot;There was not significant difference between the demographic characteristics in the control and intervention group.&quot;</p>,Some concerns,"<p>2.1: PY; 2.2: PY. Note: Due to the nature of the intervention, participants and the interventionists were most likely aware of the allocation.</p><p>2.3: PN. Note: No evidence to suggest issues to implement intervention.</p><p>2.4: NA</p><p>2.5: NA</p><p>2.6: NI. Note: No explicit mention of the analysis used to estimate the effect of assignment to intervention.</p><p>2.7: N. There was not a substantial impact of the failure to analyse participants in the group to which they were randomized</p>",Low risk,<p>3.1: PY. Note: Drop-out rate: 21%. </p><p>3.2: NA</p><p>3.3: NA</p><p>3.4: NA</p>,Some concerns,"<p>4.1: N. Note: The selected outcome method (PSI-SF) is widely validated and established.</p><p>4.2: PN. Note: No evidence to suggest differences in measurement between intervention and control.</p><p>4.3: PY. Note: Outcome assessors (participants) were most likely aware of intervention allocation.</p><p>4.4: PY; 4.5: PN. Note: Knowledge of the assigned intervention could influence participant-reported outcomes, but there is no reason to believe that it did. </p>",Low risk,"<p>5.1: PY. Note: No evidence to suggest otherwise, methods and results do not show discrepancies.</p><p>5.2: PN. Note: No evidence to suggest outcome selection. All outcomes mentioned in the methods and results were reported.</p><p>5.3: PN. Note: No evidence to suggest analyses selection. All outcomes mentioned in the methods and results were reported.</p>",Some concerns,"<p>The study is judged to raise some concerns in two domains (2 and 4), but not to be at high risk of bias for any domain.</p>"
9,3,Distress/PTSD symptoms at 0-1 months—indicated prevention adults,Primary healthcare workers,SUBGROUP_AND_OVERALL,Cheng 2021,2021,0.0,0.0,2.42,0.65,0,106,2.82,0.73,0,103,0.0,0.0,5.920663,-0.577123,-0.85399,-0.300255,Diabetes Distress Scale (DDS),Low risk,<p>1.1: Y. Quote: &quot;A total of 242 participants were assigned in a 1:1 ratio with stratification on the basis of the study site via computerized randomization with a block size of 4.</p><p>1.2: Y. Quote: &quot;Sealed envelopes were prepared by off-site researchers who were blinded to the practical implementation of the study.&quot;; Note: Alloca-tion concealment was maintained until intervention was assigned. </p><p>1.3: PN. No significant differences at baseline.</p>,Low risk,"<p>2.1: PY; 2.2: PY. Note: Due to the nature of the intervention, participants and the interventionists were most likely aware of the allocation.</p><p>2.3: PN. No evidence to suggest issues to implement intervention.</p><p>2.4: NA</p><p>2.5: NA</p><p>2.6: Y. Quote: &quot;Statistical analyses were performed using the generalized estimating equations based on the intention-to-treat principle&quot;</p><p>2.7: NA</p>",Low risk,<p>3.1: PY. Note: Drop-out: 41 of 242. </p><p>3.2: NA</p><p>3.3: NA</p><p>3.4: NA</p>,Some concerns,"<p>4.1: N. Note: The selected outcome method (DDS) is widely validated and established.</p><p>4.2: PN. Note: No evidence to suggest differences in measurement between intervention and control.</p><p>4.3: PN. Note: Outcome assessors (participants) were most likely aware of intervention allocation.</p><p>4.4: PY; 4.5: PN. Note: Knowledge of the assigned intervention could influence participant-reported outcomes, but there is no reason to believe that it did. </p>",Low risk,"<p>5.1: PY. Note: No evidence to suggest otherwise, methods and results do not show discrepancies.</p><p>5.2: PN. Note: No evidence to suggest outcome selection. All outcomes mentioned in the methods and results were reported.</p><p>5.3: PN. Note: No evidence to suggest analyses selection. All outcomes mentioned in the methods and results were reported.</p>",Some concerns,"<p>The study is judged to raise some concerns in one domain (4), but not to be at high risk of bias for any domain.</p>"
9,3,Distress/PTSD symptoms at 0-1 months—indicated prevention adults,Primary healthcare workers,SUBGROUP_AND_OVERALL,Chew 2018,2018,0.0,0.0,3.1,0.9,0,44,2.9,0.9,0,56,0.0,0.0,5.753352,0.220517,-0.175558,0.616593,Diabetes Distress Scale (DDS),Low risk,"<p>1a.1: Y; 1a.2: PY.  Note: Title mentions RCT design. <br/>Quote: &quot;In assigning the HCs to the VEMOFIT group (VG) or attention-control groups (AG), randomisation will be carried out after stratification by cluster size and geographical areas of the 10 HCs.&quot;</p><p>Quote: &quot;A member of the Data Management Services team at the University Medical center, Ultrecht will carry out the randomisation.&quot;</p><p>1.3: NI.  Note: No useful information is reported to evaluate this element</p><p>1b.1: PY. Seems that participants were recruited after randomization. </p>",Low risk,<p>2.1a: PY. 2.1b: PN. Quote: &quot;We use a modified informed consent procedure to ensure that patients are unware of the two different intervention programmes&quot;.<br/>2.2.: Y. Nurses were trained to deliver the intervention. </p><p>2.3: PN. Note: No evidence to suggest deviations from the intended intervention that arose because of the trial context.</p><p>2.4: NA.</p><p>2.5: NA.</p><p>2.6: Y. Note: The analysis was carried out on an intention to treat basis.</p><p>2.7: NA.</p>,Low risk,"<p>3.1a: PY. All 10 clusters that recruited participants were analyzed. <br/>3.1b: PN. 92 from intervention group (n = 145) and 79 from control group (n = 150) did not receive allocated intervention. In addition to the 33 people lost to follow up at 12 months, 5 additional missing data were noted with regard to PHQ-9.</p><p>3.2: PN. No evidence that the result was not biased by missing data.</p><p>3.3: PN; 3.4: NA. Note: Missingness in the outcome do not depend on its true value. </p>",Low risk,"<p>4.1: N. Note: The selected outcome method (Malay Brief Illness Perception Quetsionnaire, MBIPQ) is validated and established.</p><p>4.2: PN.  Note: No evidence to suggest differences in measurement between intervention and control</p><p>4.3a: PY.Outcome assessors (participants) were most likeley aware that a trial was taking a place.<br/>4.3b: PN. Quote: &quot;We use a modified informed consent procedure to ensure that patients are unware of the two different intervention programmes&quot;</p><p>4.4: NA.</p><p>4.5: NA.</p>",Low risk,<p>5.1: PY.  Note: Protocol is available. </p><p>5.2: PN.  Note: No evidence to suggest outcome selection. Almost all outcomes mentioned in the methods and protocol were reported (It is not reported &quot;heath-care utilization hospital&quot; that is a secondary outcome). </p><p>5.3: PN. Note: No evidence to suggest analyses selection. All outcomes mentioned in the methdis and protocol were reported. </p>,Low risk,<p>The study is judged to be at low risk of bias for all domains.</p>
9,3,Distress/PTSD symptoms at 0-1 months—indicated prevention adults,Primary healthcare workers,SUBGROUP_AND_OVERALL,Novelli 2018,2018,0.0,0.0,30.4,15.39,0,15,35.33,13.55,0,15,0.0,0.0,5.100451,-0.330829,-1.05212,0.390463,Zarit Burden Interview (ZBI),Low risk,"<p>1.1: Y; 1.2: Y. Quote: &quot;The 30 dyads were randomized to an EG and a CG, by randomization in blocks of 4 generated by a computer, performed by a blinded research assistant.&quot;</p><p>1.3: N. Quote: &quot;There was no statistical difference between the groups with regard to baseline characteristics&quot;</p>",Low risk,"<p>2.1: PY; 2.2: PY. Note: Due to the nature of the intervention, caregivers and people who delivering the intervention were most likely aware of the assignment. May be different for patients given the nature of their disorder. </p><p>2.3: N. Note: No evidence of deviations from protocol.</p><p>2.4: NA.</p><p>2.5: NA.</p><p>2.6: PY. Note: 32 out of the 33 randomized dyads were included in post-test analyses. No explicit mention of approach used. </p><p>2.7: NA.</p>",Low risk,"<p>3.1: Y. Quote: &quot;With regard to the total sample, there was a 2-dyad sample loss at the start of the TAP-BR application, because of subject desistance, and 2 new dyads were included in this group; hence, the final sample was of 15 dyads in each group.<br/>There was no loss in the CG because retention strategies were applied.&quot;; &quot;There was no sample loss in the postintervention evaluation.&quot;</p><p>3.2: NA.</p><p>3.3: NA.</p><p>3.4: NA.</p>",Some concerns,"<p>4.1: N. Note: Zarit scale has been validated for use in Brazil</p><p>4.2: PN. Note: No evidence to suggest differences in measurement between intervention and control. </p><p>4.3: PY. Note: Outcome assessors (participants) were most likely aware of intervention allocation. CHWs collecting data were blinded.</p><p>4.4: PY; 4.5: PN. Note: Knowledge of the assigned intervention could influence participant-reported outcomes, but there is no reason to believe that it did</p>",Low risk,"<p>5.1: PY. Note: no evidence to suggest otherwise, methods and results do not show discrepancies. </p><p>5.2: PN. Note: No evidence to suggest outcome selection. All outcomes mentioned in the methods are reported.</p><p>5.3: PN. Note: No evidence to suggest analyses selection. All analyses mentioned in the methods were reported. </p>",Some concerns,"<p>The study is judged to raise some concerns in one domain (4), but not to be at high risk of bias for any domain.</p>"
9,3,Distress/PTSD symptoms at 0-1 months—indicated prevention adults,Primary healthcare workers,SUBGROUP_AND_OVERALL,Rajeswari 2020,2020,0.0,0.0,40.52,8.61,0,120,77.56,8.89,0,119,0.0,0.0,5.648104,-4.219477,-4.677488,-3.761467, Calvin Hobel Scale,Some concerns,"<p>1.1: PY; 1.2: NI. Quote: &quot;The women were assigned using a lottery method to intervention and control groups, 125 in each group&quot;</p><p>1.3: PN. Quote: &quot;Majority were in the age group of 25–29 years (intervention group 60 [48%]; control group 57 [45.60%]).It was seen that 37 (29.60%) in the intervention group and 35 (28.0%) in the control group had high school education, 63 (50.40%) of the intervention group and 59 (47.20%) of the control group were residing in suburban area, 72 (57.60%) in the intervention group and 68 (54.40%) in the control group belonged to nuclear families.; &quot;No formal testing is reported</p>",Low risk,"<p>2.1: PY. 2.2: Y.  Note: Due to the nature of the intervention participants were most likely aware of the intervention. Research team members were aware of the intervention during its delivery.</p><p>2.3: PN. Note: No evidence of deviations</p><p>2.4: NA.</p><p>2.5: NA.</p><p>2.6: PY. No mention of approach to estimate effect of assignment to intervention. Out of the 250 participants randomized, 239 were analyzed.</p><p>2.7: NA.</p>",Low risk,"<p>3.1: Y. Note: 125 randomized to intervention, 120 analysed at follow-up. 125 allocated to control, 119 analysed (about 4% were lost)</p><p>3.2: NA.</p><p>3.3: NA.</p><p>3.4: NA.</p>",Some concerns,"<p>4.1: NI. Note: While information on validity for this sample are reported, the measure has been validated across other contexts</p><p>4.2: PN. Note: no evidence to suggest differences in measurement between intervention and control.</p><p>4.3: PY. Note: Outcome assessors (mothers) were most likely aware of intervention allocation.</p><p>4.4: PY. Note: Knowledge of the assigned intervention could influence participant-reported outcomes, but there is no reason to believe that it did</p><p>4.5: PN.</p>",Low risk,"<p>5.1: PY.  Note: no evidence to suggest otherwise, methods and results do not show discrepancies.</p><p>5.2: PN.  Note: No evidence to suggest outcome selection. All outcomes mentioned in the methods were reported. </p><p>5.3: PN. Note: no evidence to suggest analyses selection. All outcomes mentioned in the methods and results were reported. </p>",Some concerns,"<p>The study is judged to raise some concerns in two domains (1 and 4), but not to be at high risk of bias for any domain.</p>"
10,1,Depressive symptoms at 0-1 months—indicated prevention adults,Community setting,SUBGROUP_AND_OVERALL,Acarturk 2022,2022,0.0,0.0,5.241,4.905,0,236,5.324,5.124,0,267,0.0,0.0,9.976031,-0.016501,-0.191618,0.158616,Patient Health Questionnaire 9 (PHQ-9),Low risk,"<p>1.1: Y. Quote: &quot;Participants were randomly assigned either to the Self-Help Plus arm or to ECAU only, in a 1:1 ratio.&quot; 1.2: Y. Quote &quot;The randomization schedule was generated by Castor Electronic Data Capture (EDC). (..)  Research team members involved in<br/>recruitment were able to access the web-based software to randomize each newly enrolled participant, but were not able to access the randomization list, and were not aware of the block size.&quot;</p><p>1.3: N. Note: No significant differences at baseline. </p>",Low risk,<p>2.1: PY; 2.2: PY. Note: Due to the nature of the intervention participants and the interventionists were most likely aware of the allocation.</p><p>2.3: PN. Note: No evidence to suggest issues to implement intervention.</p><p>2.4: NA.</p><p>2.5: NA.</p><p>2.6: Y. Quote: &quot;We followed an intent-to-treat approach for analysis of primary and secondary outcomes&quot;</p><p>2.7: NA.</p>,Low risk,<p>3.1: PY. Quote: &quot; The distribution of participants lost to follow-up was similar between the study groups (15.53% vs. 14.06%)&quot;</p><p>3.2: NA.</p><p>3.3: NA.</p><p>3.4: NA.</p>,Some concerns,"<p>4.1: N. Note: The selected outcome method (PHQ-9) is widely validated and established.</p><p>4.2: PN. Note: No evidence to suggest differences in measurement between intervention and control. </p><p>4.3: PY. Note: Outcome assessors (participants) were most likely aware of intervention allocation. </p><p>4.4: PY; 4.5: PN. Note: Knowledge of the assigned intervention could influence participant-reported outcomes, but there is no reason to believe that it did.</p>",Low risk,"<p>5.1: PY. Note: no evidence to suggest otherwise, methods and results do not show discrepancies. </p><p>5.2: PN. Note: No evidence to suggest outcome selection. All outcomes mentioned in the methods are reported.</p><p>5.3: PN. Note: No evidence to suggest analyses selection. All analyses mentioned in the methods were reported. </p>",Some concerns,"<p>The study is judged to raise some concerns in one domain (4), but not to be at high risk of bias for any domain.</p>"
10,1,Depressive symptoms at 0-1 months—indicated prevention adults,Community setting,SUBGROUP_AND_OVERALL,Baumgartner 2021,2021,0.0,0.0,2.79,3.81,0,119,1.56,2.8,0,85,0.0,0.0,7.981958,0.357648,0.077107,0.638188,Patient Health Questionnaire 9 (PHQ-9),Low risk,"<p>1a.1: PY; 1a.2: PY. Researchers performed stratified constrained randomization. This was carried out through software. Quote: &quot;Constrained randomization was implemented using the cvcrand Stata package by the US-based team&quot;. 1a.3: NI.  No useful information is reported to evaluate this element. 1b.1: PN. It appears the randomization was conducted prior to the recruitment of participants: 1b.2: PN. It is unlikely that the selection of individual participants was affected by knowledge of the intervention assigned to the cluster. 1b.3: PN. There were some baseline imbalances that were compatible with chance, there is no evidence to indicate differential identification or recruitment of individual participants. </p>",Some concerns,"<p>2.1 a: NI; 2.1b: PY; 2.2: PY. No information was provided on whether participants knew that they were in a trial, due to the nature of the intervention they (as those delivering the intervention) were most likely aware of intervention allocation. 2.3: PY. The low literacy of the lay providers could have impacted implementation fidelity. Quote: &quot;This strategy supported the potential sustainability of the intervention but came with literacy challenges for delivering the iMBC content with full fidelity&quot;. 2.4: PN. No evidence to suggest deviations from the intended intervention would have influenced the outcomes. 2.5: NA. 2.6: PY. Data were analysed for most randomized participants. 2.7: NA.</p>",Low risk,"<p>3.1a: PY. All included clusters were analyzed. 3.1b: PY. Data were available for nearly all participants within the cluster. Quote: &quot;303 (81%), 313 (83.7%), and 266 (71.1%) participants were followed up at the mini-survey, imme- diate post-intervention survey (follow-up 1), and the 8-month post- intervention survey (follow-up 2) time points, respectively &quot;. 3.2: NA. 3.3: NA. 3.4: NA.</p>",Some concerns,"<p>4.1: N. The outcome measure is well established and reported good psychometric properties in this sample. 4.2: PN. No evidence to suggest differences in measurement between intervention and control. 4.3A: NI; 4.3b: PY. No information provided on whether participants knew that they were in a trial, participants (outcome assessors) were most likely aware of the group allocation due to the nature of the intervention. 4.4: PY; 4.5: PN. Knowledge of the assigned intervention could influence participant-reported outcomes, but there is no reason to believe that it did.</p>",Low risk,"<p>5.1: PY. No evidence to suggest otherwise, methods and results do not show discrepancies. 5.2: PN. No evidence to suggest outcomes selection. All outcomes mentioned in the methods and results were reported. 5.3: PN. No evidence to suggest analyses selection. All outcomes mentioned in the methods and results were reported. </p>",Some concerns,"<p>The study is judged to raise some concerns in two domains (2 and 4), but not to be at high risk of bias for any domain.</p>"
10,1,Depressive symptoms at 0-1 months—indicated prevention adults,Community setting,SUBGROUP_AND_OVERALL,Escolar 2014,2014,0.0,0.0,4.36,1.77,0,25,7.8,3.0,0,15,0.0,0.0,2.797312,-1.465319,-2.189283,-0.741355,Geriatric Depression Scale Short Form (GDS-S),Some concerns,<p>1.1: Y; 1.2: NI. Quote: &quot;The respondents were then randomly assigned to either the experimental or control group&quot; No information provided about allocation concealment.</p><p>1.3: PN. Note: No significant differences at baseline. </p>,Some concerns,<p>2.1: PY; 2.2: PY. Note: Due to the nature of the intervention participants and the interventionists were most likely aware of the allocation.</p><p>2.3: NI. Note: No information provided. </p><p>2.4: NA.</p><p>2.5: NA.</p><p>2.6: NI. Note: No infomation provided. </p><p>2.7: N. Note: No drop-out. </p>,Low risk,<p>3.1: Y. Note: No missing data. </p><p>3.2: NA.</p><p>3.3: NA.</p><p>3.4: NA.</p>,Some concerns,"<p>4.1: N. Note: The selected outcome method (PHQ-9) is widely validated and established.</p><p>4.2: PN. Note: No evidence to suggest differences in measurement between intervention and control. </p><p>4.3: Y. Note: Only self-reported measure. </p><p>4.4: PY; 4.5: PN. Note: Knowledge of the assigned intervention could influence participant-reported outcomes, but there is no reason to believe that it did.</p>",Low risk,"<p>5.1: PY. Note: No protocol available. No evidence to suggest otherwise, methods and results do not show discrepancies. </p><p>5.2: PN. Note: No evidence to suggest outcome selection. All outcomes mentioned in the methods are reported.</p><p>5.3: PN. Note: No evidence to suggest analyses selection. All analyses mentioned in the methods were reported. </p>",Some concerns,"<p>The study is judged to raise some concerns in three domains (1, 2, 4), but not to be at high risk of bias for any domain.</p>"
10,1,Depressive symptoms at 0-1 months—indicated prevention adults,Community setting,SUBGROUP_AND_OVERALL,Lachman 2017,2017,0.0,0.0,9.93,10.02,0,34,8.77,8.59,0,34,0.0,0.0,4.943402,0.12288,-0.352957,0.598717,Beck Depression Inventory (BDI-II),Low risk,"<p>1.1: Y; 1.2:Y. Quote: &quot;An external researcher not directly involved in the study conducted the randomization procedures remotely in Oxford, United<br/>Kingdom. Participants were randomly assigned on a 1:1 ratio to an intervention or wait-list control group after baseline data collection<br/>using a concealed computerized program, SealedEnvelope™.&quot;; &quot;Our implementing partner, Clowns Without Borders South Africa, notified participants of their<br/>allocation status via telephone.&quot;</p><p>1.3:PN.</p>",Low risk,"<p>2.1:Y; 2.2:Y. Quote: &quot;Although program implementers and participants were aware of their allocation status, researchers<br/>conducting self-report interviews and observational assessments were blind to allocation.&quot;</p><p>2.3: PN. Note: No evidence to suggest issues to implement intervention</p><p>2.4:NA.</p><p>2.5:NA.</p><p>2.6:Y. Quote: &quot;Data analyses were conducted with an intention-to-treat design&quot;</p><p>2.7:NA.</p>",Low risk,<p>3.1:Y. Note: 3 out of the 68 participants randomized were lost at follow-up (2.9%).</p><p>3.2:NA.</p><p>3.3:NA.</p><p>3.4:NA.</p>,Some concerns,"<p>4.1:PN. Note: The selected outcome method is widely validated and established, appropriate for the local context, and assessed in its psychometric properties for this sample. </p><p>4.2:PN. Note: No evidence to suggest differences in measurement between intervention and control. </p><p>4.3:Y. Note: Outcome assessors (participants) were most likely aware of intervention allocation. The research assistants administering the questionnaires were blinded.</p><p>4.4: PY; 4.5:PN. Note: Knowledge of the assigned intervention could influence participant-reported outcomes, but there is no reason to believe that it did</p>",Some concerns,"<p>5.1:PY. Note: No evidence to suggest otherwise, the protocol and manuscript do not show discrepancies. </p><p>5.2: PY. Note: A few of the secondary outcomes mentioned in the protocol (e.g. ASSIST, Grover-Counter Scale of Cognitive Development) were not reported in this manuscript. </p><p>5.3: PN. Note: No evidence to suggest analyses selection. All analyses mentioned in the protocol and methods were reported in the results. </p>",Some concerns,"<p>The study is judged to raise some concerns in two domains (4 and 5), but not to be at high risk of bias for any domain.</p>"
10,1,Depressive symptoms at 0-1 months—indicated prevention adults,Community setting,SUBGROUP_AND_OVERALL,Lachman 2020,2020,0.0,0.0,11.88,9.13,0,29,14.0,11.15,0,24,0.0,0.0,4.208311,-0.20698,-0.749384,0.335424,Center for Epidemiologic Studies Depression Scale (CES-D),Low risk,"<p>1a.1: Y; 1a.2: Y. Quote: &quot;Cluster randomisation was conducted at village level prior to baseline assessments, to reduce the likelihood of contamination between arms. An external researcher used concealed computer-generated codes to randomly allocate eight villages into three treatment arms and a control arm &quot;; &quot;The implementing partner notified the participating families of their allocation status after baseline data collection.&quot;</p><p>1a.3: NI. No useful information is reported to evaluate this element.</p><p>1b.1: PN. Note: randomization was conducted prior to the recruitment of participants</p><p>1b.2: PN. Note: groups were comparable at baseline, see Table 1. </p>",Low risk,"<p>2.1a: NI; 2.1b: PY; 2.2: PY. Note: No information provided on whether participants knew that they were in a trial, due to the nature of the intervention they (as those delivering the intervention) were aware of intervention allocation. </p><p>2.3: PN. Note: No evidence to indicate deviations from protocol.</p><p>2.4: NA.</p><p>2.5: NA.</p><p>2.6: Y. Note: Data was analysed on an intention-to-treat basis.</p><p>2.7: NA.</p>",Low risk,"<p>3.1a.: Y. Note: all included clusters were analyzed; 3.1b: PY. Note: data were available for nearly all participants within the cluster. Quote:&quot;Study retention was considerably higher than anticipated with 94.8% adults (n=235/248), 87.5% children (n=154/176) and 87.8% in their early childhood (n=122/139) assessments completed at post-treatment, with no differences between arms &quot;</p><p>3.2: NA.</p><p>3.3: NA.</p><p>3.4: NA.</p>",Some concerns,"<p>4.1: PN. Note: The outcome measure is widely established and validated for use across different contexts.</p><p>4.2: PN. Note: No evidence to suggest differences in measurement between intervention and control.</p><p>4.3a: NI; 4.3b: PY. Note: No information provided on whether participants knew that they were in a trial, participants (outcome assessors) were most likely aware of the group allocation due to the nature of the intervention.</p><p>4.4: PY; 4.5: PN. Note: Knowledge of the assigned intervention could influence participant-reported outcomes, but there is no reason to believe that it did.</p>",Low risk,"<p>5.1: PY. Note: No evidence to suggest otherwise, methods and results do not show discrepancies.</p><p>5.2: PN. Note: No evidence to suggest outcomes selection. All outcomes mentioned in the methods and results were reported. </p><p>5.3: PN. Note: No evidence to suggest analyses selection. All outcomes mentioned in the methods and results were reported. </p>",Some concerns,"<p>The study is judged to raise some concerns in one domain (4), but not to be at high risk of bias for any domain.</p>"
10,1,Depressive symptoms at 0-1 months—indicated prevention adults,Community setting,SUBGROUP_AND_OVERALL,Sangraula 2020,2020,0.0,0.0,6.2,3.7,0,7,9.3,4.3,0,7,0.0,0.0,1.41138,-0.7235,-1.817804,0.370804,Patient Health Questionnaire 9 (PHQ-9),Low risk,"<p>1a.1: PY. 1a.2: PY. Quote: &quot;A randomization procedure was used, in which names of the two VDCs were written on cards and placed into a hat. The District Public Health Officer (DPHO) was to draw one card from the hat which would be allocated as the intervention arm VDC and the VDC in the remaining card would be allocated to the control arm. Program staff, including community psychosocial workers (CPSWs) and research assistants (RAs) were only assigned to either VDC after the random drawing to reduce risk of unblinding. </p><p>1a.3: PN.  There is no evidencde to suggest problems in the randomization process</p><p>1b.1: PN. it appears the randomization was conducted prior to the recruitment of participants.</p><p>1b.2: PN. It is unlikely that the selection of inidividual participants was affected by knowledge of the intervention assigned to the cluster. </p><p>1b.3: PN. there is no evidence to indicate imbalances in baseline values to indicate differentail identification or recruitment of individual participants. </p>",Low risk,"<p>2.1 a:NI. 2.1b: PN. 2.2: PN. Quote: &quot;CPSWs, RAs, trial participants, and local mhGAP trained health workers were blinded to the allocation of the study conditions. The VDCs of the two arms were separated by another VDC which worked as a buffer and physical barrier against contamination between the two arms. CPSWs in both arms were instructed not to disclose the treatment that any participants received except with their clinical supervisors. The trial statistician was blinded to treatment arm during analysis. &quot;</p><p>2.3: NA.</p><p>2.4: NA.</p><p>2.5: NA. </p><p>2.6: PY. Data was analysed for most participants randomized.</p>",Low risk,<p>3.1a: Y. all included clusters were analyzed; </p><p>3.1b: PY. data were available for nearly all participants within the cluster</p><p>3.2: NA.</p><p>3.3: NA.</p><p>3.4: NA.</p>,Low risk,"<p>4.1: PN. The outcome measure (PHQ-9) is widely established and used across contexts, included the one of the trial</p><p>4.2: PN. No evidence to suggest that measurement or ascertainment of the outcome differed between intervention groups.</p><p>4.3a:NI. 4.3b: PN.  No information provided on whether participants knew that they were in a trial, participants (outcome assessors) were blinded</p>",Low risk,"<p>5.1: PY. No evidence to suggest otherwise, protocol and paper do not show discrepancies.</p><p>5.2: PN. No evidence to suggest outcome selection. All outcomes mentioned in the protocol, methods and results were reported.</p><p>5.3: PN. No evidence to suggest analyses selection. All analyses mentioned in the protocol, methods and results were reported.</p>",Low risk,<p>The study is judged to be at low risk of bias for all domains.</p>
10,1,Depressive symptoms at 0-1 months—indicated prevention adults,Community setting,SUBGROUP_AND_OVERALL,Song 2019,2019,0.0,0.0,4.87,3.22,0,60,5.7,3.6,0,60,0.0,0.0,6.600216,-0.241477,-0.600662,0.117708,Geriatric Depression Scale (GDS),Low risk,"<p>1.1: Y; 1.2: PY. Note: Block randomization, computer-generated random list. Using opaque and sealed envelopes for group allocation code keeping. This was done by a person not involved in data collection. </p><p>1.3: N. Quote: &quot;No considerable differences were observed between the intervention and control groups in terms of demographic characteristics, baseline outcome and mediating variables.&quot;</p>",Low risk,<p>2.1: Y; 2.2: PY. Note: Due to the nature of the intervention participants were most likely aware of their allocation. </p><p>2.3: PN. Note: No evidence to suggest issues in recruitment and engagement nor failures to implement intervention</p><p>2.4: NA.</p><p>2.5: NA.</p><p>2.6: Y. Note: An ITT analysis was conducted.</p><p>2.7: NA.</p>,Low risk,"<p>3.1: PY. Note: Data at end line was missing, due to withdrawal or loss to follow-up, for 29 participants (circa 24%). </p><p>3.2: NA.</p><p>3.3: NA.</p><p>3.4: NA.</p>",Some concerns,"<p>4.1: PN. Quote: &quot;GDS is easy to administer and is a valid tool for assessing depressive symptoms in individuals with mild cognitive impairment&quot;; The Cronbach’s alpha in this study was 0.784.</p><p>4.2: PN. Note:  No evidence to suggest differences in measurement between intervention and control.</p><p>4.3: PY. Note: Outcome assessors (participants) were most likely aware of intervention allocation. Researchers involved in data collection were blinded to group allocation.</p><p>4.4: PY; 4.5: PN. Note: Knowledge of the assigned intervention could influence participant-reported outcomes, but there is no reason to believe that it did.</p>",Low risk,"<p>5.1: PY. Note: no evidence to suggest otherwise, methods and results do not show discrepancies. </p><p>5.2: PN. Note: No evidence to suggest outcome selection. All outcomes mentioned in the methods are reported.</p><p>5.3: PN. Note: No evidence to suggest analyses selection. All analyses mentioned in the methods were reported. </p>",Some concerns,"<p>The study is judged to raise some concerns in one domain (4), but not to be at high risk of bias for any domain.</p>"
10,1,Depressive symptoms at 0-1 months—indicated prevention adults,Community setting,SUBGROUP_AND_OVERALL,Ward 2020,2020,0.0,0.0,8.75,8.44,0,148,10.9,10.48,0,128,0.0,0.0,8.801268,-0.227118,-0.46446,0.010224,Beck’s Depression Inventory (BDI),Low risk,<p>1.1: PY; 1.2: PY.  Quote: &quot;Randomization was conducted after data collection by an off-site statistician with no other contact with the trial&quot;.&quot;</p><p>1.3: PN. Baseline characteristics were overall comparable across groups as demonstrated by Table 1.</p>,High risk,"<p>2.1: PY; 2.2: PY.  Due to the nature of the intervention participants and personnel were moslt likely aware of their assigned intervention.</p><p>2.3: PY. There is some evidence to suggest possible contamination between the intervention and control group. Quote: &quot;In addition, in the dense living environments of informal settlements, it is possible that there was contamination between intervention and control groups.&quot;</p><p>2.4: PY. Contamination could have affected the outcomes.</p><p>2.5: PY. Contamination is more liekly to affect the participants in the control group.</p><p>2.6: PY. No explicit mention of the analysis used to estimate the effect of assignment to intervention, but data was analyzed for almost all randomized participants. Quote: &quot;For caregiver self-report, the follow-up rate was 97.0% at t1 and 91.9% at t&quot;. </p><p>2.7: NA.</p>",Low risk,"<p>3.1: PY.  Data was availalble for almost all randomized participants. Quote: &quot;For caregiver self-report, the follow-up rate was 97.0% at t1 and 91.9% at t&quot;</p><p>3.2: NA. </p><p>3.3: NA.</p><p>3.4: NA.</p>",Some concerns,"<p>4.1: PN. The selected outcome method is widely validated and established across contexts and demonstrated good psychometric properties in the study</p><p>4.2: PN. Note: No evidence to suggest differences in measurement between intervention and control. </p><p>4.3: PY. Outcome assessors (participants) were most likely aware of intervention allocation. </p><p>4.4: PY. Knowledge of the assigned intervention could influence participant-reported outcomes, but there is no reason to believe that it did</p><p>4.5: PN.</p>",Low risk,"<p>5.1: PY.  No evidence to suggest otherwise, methods and results do not show discrepancies.. </p><p>5.2: PN. No evidence to suggest outcome selection.. </p><p>5.3: PN. No evidence to suggest analyses selection. All analyses mentioned in the methods were reported.. </p>",High risk,<p>The study is judged to be at high risk of bias<b> </b>in one domain (2).</p>
10,1,Depressive symptoms at 0-1 months—indicated prevention adults,Refugee camp,SUBGROUP_AND_OVERALL,Yeomans 2010,2010,0.0,0.0,1.76,0.62,0,38,1.83,0.67,0,38,0.0,0.0,5.268318,-0.107343,-0.557331,0.342645,Depression Subscale of the Hopkins Symptom Checklist-25 (HSCL),Low risk,"<p>1.1: Y; 1.2: NI.Note: Title mentions RCT design. No further information.  </p><p>1.3: N. Quote: &quot;There  were no significant baseline differences between the three treatment groups across age, gender, ethnicity, symptoms, education level, traumatic events experienced, or on prior exposure to trauma discourse&quot;</p>",Some concerns,"<p>2.1: Y; 2.2: PY. Quote: &quot;Participants (...) were informed of random allocation procedures&quot;. Due to the nature of the intervention, the interventionists were most likely aware of the allocation. </p><p>2.3: PN. Note: No evidence to suggest issues to implement intervention</p><p>2.4: NA.</p><p>2.5: NA. </p><p>2.6: NI. Note: No explicit mention of the analysis used to estimate the effect of assignment to intervention</p><p>2.7: NA. Note: There was not a substantial impact of the failure to analyse participants in the group to which they were randomized</p>",Low risk,<p>3.1: Y. Note:  Lost to follow-up: 7 of 120</p><p>3.2: NA.</p><p>3.3: NA.</p><p>3.4: NA.</p>,Some concerns,"<p>4.1: N. Note: The selected outcome method (HSCL-25) is widely validated and established across multiple languages.</p><p>4.2: PN. Note: No evidence to suggest differences in measurement between intervention and control.</p><p>4.3: PY. Note: Outcome assessors (participants) were most likely aware of intervention allocation. </p><p>4.4: PY; 4.5: PN. Note: Knowledge of the assigned intervention could influence participant-reported outcomes, but there is no reason to believe that it did.</p>",Low risk,"<p>5.1: PY. Note: No evidence to suggest otherwise, methods and results do not show discrepancies. </p><p>5.2: PN. Note: No evidence to suggest outcome selection. All outcomes mentioned in the methods and results were reported. </p><p>5.3: PN. Note: No evidence to suggest analyses selection. All analyses mentioned in the methods were reported. </p>",Some concerns,"<p>The study is judged to raise some concerns in two domains (2 and 4), but not to be at high risk of bias for any domain.</p>"
10,1,Depressive symptoms at 0-1 months—indicated prevention adults,Other,SUBGROUP_AND_OVERALL,Asnani 2021,2021,0.0,0.0,14.0,10.3,0,32,15.7,12.3,0,32,0.0,0.0,4.76686,-0.148037,-0.638742,0.342669,Center for Epidemiologic Studies Depression Scale (CES-D),Low risk,"<p>1.1: Y; 1.2: Y. Note: Quote: &quot;A random numbers<br/>table, computer generated by an independent staff statistician, was kept centrally. Once baseline<br/>measurements were completed, the study coordinator telephoned the central site for the<br/>next assignment based on the random number table and informed the subject of her allocation<br/>group. Th&quot;</p><p>1.3: PN. Note: Baseline characteristics were overall comparable across groups, significant differences were reported for 2 variables (compatible with chances) </p>",Low risk,<p>2.1: PY; 2.2: PY. Note: Due to the nature of the intervention participants and personnel were most likely aware of their assigned intervention </p><p>2.3: PN. Note: No evidence to suggest issues to implement intervention. Some changes were made to the protocol before recruitment. These are reported in the manuscript.</p><p>2.4: NA.</p><p>2.5: NA. </p><p>2.6: Y. Quote: &quot;Analyses were performed based on intention to treat principles&quot;</p><p>2.7: NA.</p>,Low risk,"<p>3.1: Y. Note: Data was availalble for all 64 randomized participants, there were no losses at the 6 months follow-up.</p><p>3.2: NA.</p><p>3.3: NA.</p><p>3.4: NA.</p>",Some concerns,"<p>4.1: PN. Note: The selected outcome method (CES-D) is widely validated and established and demonstrated good inter-item reliability in the study (0.9)</p><p>4.2: PN. Note: No evidence to suggest differences in measurement between intervention and control.</p><p>4.3: PY. Note: Outcome assessors (participants) were most likely aware of intervention allocation. Staff involved in data collection was blinded to the allocation.</p><p>4.4: PY; 4.5: PN. Note: Knowledge of the assigned intervention could influence participant-reported outcomes, but there is no reason to believe that it did.</p>",Low risk,"<p>5.1: PY. Note: No evidence to suggest otherwise, methods and results do not show discrepancies. </p><p>5.2: PN. Note: No evidence to suggest outcome selection. All outcomes mentioned in the methods are reported. Authors mention that the CES-D was not initially planned to be an outcome of interest in the study, this was added in a second moment, but still before the beginning of recruitment. </p><p>5.3: PN. Note: No evidence to suggest analyses selection. All analyses mentioned in the methods were reported. </p>",Some concerns,"<p>The study is judged to raise some concerns in one domain (4), but not to be at high risk of bias for any domain.</p>"
10,1,Depressive symptoms at 0-1 months—indicated prevention adults,Other,SUBGROUP_AND_OVERALL,Chaharrahifard 2021,2021,0.0,0.0,10.64,5.83,0,27,12.6,5.78,0,25,0.0,0.0,4.152282,-0.33249,-0.880534,0.215555,Edinburgh Postnatal Depression Scale (EPDS),Low risk,<p>1.1: Y. Note: Title mentions RCT design; Quote: &quot;the samples were randomly assigned to two groups of received counseling (intervention) and non-received counseling (control) by four-sized randomized blocks.&quot;</p><p>1.2: Y. Quote: &quot;The details of blocks were contained in asset of sealed.</p><p>1.3: N. Quote: &quot;There was not significant difference between the demographic characteristics in the control and intervention group.&quot;</p>,Some concerns,"<p>2.1: PY; 2.2: PY. Note: Due to the nature of the intervention, participants and the interventionists were most likely aware of the allocation.</p><p>2.3: PN. No evidence to suggest issues to implement intervention.</p><p>2.4: NA</p><p>2.5: NA</p><p>2.5: NI. Note: No explicit mention of the analysis used to estimate the effect of assignment to intervention.</p><p>2.6: N. Note: There was not a substantial impact of the failure to analyse participants in the group to which they were randomized.</p>",Low risk,<p>3.1: PY. Note: Drop-out rate: 21%. </p><p>3.2: NA</p><p>3.3: NA</p><p>3.4: NA</p>,Some concerns,"<p>4.1: N. Note: The selected outcome method (EPDS) is widely validated and established.</p><p>4.2: PN. Note: No evidence to suggest differences in measurement between intervention and control.</p><p>4.3: PY. Note: Outcome assessors (participants) were most likely aware of intervention allocation.</p><p>4.4: PY; 4.5: PN. Note: Knowledge of the assigned intervention could influence participant-reported outcomes, but there is no reason to believe that it did.</p>",Low risk,"<p>5.1: PY. Note: No evidence to suggest otherwise, methods and results do not show discrepancies.</p><p>5.2: PN. Note: No evidence to suggest outcome selection. All outcomes mentioned in the methods and results were reported.</p><p>5.3: PN. Note: No evidence to suggest analyses selection. All outcomes mentioned in the methods and results were reported.</p>",Some concerns,"<p>The study is judged to raise some concerns in two domains (2 and 4), but not to be at high risk of bias for any domain.</p>"
10,1,Depressive symptoms at 0-1 months—indicated prevention adults,Other,SUBGROUP_AND_OVERALL,Chang 2015,2015,0.0,0.0,19.0,13.3,0,20,18.8,11.6,0,63,0.0,0.0,4.625891,0.016484,-0.486562,0.51953,Center for Epidemiologic Studies Depression Scale (CES-D),Low risk,"<p>1.1: Y; 1.2: PY. Note: Title mentions RCT design. Quote: &quot;The evaluation was a cluster randomized trial conducted in Jamaica, Antigua, and St Lucia with public health center as the unit of randomization.&quot;</p><p>1.3: N. Note: Quote: &quot;There were no significant differences between groups in enrollment characteristics&quot;</p>",High risk,"<p>2.1a: NI; 2.1b: PY; 2.2: PY. Note: No information provided on wheter participants knew that they were in a trial, due to the nature of the intervention they (as those delivering the intervention) were most likely aware of intervention allocation. </p><p>2.3: PY. Note: Quote: &quot;Clinics were often noisy and crowded, and some mothers would have had<br/>difficulty hearing and seeing the films. It also made it difficult for the health workers to interact<br/>with the mothers during the<br/>demonstration.&quot;</p><p>2.4: NA.</p><p>2.5: NA.</p><p>2.6: Y. Quote: &quot;Analyses were by intention to treat&quot;</p><p>2.7: NA.</p>",Low risk,<p>3.1a: NI. No information on wheter data was available for all clusters. <br/>3.1b: PY.</p><p>3.2: PY. Quote: &quot;Loss did not differ by group (16% of children were lost to follow-up in the control and 14% were lost to follow-up in the intevrention)&quot;</p><p>3.3: NA.</p><p>3.4: NA.</p>,Some concerns,"<p>4.1: N. Note: The selected outcome measure (center for Epidemiologic Studies-depression Scale) is widely validated and established. </p><p>4.2: PN. Note: No evidence to suggest differences in measurements between intevrention and control.</p><p>4.3a: PY; 4.3b: PY. Note: Interviewers and testers were blind to center assignment but participants (mothers) probably knew that they were in a trial and participants were most likely aware of the group allocation due to the nature of the intervention. Self-assessment scale. </p><p>4.4: PY; 4.5: PN. Note: Knowledge of the assigned intervention could influence participant-reported outcome, but there is no reason to believe that it did</p>",Low risk,"<p>5.1: PY. Note: no evidence to suggest otherwise, methods and results do not show discrepancies. </p><p>5.2: PN. Note: No evidence to suggest outcome selection. All outcomes mentioned in the methods are reported.</p><p>5.3: PN. Note: No evidence to suggest analyses selection. All analyses mentioned in the methods were reported. </p>",High risk,<p>The study is judged to be at high risk of bias<b> </b>in one domain (2).</p>
10,1,Depressive symptoms at 0-1 months—indicated prevention adults,Other,SUBGROUP_AND_OVERALL,Chew 2018,2018,0.0,0.0,6.2,4.4,0,50,6.7,5.1,0,60,0.0,0.0,6.337791,-0.103548,-0.479111,0.272016,Patient Health Questionnaire 9 (PHQ-9),Low risk,"<p>1a.1: Y; 1a.2: PY.  Note: Title mentions RCT design. <br/>Quote: &quot;In assigning the HCs to the VEMOFIT group (VG) or attention-control groups (AG), randomisation will be carried out after stratification by cluster size and geographical areas of the 10 HCs.&quot;</p><p>Quote: &quot;A member of the Data Management Services team at the University Medical center, Ultrecht will carry out the randomisation.&quot;</p><p>1.3: NI.  Note: No useful information is reported to evaluate this element</p><p>1b.1: PY. Seems that participants were recruited after randomization. </p>",Low risk,<p>2.1a: PY. 2.1b: PN. Quote: &quot;We use a modified informed consent procedure to ensure that patients are unware of the two different intervention programmes&quot;.<br/>2.2.: Y. Nurses were trained to deliver the intervention. </p><p>2.3: PN. Note: No evidence to suggest deviations from the intended intervention that arose because of the trial context.</p><p>2.4: NA.</p><p>2.5: NA.</p><p>2.6: Y. Note: The analysis was carried out on an intention to treat basis.</p><p>2.7: NA.</p>,Low risk,"<p>3.1a: PY. All 10 clusters that recruited participants were analyzed. <br/>3.1b: PN. 92 from intervention group (n = 145) and 79 from control group (n = 150) did not receive allocated intervention. In addition to the 33 people lost to follow up at 12 months, 5 additional missing data were noted with regard to PHQ-9.</p><p>3.2: PN. No evidence that the result was not biased by missing data.</p><p>3.3: PN; 3.4: NA. Note: Missingness in the outcome do not depend on its true value. </p>",Low risk,"<p>4.1: N. Note: The selected outcome method (Malay Brief Illness Perception Quetsionnaire, MBIPQ) is validated and established.</p><p>4.2: PN.  Note: No evidence to suggest differences in measurement between intervention and control</p><p>4.3a: PY.Outcome assessors (participants) were most likeley aware that a trial was taking a place.<br/>4.3b: PN. Quote: &quot;We use a modified informed consent procedure to ensure that patients are unware of the two different intervention programmes&quot;</p><p>4.4: NA.</p><p>4.5: NA.</p>",Low risk,<p>5.1: PY.  Note: Protocol is available. </p><p>5.2: PN.  Note: No evidence to suggest outcome selection. Almost all outcomes mentioned in the methods and protocol were reported (It is not reported &quot;heath-care utilization hospital&quot; that is a secondary outcome). </p><p>5.3: PN. Note: No evidence to suggest analyses selection. All outcomes mentioned in the methdis and protocol were reported. </p>,Low risk,<p>The study is judged to be at low risk of bias for all domains.</p>
10,1,Depressive symptoms at 0-1 months—indicated prevention adults,Other,SUBGROUP_AND_OVERALL,Ferreira-Vorkapic 2018,2018,0.0,0.0,9.8,8.44,0,20,11.2,10.48,0,20,0.0,0.0,3.507647,-0.144215,-0.764904,0.476473,Beck’s Depression Inventory (BDI),Low risk,"<p>1.1: Y; 1.2: Y. Quote: &quot;(...) volunteers were randomly allocated to one of the three experimental groups. A separate examiner coordinated the group distribution (and all statistical analysis was performed by an expert from another<br/>state), using the random allocation method.&quot;</p><p>1.3: N. Quote: &quot;the baseline data showing no significant differences between the groups, except for education years, where the relaxation group showed a higher<br/>level of education&quot;</p>",Some concerns,<p>2.1: PY; 2.2: PY. Note: Due to the nature of the intervention participants and personnel were most likely aware of their assigned intervention </p><p>2.3: PN. Note: No evidence to suggest issues to implement intervention</p><p>2.4: NA.</p><p>2.5: NA. </p><p>2.6: NI. Note: No explicit mention of the analysis used to estimate the effect of assignment to intervention</p><p>2.7: NA. Note: There was not a substantial impact of the failure to analyse participants in the group to which they were randomized</p>,Low risk,<p>3.1: Y. Note: Drop-out: 0</p><p>3.2: NA.</p><p>3.3: NA.</p><p>3.4: NA.</p>,Some concerns,"<p>4.1: N. Note: The selected outcome method (BAI) is widely validated and established across multiple languages.ility in the study (0.9)</p><p>4.2: PN. Note: No evidence to suggest differences in measurement between intervention and control.</p><p>4.3: PY. Note: Outcome assessors (participants) were most likely aware of intervention allocation. </p><p>4.4: PY; 4.5: PN. Note: Knowledge of the assigned intervention could influence participant-reported outcomes, but there is no reason to believe that it did.</p>",Low risk,"<p>5.1: PY. Note: No evidence to suggest otherwise, methods and results do not show discrepancies. </p><p>5.2: PN. Note: No evidence to suggest outcome selection. All outcomes mentioned in the methods and results were reported. </p><p>5.3: PN. Note: No evidence to suggest analyses selection. All analyses mentioned in the methods were reported. </p>",Some concerns,"<p>The study is judged to raise some concerns in two domains (2 and 4), but not to be at high risk of bias for any domain.</p>"
10,1,Depressive symptoms at 0-1 months—indicated prevention adults,Other,SUBGROUP_AND_OVERALL,Gao 2015,2015,0.0,0.0,7.61,3.43,0,90,8.96,4.55,0,90,0.0,0.0,7.728626,-0.333648,-0.627893,-0.039403,Edinburgh Postnatal Depression Scale (EPDS),Low risk,"<p>1.1: Y. Quote: &quot;The randomization sequence was generated using a computerized random number generator and the allocation was kept in sealed opaque consecutively numbered envelopes.&quot; </p><p>1.2.: Y. Quote: &quot;This simple randomization scheme was independently prepared by a research assistant who was not involved in determining eligibility, providing care, or assessing outcome.&quot;</p><p>1.3: N. Quote: &quot;There were no significant differences between the two groups in their demographic, obstetric and related characteristics (...) There were also no significant differences between the two groups in their baseline measures&quot;</p>",Low risk,"<p>2.1: PY; 2.2: PY. Note: Due to the nature of the intervention, participants and the interventionists were most likely aware of the allocation.</p><p>2.3: PN. Note: No evidence to suggest issues to implement intervention.</p><p>2.4: NA</p><p>2.5: BA</p><p>2.6: Y. Note: Intention to treat analysis done.</p><p>2.7: NA</p>",Low risk,<p>3.1: PY. Note: Drop-out: 14 of 180. </p><p>3.2: NA</p><p>3.3: NA</p><p>3.4: NA</p>,Some concerns,"<p>4.1: N. Note: The selected outcome method (EPDS) is widely validated in Chinese mothers and established.</p><p>4.2: PN. Note: No evidence to suggest differences in measurement between intervention and control.</p><p>4.3: PY. Note: Outcome assessors (participants) were most likely aware of intervention allocation.</p><p>4.4.: PY; 4.5: PN. Note: Knowledge of the assigned intervention could influence participant-reported outcomes, but there is no reason to believe that it did. </p>",Low risk,"<p>5.1: PY. Note: No evidence to suggest otherwise, methods and results do not show discrepancies.</p><p>5.2: PN. Note: No evidence to suggest outcome selection. All outcomes mentioned in the methods and results were reported.</p><p>5.3: PN. Note: No evidence to suggest analyses selection. All outcomes mentioned in the methods and results were reported.</p>",Some concerns,"<p>The study is judged to raise some concerns in one domain (4), but not to be at high risk of bias for any domain.</p>"
10,1,Depressive symptoms at 0-1 months—indicated prevention adults,Other,SUBGROUP_AND_OVERALL,Hinton 2021,2018,0.0,0.0,0.9,1.0,0,19,2.9,2.8,0,20,0.0,0.0,3.183928,-0.922295,-1.586265,-0.258325,Patient Health Questionnaire 4 (PHQ-4) ,Low risk,"<p>1a.1: PY. 1a.2: Y. Quote: &quot;Randomizationwas at the level of clusters, defined as geographic areas (ie, communes) served by commune health stations which have a population<br/>range of ≈5000-15,000 people. Randomization was conducted<br/>by one of the study investigators residing in the United States through<br/>the flip of a coin.&quot;</p><p>1a.3: NI. No useful information is reported to evaluate this element</p><p>1b.1: N. Note: particpants were recruited after randomization; </p><p>1b.2: PN. Note: there is no evidence to suggest that selection of individual participants was affected by knoweldge of the intervention assigned to the cluster; </p><p>1b.3:N. Note: no significant differences at baseline were identified. </p>",Low risk,"<p>2.1a: NI; 2.1b: PY; 2.2: Y. Note: No information provided on whether participants knew that they were in a trial, due to the nature of the intervention they (as those delivering the intervention) were most likely aware of intervention allocation.</p><p>2.3: PN. Note: No evidence to suggest deviations from the intended intervention that arose because of the trial context </p><p>2.4: NA.</p><p>2.5: NA.</p><p>2.6: Y. Note: Data was analysed on an intention-to-treat basis.</p><p>2.7: NA.</p>",Low risk,<p>3.1a PY. Note: no evidence to suggest failure in analyzing any clyster; </p><p>3.1b: PY. Note: data was avaiable for 85% of participants at follow-up.</p><p>3.2: NA.</p><p>3.3: NA; 3.4: NA.</p>,Some concerns,"<p>4.1: PN.  The outcome measure (CES-D) is widely established and used across contexts. </p><p>4.2: PN. Note: no evidence to suggest that. </p><p>4.3a: NI; 4.3b: PY. Note: No information provided on whether participants knew that they were in a trial, participants were most likely aware of the group allocation due to the nature of the intervention. </p><p>4.4: PY; 4.5: PN. Note: Knowledge of the assigned interventio could influence participant-reported outcomes, but there is no reason to believe that it did.</p>",Low risk,"<p>5.1: Y. Note: A pre-determined statistical plan is avaiable and in line with procedures reported in the final manuscript</p><p>5.2: PN. Note:No evidence to suggest outcome selection. All outcomes mentioned in the protocol, methods and results were reported.</p><p>5.3: PN. Note: No evidence to suggest analyses selection. All analyses mentioned in the protocol, methods and results were reported.</p>",Some concerns,"<p>The study is judged to raise some concerns in one domain (4), but not to be at high risk of bias for any domain.</p>"
10,1,Depressive symptoms at 0-1 months—indicated prevention adults,Other,SUBGROUP_AND_OVERALL,Luoto 2020,2020,0.0,0.0,14.41,8.67,0,181,14.74,9.28,0,184,0.0,0.0,9.415729,-0.036661,-0.241864,0.168541,Center for Epidemiologic Studies Depression Scale (CES-D),Low risk,"<p>1a.1: PY; 1a.2: PY. Quote: &quot;Using a random<br/>number generator in Stata, two authors (JEL and ILG) randomly assigned villages in a 1:1:1 ratio to one of three study groups, stratified by sub-county&quot;</p><p>1a.3: NI.  No useful information is reported to evaluate this element.</p><p>1b.1: Y. Note: from protocol it is clear that recruitment of both adults and children as well as baseline assessments, took place before randomization to study arms </p>",Low risk,"<p>2.1 a: NI; 2.1b:PY; 2.2: PY. Note: No information provided on whether participants knew that they were in a trial, due to the nature of the intervention they (as those delivering the intervention) were most likely aware of intervention allocation. Quote: &quot;Due to the nature of the intervention, masking of<br/>participants and community health volunteers who<br/>delivered the intervention was not possible&quot;</p><p>2.3: PN. Note: No evidence to suggest deviations from the intended intervention that arose because of the trial context.</p><p>2.4: NA.</p><p>2.5: NA.</p><p>2.6: Y. Note: Data was analysed on an intention-to-treat basis.</p><p>2.7: NA.</p>",Low risk,<p>3.1a PY. Note: all 60 clusters that recruited participants were analyzed; </p><p>3.1b: PY. Note: 92 participants out of 1152 were lost at followup (8%).</p><p>3.2: NA.</p><p>3.3: NA; 3.4: NA.</p>,Some concerns,"<p>4.1: PN.  The outcome measure (CES-D) is widely established and used across contexts. </p><p>4.2: PN. Note: No evidence to suggest that measurement or ascertainment of the outcome  differed between intervention groups.</p><p>4.3a: NI; 4.3b: PY. Note: No information provided on whether participants knew that they were in a trial, participants (outcome assessors) were most likely aware of the group allocation due to the nature of the intervention. Efforts were made to keep the data collection teams as masked to group status as possible. </p><p>4.4: PY; 4.5: PN. Note: Knowledge of the assigned interventio could influence participant-reported outcomes, but there is no reason to believe that it did.</p>",Low risk,"<p>5.1: PY. Note:No evidence to suggest otherwise, protocol and paper do not show discrepancies.</p><p>5.2: PN. Note:No evidence to suggest outcome selection. All outcomes mentioned in the protocol, methods and results were reported.</p><p>5.3: PN. Note: No evidence to suggest analyses selection. All analyses mentioned in the protocol, methods and results were reported.</p>",Some concerns,"<p>The study is judged to raise some concerns in one domain (4), but not to be at high risk of bias for any domain.</p>"
10,1,Depressive symptoms at 0-1 months—indicated prevention adults,Other,SUBGROUP_AND_OVERALL,Rodriguez 2021,2021,0.0,0.0,6.78,4.2,0,27,7.42,5.4,0,27,0.0,0.0,4.29305,-0.130386,-0.664432,0.403659,Patient Health Questionnaire 9 (PHQ-9),Low risk,"<p>1.1: Y. Note: Title mentions RCT design. Quote: &quot;Students who completed the web-based baseline assessment measures were randomly assigned to a brief, 4-week internet-based mindfulness intervention (MIND), or to the intervention plus peer counselor support (MIND+).&quot; </p><p>1.2: Y. Quote: &quot;The randomization sequence was sourced through random.org [49], an automated, web-based randomization service that generates randomness using atmospheric noise. Using random.org, two 25-person blocks were used to randomize the participants into 2 equally-sized groups.&quot;</p><p>1.3: PN. Note: No significant differences at baseline.</p>",Some concerns,"<p>2.1: PY; 2.2: PY. Note: Due to the nature of the intervention, participants and the interventionists were most likely aware of the allocation.</p><p>2.3: PN. Note: No evidence to suggest issues to implement intervention. </p><p>2.4: NA</p><p>2.5: NA</p><p>2.6: NI. Note: No explicit mention of the analysis used to estimate the effect of assignment to intervention. </p><p>2.7: N. Note: There was not a substantial impact of the failure to analyze participants in the group to which they were randomized. </p>",High risk,<p>3.1: PN. Note: Drop-out: 31 of 54. </p><p>3.2: PN. Note: Proportions of lost to follow-up between control and intervention are not comparable (n= 20 and n= 11).</p><p>3.3: NI; 3.4: NI. Note: No information about documented reasons that withdrawal are related to the outcome.</p>,Some concerns,"<p>4.1: N. Note: The selected outcome method (PHQ-9) is widely validated and established. </p><p>4.2: PN. Note: No evidence to suggest differences in measurement between intervention and control.</p><p>4.3: PY. Note: Outcome assessors (participants) were most likely aware of intervention allocation.</p><p>4.4: PY; 4.5: PN. Note: Knowledge of the assigned intervention could influence participant-reported outcomes, but there is no reason to believe that it did.</p>",Low risk,"<p>5.1: PY. Note: No evidence to suggest otherwise, methods and results do not show discrepancies.</p><p>5.2: PN. Note: No evidence to suggest outcome selection.</p><p>5.3: PN. Note: No evidence to suggest analyses selection. </p>",High risk,<p>The study is judged to be at high risk of bias<b> </b>in one domain (3).</p>
10,2,Depressive symptoms at 1-6 months—indicated prevention adults,Other,SUBGROUP_AND_OVERALL,Chaharrahifard 2021,2021,0.0,0.0,8.33,4.7,0,27,14.16,5.51,0,25,0.0,0.0,6.652372,-1.124831,-1.713474,-0.536188,Edinburgh Postnatal Depression Scale (EPDS),Low risk,<p>1.1: Y. Note: Title mentions RCT design; Quote: &quot;the samples were randomly assigned to two groups of received counseling (intervention) and non-received counseling (control) by four-sized randomized blocks.&quot;</p><p>1.2: Y. Quote: &quot;The details of blocks were contained in asset of sealed.</p><p>1.3: N. Quote: &quot;There was not significant difference between the demographic characteristics in the control and intervention group.&quot;</p>,Some concerns,"<p>2.1: PY; 2.2: PY. Note: Due to the nature of the intervention, participants and the interventionists were most likely aware of the allocation.</p><p>2.3: PN. Note: No evidence to suggest issues to implement intervention.</p><p>2.4: NA</p><p>2.5: NA</p><p>2.6: NI. Note: No explicit mention of the analysis used to estimate the effect of assignment to intervention. </p><p>2.7: N. Note: There was not a substantial impact of the failure to analyse participants in the group to which they were randomized.</p>",Low risk,<p>3.1: PY. Note: Drop-out rate: 21%. </p><p>3.2: NA</p><p>3.3: NA</p><p>3.4: NA</p>,Some concerns,"<p>4.1: N. Note: The selected outcome method (EPDS) is widely validated and established.</p><p>4.2: PN. Note: No evidence to suggest differences in measurement between intervention and control.</p><p>4.3: PY. Note: Outcome assessors (participants) were most likely aware of intervention allocation.</p><p>4.4: PY; 4.5: PN. Note: Knowledge of the assigned intervention could influence participant-reported outcomes, but there is no reason to believe that it did.</p>",Low risk,"<p>5.1: PY. Note: No evidence to suggest otherwise, methods and results do not show discrepancies.</p><p>5.2: PN. Note: No evidence to suggest outcome selection. All outcomes mentioned in the methods and results were reported.</p><p>5.3: PN. Note: No evidence to suggest analyses selection. All outcomes mentioned in the methods and results were reported.</p>",Some concerns,"<p>The study is judged to raise some concerns in two domains (2 and 4), but not to be at high risk of bias for any domain.</p>"
10,2,Depressive symptoms at 1-6 months—indicated prevention adults,Other,SUBGROUP_AND_OVERALL,Chew 2018,2018,0.0,0.0,6.3,4.2,0,43,6.0,5.0,0,49,0.0,0.0,8.365605,0.064062,-0.3456,0.473724,Edinburgh Postnatal Depression Scale (EPDS),Low risk,"<p>1a.1: Y; 1a.2: PY.  Note: Title mentions RCT design. <br/>Quote: &quot;In assigning the HCs to the VEMOFIT group (VG) or attention-control groups (AG), randomisation will be carried out after stratification by cluster size and geographical areas of the 10 HCs.&quot;</p><p>Quote: &quot;A member of the Data Management Services team at the University Medical center, Ultrecht will carry out the randomisation.&quot;</p><p>1.3: NI.  Note: No useful information is reported to evaluate this element</p><p>1b.1: PY. Seems that participants were recruited after randomization. </p>",Low risk,<p>2.1a: PY. 2.1b: PN. Quote: &quot;We use a modified informed consent procedure to ensure that patients are unware of the two different intervention programmes&quot;.<br/>2.2.: Y. Nurses were trained to deliver the intervention. </p><p>2.3: PN. Note: No evidence to suggest deviations from the intended intervention that arose because of the trial context.</p><p>2.4: NA.</p><p>2.5: NA.</p><p>2.6: Y. Note: The analysis was carried out on an intention to treat basis.</p><p>2.7: NA.</p>,Low risk,"<p>3.1a: PY. All 10 clusters that recruited participants were analyzed. <br/>3.1b: PN. 92 from intervention group (n = 145) and 79 from control group (n = 150) did not receive allocated intervention. In addition to the 33 people lost to follow up at 12 months, 5 additional missing data were noted with regard to PHQ-9.</p><p>3.2: PN. No evidence that the result was not biased by missing data.</p><p>3.3: PN; 3.4: NA. Note: Missingness in the outcome do not depend on its true value. </p>",Low risk,"<p>4.1: N. Note: The selected outcome method (Malay Brief Illness Perception Quetsionnaire, MBIPQ) is validated and established.</p><p>4.2: PN.  Note: No evidence to suggest differences in measurement between intervention and control</p><p>4.3a: PY.Outcome assessors (participants) were most likeley aware that a trial was taking a place.<br/>4.3b: PN. Quote: &quot;We use a modified informed consent procedure to ensure that patients are unware of the two different intervention programmes&quot;</p><p>4.4: NA.</p><p>4.5: NA.</p>",Low risk,<p>5.1: PY.  Note: Protocol is available. </p><p>5.2: PN.  Note: No evidence to suggest outcome selection. Almost all outcomes mentioned in the methods and protocol were reported (It is not reported &quot;heath-care utilization hospital&quot; that is a secondary outcome). </p><p>5.3: PN. Note: No evidence to suggest analyses selection. All outcomes mentioned in the methdis and protocol were reported. </p>,Low risk,<p>The study is judged to be at low risk of bias for all domains.</p>
10,2,Depressive symptoms at 1-6 months—indicated prevention adults,Other,SUBGROUP_AND_OVERALL,Cooper 2009,2009,0.0,0.0,2.78,4.54,0,170,3.91,5.8,0,184,0.0,0.0,10.18783,-0.215475,-0.424589,-0.00636,Patient Health Questionnaire 9 (PHQ-9),Low risk,"<p>1.1: PY; 1.2: PY.  Quote:&quot;minimization was conducted to the trial manager who then communicated the group assignment&quot;</p><p>1.3: PN.  Quote: &quot;The randomisation process resulted in<br/>closely equivalent groups in terms of demographic<br/>variables.&quot;; p-values are not reported in table 1, however values are very much comparable</p>",Some concerns,<p>2.1: PY; 2.2: PY.  Note: Due to the nature of the intervention participants and the interventionists were most likely aware of the intervention. </p><p>2.3: PN. Note: No evidence to suggest issues to implement intervention</p><p>2.4: NA.</p><p>2.5: NA.</p><p>2.6: NI.  Note: No specification given on the analysis approach </p><p>2.7: PN.</p><p> </p>,Low risk,"<p>3.1: PY. Note: At 12 months, data is avaiable for 170 participants in intervention and 184 in control, from the 449 radomized individuals 95 were lost at this follow-up (21%) </p><p>3.2: NA.</p><p>3.3: NA.</p><p>3.4: NA.</p>",Some concerns,"<p>4.1: N. Note: &quot;We<br/>also obtained a continuous measure of depressive<br/>symptoms by incorporating the 10 items from the<br/>Edinburgh postnatal depression scale, each scored<br/>0-3, into the structured clinical interview for DSM-IV.&quot;; The EPDS is a well validated and widely adapted measure for the assesment of maternal depression</p><p>4.2: PN. Note: No evidence to suggest differences in measurament between intervention and control; &quot;Mothers and infants in the intervention and controls<br/>groups visited the research unit on an equal number<br/>of occasions and for equivalent lengths of time, and<br/>their experience of the assessment procedures, including<br/>the video recording, was similarly equivalent.&quot;</p><p>4.3: PY. Note: Outcome assessors (that given the RoB guidelines are the participants) were most likely aware of intervention allocation. Researchers involved in data collection were blinded to group allocation.</p><p>4.4: PY.  Note: Knowledge of intervention could influence participant-reported outcomes</p><p>4.5: PN.</p>",Some concerns,"<p>5.1: PY.  Note: No evidence to suggest otherwise, methods and results vs. protocol do not show discrepancies</p><p>5.2: PN.  Note: No evidence to suggest outcome selection. All outcomes mentioned in the methods and protocol were reported. </p><p>5.3: PN. Note: No evidence to suggest selection of analyses.</p>",Some concerns,"<p>The study is judged to raise some concerns in three domains (2, 4, 5), but not to be at high risk of bias for any domain.</p>"
10,2,Depressive symptoms at 1-6 months—indicated prevention adults,Other,SUBGROUP_AND_OVERALL,Rajeswari 2020,2020,0.0,0.0,6.9,2.45,0,120,10.54,2.71,0,119,0.0,0.0,9.571374,-1.404899,-1.688486,-1.121313,Edinburgh Postnatal Depression Scale (EPDS),Some concerns,"<p>1.1: PY; 1.2: NI. Quote: &quot;The women were assigned using a lottery method to intervention and control groups, 125 in each group&quot;</p><p>1.3: PN. Quote: &quot;Majority were in the age group of 25–29 years (intervention group 60 [48%]; control group 57 [45.60%]).It was seen that 37 (29.60%) in the intervention group and 35 (28.0%) in the control group had high school education, 63 (50.40%) of the intervention group and 59 (47.20%) of the control group were residing in suburban area, 72 (57.60%) in the intervention group and 68 (54.40%) in the control group belonged to nuclear families.; &quot;No formal testing is reported</p>",Low risk,"<p>2.1: PY. 2.2: Y.  Note: Due to the nature of the intervention participants were most likely aware of the intervention. Research team members were aware of the intervention during its delivery.</p><p>2.3: PN. Note: No evidence of deviations</p><p>2.4: NA.</p><p>2.5: NA.</p><p>2.6: PY. No mention of approach to estimate effect of assignment to intervention. Out of the 250 participants randomized, 239 were analyzed.</p><p>2.7: NA.</p>",Low risk,"<p>3.1: Y. Note: 125 randomized to intervention, 120 analysed at follow-up. 125 allocated to control, 119 analysed (about 4% were lost)</p><p>3.2: NA.</p><p>3.3: NA.</p><p>3.4: NA.</p>",Some concerns,"<p>4.1: N. Quote: &quot;It is a standardized tool and the original tool had established validity, the “r” obtained was 0.83.&quot;</p><p>4.2: PN. Note: no evidence to suggest differences in measurement between intervention and control.</p><p>4.3: PY. Note: Outcome assessors (mothers) were most likely aware of intervention allocation.</p><p>4.4: PY. Note: Knowledge of the assigned intervention could influence participant-reported outcomes, but there is no reason to believe that it did</p><p>4.5: PN.</p>",Low risk,"<p>5.1: PY.  Note: no evidence to suggest otherwise, methods and results do not show discrepancies.</p><p>5.2: PN.  Note: No evidence to suggest outcome selection. All outcomes mentioned in the methods were reported. </p><p>5.3: PN. Note: no evidence to suggest analyses selection. All outcomes mentioned in the methods and results were reported. </p>",Some concerns,"<p>The study is judged to raise some concerns in two domains (1 and 4), but not to be at high risk of bias for any domain.</p>"
10,2,Depressive symptoms at 1-6 months—indicated prevention adults,Other,SUBGROUP_AND_OVERALL,Singla 2015,2015,0.0,0.0,15.36,12.51,0,105,18.61,10.44,0,86,0.0,0.0,9.54574,-0.278465,-0.564908,0.007978,Center for Epidemiologic Studies Depression Scale (CES-D),Low risk,"<p>1a.1: Y; 1a.2: PY. Note: Randomization was done using computer-generated random numbers by authors not involved in the direct implementation of the intervention </p><p>1a.3: NI. Note: No useful information is reported to evaluate this element</p><p>1b.1: N: particpants were recruited after randomization; </p><p>1b.2: PN- there is no evidence to suggest that selection of individual participants was affected by knoweldge of the intervention assigned to the cluster;</p><p>1b.3:PN - groups were comparable at baseline, observed differences are compatible with chance in a cluster design. </p>",Low risk,<p>2.1a: NI. No information provided on whether participants for which we are analysing the outcome (parents)  knew that they were in a trial. 2.1b: PY; 2.2: PY. Quote: &quot;participants (mothers) and implementers were aware of the programme&quot;</p><p>2.3: PN. Note: No evidence to suggest deviations from the intended intervention that arose because of the trial context </p><p>2.4: NA.</p><p>2.5: NA.</p><p>2.6: Y. Note: Data was analysed on an intention-to-treat basis.</p><p>2.7: NA. </p>,Some concerns,"<p>3.1a PN: data was not avaiable for one cluster out of 12. Quote. &quot;(15 participants) was removed from the intervention<br/>group because the community volunteer only implemented three sessions before leaving his community&quot; ; </p><p>3.1b PY: data were avaiable for almost all randomized participants. Quote: &quot;At endline, our final sample included 291 (84%) mother–child dyads&quot;</p><p>3.2: PN. Note: No evidence that the result was not biased by missing data</p><p>3.3: PY; 3.4: PN. Note: Reasonons for missingness reported indicate that it could depend on its true value, but it is unlikely that it does. The cluster was dropped because the community volounteer leaft the village before completing the intervention</p>",Some concerns,"<p>4.1: PN. Note: The outcome measure is widely established and validated for use across different contexts, included the one of the trial.</p><p>4.2: PN. Note: No evidence to suggest that.</p><p>4.3a: NI; 4.3b: PY. Note: No information provided on whether participants knew that they were in a trial, participants were most likely aware of the group allocation due to the nature of the intervention </p><p>4.4: PY, 4.5: PN. Note: Knowledge of the assigned intervention could influence participant-reported outcomes, but there is no reason to believe that it did.</p>",Low risk,"<p>5.1: PY. Note: No evidence to suggest otherwise, protocol and final article not show discrepancies. </p><p>5.2: PN. Note: No evidence to suggest outcome selection. Further outcomes than those mentioned in the protocol were reported.</p><p>5.3: PN. Note: No evidence to suggest analyses selection. All analyses mentioned in the methods and results were reported.</p>",Some concerns,"<p>The study is judged to raise some concerns in two domains (3 and 4), but not to be at high risk of bias for any domain.</p>"
10,2,Depressive symptoms at 1-6 months—indicated prevention adults,Other,SUBGROUP_AND_OVERALL,Srisuwan 2020,2020,0.0,0.0,3.5,2.37,0,40,2.33,1.82,0,37,0.0,0.0,7.91114,0.545359,0.089641,1.001077,Hospital Anxiety and Depression Scale (HADS),Low risk,"<p>1.1: PY; 1.2: PY. Quote: &quot;After informed consent, participants were randomly allocated to either: intervention group; or control group on 1:1 basic using simple randomization methods. Randomization was carried out by a Clinical Trials Manager who was blinded to patient status throughout the study&quot;</p><p>1.3: N. Note: Baseline characteristics are comparable across groups.</p>",Some concerns,<p>2.1: PY; 2.2: PY. Note: Due to the nature of the intervention participants and personnel were most likely aware of allocation.</p><p>2.3: PN. No evidence to suggest issues to implement intervention</p><p>2.4: NA.</p><p>2.5: NA.</p><p>2.6: NI. No explicit mention of the analysis used to estimate the effect of assignment to intervention. Quote: &quot;Participants in the intervention groupwho attended less than 80% of the sessions (4 sessions) were not included in the analysis&quot;</p><p>2.7: PN. Note: No evidence to suggest analysis in the wrong group or exclusion of participants that could have had a substantial impact on the results. Data was analyzed for 76 out of the 80 participants randomized (95%) - 1 year follow-up. </p>,Low risk,<p>3.1: Y. Quote: &quot;77 (96.2%) participants performedthe 6-month follow-up and 76 (95%) participants completed the 1-year follow-up&quot;</p><p>3.2: NA.</p><p>3.3: NA.</p><p>3.4: NA.</p>,Some concerns,"<p>4.1: PN. Note: The selected outcome method (HADS) is widely validated and established.</p><p>4.2: PN. Note: No evidence to suggest differences in measurement between intervention and control. </p><p>4.3: PY. Note: Outcome assessors (participants) were most likely aware of intervention allocation. Interviewers were blind to allocation.</p><p>4.4: PY; 4.5: PN. Note: Knowledge of the assigned intervention could influence participant-reported outcomes, but there is no reason to believe that it did</p>",Low risk,"<p>5.1: PY. Note: No evidence to suggest otherwise, methods and results do not show discrepancies. </p><p>5.2: PN. Note: No evidence to suggest outcome selection. All outcomes mentioned in the methods are reported.</p><p>5.3: PN. Note: No evidence to suggest analyses selection. All analyses mentioned in the methods were reported. </p>",Some concerns,"<p>The study is judged to raise some concerns in two domains (2 and 4), but not to be at high risk of bias for any domain.</p>"
10,2,Depressive symptoms at 1-6 months—indicated prevention adults,Community setting,SUBGROUP_AND_OVERALL,Acarturk 2022,2022,0.0,0.0,4.928,5.048,0,262,6.694,6.694,0,262,0.0,0.0,10.445967,-0.29746,-0.469654,-0.125265,Patient Health Questionnaire 9 (PHQ-9),Low risk,"<p>1.1: Y. Quote: &quot;Participants were randomly assigned either to the Self-Help Plus arm or to ECAU only, in a 1:1 ratio.&quot; 1.2: Y. Quote &quot;The randomization schedule was generated by Castor Electronic Data Capture (EDC). (..)  Research team members involved in<br/>recruitment were able to access the web-based software to randomize each newly enrolled participant, but were not able to access the randomization list, and were not aware of the block size.&quot;</p><p>1.3: N. Note: No significant differences at baseline. </p>",Low risk,<p>2.1: PY; 2.2: PY. Note: Due to the nature of the intervention participants and the interventionists were most likely aware of the allocation.</p><p>2.3: PN. Note: No evidence to suggest issues to implement intervention.</p><p>2.4: NA.</p><p>2.5: NA.</p><p>2.6: Y. Quote: &quot;We followed an intent-to-treat approach for analysis of primary and secondary outcomes&quot;</p><p>2.7: NA.</p>,Low risk,<p>3.1: PY. Quote: &quot; The distribution of participants lost to follow-up was similar between the study groups (15.53% vs. 14.06%)&quot;</p><p>3.2: NA.</p><p>3.3: NA.</p><p>3.4: NA.</p>,Some concerns,"<p>4.1: N. Note: The selected outcome method (PHQ-9) is widely validated and established.</p><p>4.2: PN. Note: No evidence to suggest differences in measurement between intervention and control. </p><p>4.3: PY. Note: Outcome assessors (participants) were most likely aware of intervention allocation. </p><p>4.4: PY; 4.5: PN. Note: Knowledge of the assigned intervention could influence participant-reported outcomes, but there is no reason to believe that it did.</p>",Low risk,"<p>5.1: PY. Note: no evidence to suggest otherwise, methods and results do not show discrepancies. </p><p>5.2: PN. Note: No evidence to suggest outcome selection. All outcomes mentioned in the methods are reported.</p><p>5.3: PN. Note: No evidence to suggest analyses selection. All analyses mentioned in the methods were reported. </p>",Some concerns,"<p>The study is judged to raise some concerns in one domain (4), but not to be at high risk of bias for any domain.</p>"
10,2,Depressive symptoms at 1-6 months—indicated prevention adults,Community setting,SUBGROUP_AND_OVERALL,Eloff 2014,2014,0.0,0.0,12.07,11.67,0,161,13.77,11.05,0,169,0.0,0.0,10.134589,-0.149349,-0.365502,0.066803,Center for Epidemiologic Studies Depression Scale (CES-D),Low risk,<p>1.1: Y; 1.2: PY. Quote: &quot;mother-child pairs were randomized to either the intervention or standard conditions using a block randomization process and table of random numbers with 30 subkects in each block&quot;.</p><p>1.3: N. Note: Not significant differences at baseline.</p>,Some concerns,<p>2.1: PY; 2.2: PY. Note: Due to the nature of the intervention participants were most likely aware of their assigned intervention.</p><p>2.3: NI. Note: No information provided. </p><p>2.4: NA.</p><p>2.5: NA.</p><p>2.6: NI. Note: no information provided.</p><p>2.7: PN. Note: There is no reason to believe it.</p>,Low risk,<p>3.1: PY. Note: 28 of 160 mothers and 10 of 152 children drop-out in experimental group. 5 of 161 mothers and 17 of 151 children drop-out from usual care. </p><p>3.2: NA.</p><p>3.3: NA.</p><p>3.4: NA.</p>,Some concerns,"<p>4.1: N. Note: The selected outcome method is widely validated and established.</p><p>4.2: N. Note: No evidence to suggest differences in measurement between intervention and control. </p><p>4.3: PY. Note: No information provided.  </p><p>4.4: PY; 4.5: PN. Note: Knowledge of the assigned intervention could influence participant-reported outcomes, but there is no reason to believe that it did.</p>",Low risk,"<p>5.1: PY. Note: no protocol available. No evidence to suggest otherwise, methods and results do not show discrepancies. </p><p>5.2: PN. Note: No evidence to suggest outcome selection. All outcomes mentioned in the methods and results were reported. </p><p>5.3: PN. Note: No evidence to suggest analyses selection. All analyses mentioned in the methods  and results were reported. </p>",Some concerns,"<p>The study is judged to raise some concerns in two domains (2 and 4), but not to be at high risk of bias for any domain.</p>"
10,2,Depressive symptoms at 1-6 months—indicated prevention adults,Community setting,SUBGROUP_AND_OVERALL,Rong 2021a,2021,0.0,0.0,7.16,3.16,0,32,8.03,4.08,0,32,0.0,0.0,7.558912,-0.235519,-0.727316,0.256279,Edinburgh Postnatal Depression Scale (EPDS),Low risk,"<p>1.1: PY; 1.2.PY. Quote: &quot;All participants were numbered and randomly assigned by a member of the yoga exercise research team using a random number table, and the information about numbering was placed in a sealed envelope beforehand.&quot;</p><p>1.3: PN. Note: Baseline characteristics were overall comparable across groups, as demonstrated by Table 2.</p>",Low risk,"<p>2.1:PY; 2.2: PY. Note: Due to the nature of the intervention, participants and personnel were most likely aware of their assigned intervention. </p><p>2.3: PN. Note: No evidence to suggest issues in recruitment and engagement, nor failures to implement intervention allowed by the protocol.</p><p>2.4: NA</p><p>2.5: NA</p><p>2.6: Y. Note: The data were analyzed on an intention-to-treat basis.</p><p>2.7: NA</p>",Low risk,"<p>3.1: PY: Note: Data was available for almost all randomized participants (7 out of 64 were lost at follow-up, 115).</p><p>3.2: NA</p><p>3.3: NA</p><p>3.4: NA</p>",Some concerns,"<p>4.1: PN. Note: The selected outcome method is widely validated and established and demonstrated good psychometric properties in the study. </p><p>4.2: PN. Note: No evidence to suggest differences in measurement between intervention and control.</p><p>4.3: PY. Note: Outcome assessors (participants) were most likely aware of intervention allocation.</p><p>4.4: PY; 4.5: PN. Note: Knowledge of the assigned intervention could influence participant-reported outcomes, but there is no reason to believe that it did.</p>",Low risk,"<p>5.1: PY. Note: No evidence to suggest otherwise, methods and results do not show discrepancies.</p><p>5.2: PN. No evidence to suggest outcome selection.</p><p>5.3: PN. No evidence to suggest analyses selection. All analyses mentioned in the methods were reported.</p>",Some concerns,"<p>The study is judged to raise some concerns in one domain (4), but not to be at high risk of bias for any domain.</p>"
10,2,Depressive symptoms at 1-6 months—indicated prevention adults,Community setting,SUBGROUP_AND_OVERALL,Xu 2021,2021,0.0,0.0,5.77,3.81,0,268,7.07,4.53,0,272,0.0,0.0,10.461968,-0.309965,-0.479673,-0.140256,Patient Health Questionnaire 9 (PHQ-9),Low risk,<p>1a.1: Y; 1a.2: Y. Quote: &quot;The randomization sequence was generated by a research statistician who had no contact with the participants. One of the corresponding authors randomly assigned (1:1) the 48 communities to receive either CBT plus UC (intervention group) or UC only (control group) using a random digit table&quot;.</p><p>1a.3: NI. No useful information is reported to evaluate this element.</p><p>1b.1: Y. Individual participants were identified before randomization of clusters</p><p>1b.2: NA.</p><p>1b.3: NA. </p>,Low risk,"<p>2.1 a: NI; 2.1b: PY; 2.2: PY. No information provided on whether participants knew that they were in a trial, due to the nature of the intervention they (as those delivering the intervention) were aware of intervention allocation.</p><p>2.3: PN. No evidence to indicate deviations from protocol.</p><p>2.4: NA..</p><p>2.5: NA. 2.6: PY. Data were analysed for most randomized participants. </p><p>2.7: NA.</p>",Low risk,<p>3.1a: PY. All included clusters were analyzed</p><p>3.1b: PY. Data were available for nearly all participants within the cluster.Quote:&quot;86.3% of response rate&quot;.</p><p>3.2: NA. 3.3: NA. 3.4: NA.</p>,Some concerns,"<p>4.1: N. The outcome measure is widely established and validated for use across different contexts, including that of application.</p><p>4.2: PN. No evidence to suggest that measurement or ascertainment of the outcome differed between intervention groups.</p><p>4.3a: NI; 4.3b: PY. No information provided on whether participants knew that they were in a trial, participants (outcome assessors) were most likely aware of the group allocation due to the nature of the intervention.</p><p>4.4: PY; 4.5: PN. Knowledge of the assigned intervention could influence participant-reported outcomes, but there is no reason to believe that it did.</p>",Low risk,"<p>5.1: PY. No evidence to suggest otherwise, methods and results do not show discrepancies.</p><p>5.2: PN. No evidence to suggest outcomes selection. All outcomes mentioned in the methods and results were reported.</p><p>5.3: PN. No evidence to suggest analyses selection. All outcomes mentioned in the methods and results were reported<b>.</b></p>",Some concerns,"<p>The study is judged to raise some concerns in one domain (4), but not to be at high risk of bias for any domain.</p>"
10,2,Depressive symptoms at 1-6 months—indicated prevention adults,School,SUBGROUP_AND_OVERALL,Rong 2021b,2021,0.0,0.0,6.0,3.7,0,74,7.6,4.4,0,72,0.0,0.0,9.164502,-0.392008,-0.719641,-0.064376,Patient Health Questionnaire 9 (PHQ-9),Low risk,"<p>1.1: Y; 1.2: Y. Note: Title mentions RCT design. Quote: &quot;Eligible participants were randomly assigned to the intervention ( n = 74) and control ( n = 72) groups according to the randomization results, which were sealed in an opaque envelope delivered by the co-investigators.&quot;. Quote: &quot;The randomization coding list was generated by a simple randomization allocation method, the PLAN procedure (SAS, version 9.4, USA).&quot;</p><p>1.3: PN. Note: No significant differences at baseline. </p>",Some concerns,<p>2.1: Y; 2.2: Y. Quote: &quot;Neither the students nor their teachers were blind to the allo- cated group due to the interactive schedules between the two groups&quot;</p><p>2.3: PY. Note: NCT registration describes the &quot;control group&quot; as a &quot;no intervention&quot; but the paper describes this group as &quot;active control&quot;. Quote: &quot;Students in the control group were also guided by a teacher and were encouraged to discuss their difficulties in clinical work and school life.&quot;</p><p>2.4: PN. Changes from assigned control that are inconsistent with the trial protocol are not more likely to impact on the intervention effect estimate.</p><p>2.5: NA</p><p>2.6: NI. Note: No explicit mention of the analysis used to estimate the effect of assignment to intervention.</p><p>2.7: N. Note: There was not a substantial impact of the failure to analyze participants in the group to which they were randomized.</p>,Low risk,<p>3.1: Y. Note: Drop-out: 0.</p><p>3.2: NA</p><p>3.3: NA</p><p>3.4: NA</p>,Some concerns,"<p>4.1: N. Note: The selected outcome method (PHQ-9) is widely validated and established.</p><p>4.2: PN. Note: No evidence to suggest differences in measurement between intervention and control.</p><p>4.3: PY. Note: Outcome assessors (participants) were most likely aware of intervention allocation. Quote: &quot;All participants were asked to complete the self-assessment scales and provide their individual randomized number on the questionnaires that were administered before and one months after the whole intervention courses&quot;</p><p>4.4: PY; 4.5: PN. Note: Knowledge of the assigned intervention could influence participant-reported outcomes, but there is no reason to believe that it did</p>",Low risk,"<p>5.1: PY. Note: No evidence to suggest otherwise, methods and results do not show discrepancies.</p><p>5.2: PN. Note: No evidence to suggest outcome selection. All outcomes mentioned in the methods and results were reported.</p><p>5.3: PN. Note: No evidence to suggest analyses selection. All outcomes mentioned in the methods and results were reported.</p>",Some concerns,"<p>The study is judged to raise some concerns in two domains (2 and 4), but not to be at high risk of bias for any domain.</p>"
10,3,Distress/PTSD symptoms at 0-1 months—indicated prevention adults,Refugee camp,SUBGROUP_AND_OVERALL,Yeomans 2010,2010,0.0,0.0,1.97,0.45,0,38,2.11,0.54,0,38,0.0,0.0,5.658907,-0.278802,-0.730747,0.173142,Harvard Trauma Questionnaire Part IV (HTQ),Low risk,"<p>1.1: Y; 1.2: NI.Note: Title mentions RCT design. No further information.  </p><p>1.3: N. Quote: &quot;There  were no significant baseline differences between the three treatment groups across age, gender, ethnicity, symptoms, education level, traumatic events experienced, or on prior exposure to trauma discourse&quot;</p>",Some concerns,"<p>2.1: Y; 2.2: PY. Quote: &quot;Participants (...) were informed of random allocation procedures&quot;. Due to the nature of the intervention, the interventionists were most likely aware of the allocation. </p><p>2.3: PN. Note: No evidence to suggest issues to implement intervention</p><p>2.4: NA.</p><p>2.5: NA. </p><p>2.6: NI. Note: No explicit mention of the analysis used to estimate the effect of assignment to intervention</p><p>2.7: NA. Note: There was not a substantial impact of the failure to analyse participants in the group to which they were randomized</p>",Low risk,<p>3.1: Y. Note:  Lost to follow-up: 7 of 120</p><p>3.2: NA.</p><p>3.3: NA.</p><p>3.4: NA.</p>,Some concerns,"<p>4.1: N. Note: The selected outcome method (HSCL-25) is widely validated and established across multiple languages.</p><p>4.2: PN. Note: No evidence to suggest differences in measurement between intervention and control.</p><p>4.3: PY. Note: Outcome assessors (participants) were most likely aware of intervention allocation. </p><p>4.4: PY; 4.5: PN. Note: Knowledge of the assigned intervention could influence participant-reported outcomes, but there is no reason to believe that it did.</p>",Low risk,"<p>5.1: PY. Note: No evidence to suggest otherwise, methods and results do not show discrepancies. </p><p>5.2: PN. Note: No evidence to suggest outcome selection. All outcomes mentioned in the methods and results were reported. </p><p>5.3: PN. Note: No evidence to suggest analyses selection. All analyses mentioned in the methods were reported. </p>",Some concerns,"<p>The study is judged to raise some concerns in two domains (2 and 4), but not to be at high risk of bias for any domain.</p>"
10,3,Distress/PTSD symptoms at 0-1 months—indicated prevention adults,Other,SUBGROUP_AND_OVERALL,Chaharrahifard 2021,2021,0.0,0.0,52.22,8.53,0,27,72.78,13.82,0,25,0.0,0.0,5.261116,-1.77939,-2.429369,-1.12941,Parenting Stress Index Short Form (PSI-SF),Low risk,<p>1.1: Y. Note: Title mentions RCT design; Quote: &quot;the samples were randomly assigned to two groups of received counseling (intervention) and non-received counseling (control) by four-sized randomized blocks.&quot;</p><p>1.2: Y. Quote: &quot;The details of blocks were contained in asset of sealed.</p><p>1.3: N. Quote: &quot;There was not significant difference between the demographic characteristics in the control and intervention group.&quot;</p>,Some concerns,"<p>2.1: PY; 2.2: PY. Note: Due to the nature of the intervention, participants and the interventionists were most likely aware of the allocation.</p><p>2.3: PN. Note: No evidence to suggest issues to implement intervention.</p><p>2.4: NA</p><p>2.5: NA</p><p>2.6: NI. Note: No explicit mention of the analysis used to estimate the effect of assignment to intervention.</p><p>2.7: N. There was not a substantial impact of the failure to analyse participants in the group to which they were randomized</p>",Low risk,<p>3.1: PY. Note: Drop-out rate: 21%. </p><p>3.2: NA</p><p>3.3: NA</p><p>3.4: NA</p>,Some concerns,"<p>4.1: N. Note: The selected outcome method (PSI-SF) is widely validated and established.</p><p>4.2: PN. Note: No evidence to suggest differences in measurement between intervention and control.</p><p>4.3: PY. Note: Outcome assessors (participants) were most likely aware of intervention allocation.</p><p>4.4: PY; 4.5: PN. Note: Knowledge of the assigned intervention could influence participant-reported outcomes, but there is no reason to believe that it did. </p>",Low risk,"<p>5.1: PY. Note: No evidence to suggest otherwise, methods and results do not show discrepancies.</p><p>5.2: PN. Note: No evidence to suggest outcome selection. All outcomes mentioned in the methods and results were reported.</p><p>5.3: PN. Note: No evidence to suggest analyses selection. All outcomes mentioned in the methods and results were reported.</p>",Some concerns,"<p>The study is judged to raise some concerns in two domains (2 and 4), but not to be at high risk of bias for any domain.</p>"
10,3,Distress/PTSD symptoms at 0-1 months—indicated prevention adults,Other,SUBGROUP_AND_OVERALL,Cheng 2021,2021,0.0,0.0,2.42,0.65,0,106,2.82,0.73,0,103,0.0,0.0,5.920663,-0.577123,-0.85399,-0.300255,Diabetes Distress Scale (DDS),Low risk,<p>1.1: Y. Quote: &quot;A total of 242 participants were assigned in a 1:1 ratio with stratification on the basis of the study site via computerized randomization with a block size of 4.</p><p>1.2: Y. Quote: &quot;Sealed envelopes were prepared by off-site researchers who were blinded to the practical implementation of the study.&quot;; Note: Alloca-tion concealment was maintained until intervention was assigned. </p><p>1.3: PN. No significant differences at baseline.</p>,Low risk,"<p>2.1: PY; 2.2: PY. Note: Due to the nature of the intervention, participants and the interventionists were most likely aware of the allocation.</p><p>2.3: PN. No evidence to suggest issues to implement intervention.</p><p>2.4: NA</p><p>2.5: NA</p><p>2.6: Y. Quote: &quot;Statistical analyses were performed using the generalized estimating equations based on the intention-to-treat principle&quot;</p><p>2.7: NA</p>",Low risk,<p>3.1: PY. Note: Drop-out: 41 of 242. </p><p>3.2: NA</p><p>3.3: NA</p><p>3.4: NA</p>,Some concerns,"<p>4.1: N. Note: The selected outcome method (DDS) is widely validated and established.</p><p>4.2: PN. Note: No evidence to suggest differences in measurement between intervention and control.</p><p>4.3: PN. Note: Outcome assessors (participants) were most likely aware of intervention allocation.</p><p>4.4: PY; 4.5: PN. Note: Knowledge of the assigned intervention could influence participant-reported outcomes, but there is no reason to believe that it did. </p>",Low risk,"<p>5.1: PY. Note: No evidence to suggest otherwise, methods and results do not show discrepancies.</p><p>5.2: PN. Note: No evidence to suggest outcome selection. All outcomes mentioned in the methods and results were reported.</p><p>5.3: PN. Note: No evidence to suggest analyses selection. All outcomes mentioned in the methods and results were reported.</p>",Some concerns,"<p>The study is judged to raise some concerns in one domain (4), but not to be at high risk of bias for any domain.</p>"
10,3,Distress/PTSD symptoms at 0-1 months—indicated prevention adults,Other,SUBGROUP_AND_OVERALL,Chew 2018,2018,0.0,0.0,3.1,0.9,0,44,2.9,0.9,0,56,0.0,0.0,5.753352,0.220517,-0.175558,0.616593,Diabetes Distress Scale (DDS),Low risk,"<p>1a.1: Y; 1a.2: PY.  Note: Title mentions RCT design. <br/>Quote: &quot;In assigning the HCs to the VEMOFIT group (VG) or attention-control groups (AG), randomisation will be carried out after stratification by cluster size and geographical areas of the 10 HCs.&quot;</p><p>Quote: &quot;A member of the Data Management Services team at the University Medical center, Ultrecht will carry out the randomisation.&quot;</p><p>1.3: NI.  Note: No useful information is reported to evaluate this element</p><p>1b.1: PY. Seems that participants were recruited after randomization. </p>",Low risk,<p>2.1a: PY. 2.1b: PN. Quote: &quot;We use a modified informed consent procedure to ensure that patients are unware of the two different intervention programmes&quot;.<br/>2.2.: Y. Nurses were trained to deliver the intervention. </p><p>2.3: PN. Note: No evidence to suggest deviations from the intended intervention that arose because of the trial context.</p><p>2.4: NA.</p><p>2.5: NA.</p><p>2.6: Y. Note: The analysis was carried out on an intention to treat basis.</p><p>2.7: NA.</p>,Low risk,"<p>3.1a: PY. All 10 clusters that recruited participants were analyzed. <br/>3.1b: PN. 92 from intervention group (n = 145) and 79 from control group (n = 150) did not receive allocated intervention. In addition to the 33 people lost to follow up at 12 months, 5 additional missing data were noted with regard to PHQ-9.</p><p>3.2: PN. No evidence that the result was not biased by missing data.</p><p>3.3: PN; 3.4: NA. Note: Missingness in the outcome do not depend on its true value. </p>",Low risk,"<p>4.1: N. Note: The selected outcome method (Malay Brief Illness Perception Quetsionnaire, MBIPQ) is validated and established.</p><p>4.2: PN.  Note: No evidence to suggest differences in measurement between intervention and control</p><p>4.3a: PY.Outcome assessors (participants) were most likeley aware that a trial was taking a place.<br/>4.3b: PN. Quote: &quot;We use a modified informed consent procedure to ensure that patients are unware of the two different intervention programmes&quot;</p><p>4.4: NA.</p><p>4.5: NA.</p>",Low risk,<p>5.1: PY.  Note: Protocol is available. </p><p>5.2: PN.  Note: No evidence to suggest outcome selection. Almost all outcomes mentioned in the methods and protocol were reported (It is not reported &quot;heath-care utilization hospital&quot; that is a secondary outcome). </p><p>5.3: PN. Note: No evidence to suggest analyses selection. All outcomes mentioned in the methdis and protocol were reported. </p>,Low risk,<p>The study is judged to be at low risk of bias for all domains.</p>
10,3,Distress/PTSD symptoms at 0-1 months—indicated prevention adults,Other,SUBGROUP_AND_OVERALL,Dias 2019,2019,0.0,0.0,3.45,2.64,0,80,5.76,2.84,0,84,0.0,0.0,5.866396,-0.837845,-1.157491,-0.518198,General Health Questionnaire (GHQ-12),Low risk,"<p>1.1: Y. 1.2: Y.  Quote: &quot;The data manager randomized participants equally to CAU or DIL intervention via prmuted block randomization (block size of 8), using a computer-generated random-number table&quot;</p><p>1.3: N. Quote: &quot;The DIL and CAU arms were well balanced with respect to sociodemograohic and clinical characteristics&quot;</p>",Low risk,"<p>2.1: Y; 2.2: PN. Quote: &quot;Partcipants wee asked not to discose their assignment to masked assessors&quot;. <br/>Quote: &quot;All study personnel, including assessors, were masked to random assignment until outcomes analysis was complete and reviewed by the Data Safety Monitoring Board&quot;</p><p>2.3: N. Note: There is no reason to believe it.</p><p>2.4: NA.</p><p>2.5: NA.</p><p>2.6: Y. Quote: &quot;91 in the DIL intervention group and 90 in the care as usual (CAU) group were used in the final intention-to-treat analysis&quot;.</p><p>2.7: NA.</p>",Low risk,<p>3.1: Y. Quote: &quot;Attrition was low in both groups: 12.2% in the CAU group and 17.6% in the DIL intervention group&quot;</p><p>3.2: NA.</p><p>3.3: NA.</p><p>3.4: NA.</p>,Some concerns,"<p>4.1: N. Note: The selected outcome method (DDS) is widely validated and established.</p><p>4.2: PN. Note: No evidence to suggest differences in measurement between intervention and control.</p><p>4.3: PN. Note: Outcome assessors (participants) were most likely aware of intervention allocation.</p><p>4.4: PY; 4.5: PN. Note: Knowledge of the assigned intervention could influence participant-reported outcomes, but there is no reason to believe that it did. </p>",Some concerns,"<p>5.1: N. Note: Protocol available. No evidence to suggest otherwise, the protocol and manuscript do not show discrepancies.<br/>5.2: N. Note: no evidence to suggest outcome selection. All outcomes mentioned in the methods and protocol were reported.</p><p>5.3: N. Note: No evidence to suggest analyses selection. All outcomes in the methods and protocol were reported.</p>",Some concerns,"<p>The study is judged to raise some concerns in two domains (4 and 5), but not to be at high risk of bias for any domain.</p>"
10,3,Distress/PTSD symptoms at 0-1 months—indicated prevention adults,Other,SUBGROUP_AND_OVERALL,Dybdahl 2001,2001,0.0,0.0,56.1,20.4,0,35,59.2,17.4,0,40,0.0,0.0,5.65449,-0.162703,-0.617134,0.291729,Impact of Event Scale (IES),Low risk,"<p>1.1: Y; 1.2: PY. Quote: Tha assignment was random. All the names of the mothers-child dyads were written on pieces of papaer, which were folded, mixed together, and then separated into two piles at random so that one pile formed the intervention group and the other pile formed the control group&quot;</p><p>1.3: PN. Note: No significant differences at baseline. </p>",Some concerns,<p>2.1: PY; 2.2: PY. Note: Due to the nature of the intervention participants were most likely aware of their assigned intervention.</p><p>2.3: NI. Note: No information provided. </p><p>2.4: NA.</p><p>2.5: NA.</p><p>2.6: NI. Note: No explicit mention of the analysis used to estimate the effect of assignment to intervention. </p><p>2.7: NI. Note: No information provided. </p>,High risk,"<p>3.1: PN. Quote: &quot;Twelve of the families dropped out of the study and did not participate in scheduled interventions: 7 from intervention group, and 5 from the control gorip&quot;. Quote: &quot;Several of the mothers and children did not complete all tests at both tests periods for a variety of reasons; thus the number of participants varied from test to test&quot;.</p><p>3.2: NI. Note: No information provided. </p><p>3.3: NI. Note: No information provided. </p><p>3.4: NI. Note: No information provided.</p>",Some concerns,"<p>4.1: N. Note: The selected outcome method is widely validated and established.</p><p>4.2: NI. Note: No information provided. </p><p>4.3: N. Quote: &quot;The third and fourth teams carried out the evaluations. They Were blind with respect to which families were in the intervention or control groups, as were the physicians who provided the medican checkups&quot;.</p><p>4.4: NA.</p><p>4.5: NA. </p>",Low risk,"<p>5.1: PY. No evidence to suggest otherwise, methods and results do not show discrepancies. </p><p>5.2: PN. Note: No evidence to suggest outcome selection. </p><p>5.3: PN. Note: No evidence to suggest analyses selection. </p>",High risk,<p>The study is judged to be at high risk of bias<b> </b>in one domains (3).</p>
10,3,Distress/PTSD symptoms at 0-1 months—indicated prevention adults,Other,SUBGROUP_AND_OVERALL,Ferreira-Vorkapic 2018,2018,0.0,0.0,1.1,0.0,0,20,25.1,0.0,0,20,0.0,0.0,,,,,Lipp's Stress Symptoms Inventory for Adults (ISSL),Low risk,"<p>1.1: Y; 1.2: Y. Quote: &quot;(...) volunteers were randomly allocated to one of the three experimental groups. A separate examiner coordinated the group distribution (and all statistical analysis was performed by an expert from another<br/>state), using the random allocation method.&quot;</p><p>1.3: N. Quote: &quot;the baseline data showing no significant differences between the groups, except for education years, where the relaxation group showed a higher<br/>level of education&quot;</p>",Some concerns,<p>2.1: PY; 2.2: PY. Note: Due to the nature of the intervention participants and personnel were most likely aware of their assigned intervention </p><p>2.3: PN. Note: No evidence to suggest issues to implement intervention</p><p>2.4: NA.</p><p>2.5: NA. </p><p>2.6: NI. Note: No explicit mention of the analysis used to estimate the effect of assignment to intervention</p><p>2.7: NA. Note: There was not a substantial impact of the failure to analyse participants in the group to which they were randomized</p>,Low risk,<p>3.1: Y. Note: Drop-out: 0</p><p>3.2: NA.</p><p>3.3: NA.</p><p>3.4: NA.</p>,Some concerns,"<p>4.1: N. Note: The selected outcome method (BAI) is widely validated and established across multiple languages.ility in the study (0.9)</p><p>4.2: PN. Note: No evidence to suggest differences in measurement between intervention and control.</p><p>4.3: PY. Note: Outcome assessors (participants) were most likely aware of intervention allocation. </p><p>4.4: PY; 4.5: PN. Note: Knowledge of the assigned intervention could influence participant-reported outcomes, but there is no reason to believe that it did.</p>",Low risk,"<p>5.1: PY. Note: No evidence to suggest otherwise, methods and results do not show discrepancies. </p><p>5.2: PN. Note: No evidence to suggest outcome selection. All outcomes mentioned in the methods and results were reported. </p><p>5.3: PN. Note: No evidence to suggest analyses selection. All analyses mentioned in the methods were reported. </p>",Some concerns,"<p>The study is judged to raise some concerns in two domains (2 and 4), but not to be at high risk of bias for any domain.</p>"
10,3,Distress/PTSD symptoms at 0-1 months—indicated prevention adults,Other,SUBGROUP_AND_OVERALL,Hinton 2021,2018,0.0,0.0,2.9,2.4,0,19,5.5,3.4,0,20,0.0,0.0,5.240101,-0.861595,-1.521082,-0.202107,Zarit Burden Interview (ZBI),Low risk,"<p>1a.1: PY. 1a.2: Y. Quote: &quot;Randomizationwas at the level of clusters, defined as geographic areas (ie, communes) served by commune health stations which have a population<br/>range of ≈5000-15,000 people. Randomization was conducted<br/>by one of the study investigators residing in the United States through<br/>the flip of a coin.&quot;</p><p>1a.3: NI. No useful information is reported to evaluate this element</p><p>1b.1: N. Note: particpants were recruited after randomization; </p><p>1b.2: PN. Note: there is no evidence to suggest that selection of individual participants was affected by knoweldge of the intervention assigned to the cluster; </p><p>1b.3:N. Note: no significant differences at baseline were identified. </p>",Low risk,"<p>2.1a: NI; 2.1b: PY; 2.2: Y. Note: No information provided on whether participants knew that they were in a trial, due to the nature of the intervention they (as those delivering the intervention) were most likely aware of intervention allocation.</p><p>2.3: PN. Note: No evidence to suggest deviations from the intended intervention that arose because of the trial context </p><p>2.4: NA.</p><p>2.5: NA.</p><p>2.6: Y. Note: Data was analysed on an intention-to-treat basis.</p><p>2.7: NA.</p>",Low risk,<p>3.1a PY. Note: no evidence to suggest failure in analyzing any clyster; </p><p>3.1b: PY. Note: data was avaiable for 85% of participants at follow-up.</p><p>3.2: NA.</p><p>3.3: NA; 3.4: NA.</p>,Some concerns,"<p>4.1: PN.  The outcome measure (CES-D) is widely established and used across contexts. </p><p>4.2: PN. Note: no evidence to suggest that. </p><p>4.3a: NI; 4.3b: PY. Note: No information provided on whether participants knew that they were in a trial, participants were most likely aware of the group allocation due to the nature of the intervention. </p><p>4.4: PY; 4.5: PN. Note: Knowledge of the assigned interventio could influence participant-reported outcomes, but there is no reason to believe that it did.</p>",Low risk,"<p>5.1: Y. Note: A pre-determined statistical plan is avaiable and in line with procedures reported in the final manuscript</p><p>5.2: PN. Note:No evidence to suggest outcome selection. All outcomes mentioned in the protocol, methods and results were reported.</p><p>5.3: PN. Note: No evidence to suggest analyses selection. All analyses mentioned in the protocol, methods and results were reported.</p>",Some concerns,"<p>The study is judged to raise some concerns in one domain (4), but not to be at high risk of bias for any domain.</p>"
10,3,Distress/PTSD symptoms at 0-1 months—indicated prevention adults,Other,SUBGROUP_AND_OVERALL,Luoto 2020,2020,0.0,0.0,15.98,12.41,0,181,14.98,13.35,0,184,0.0,0.0,5.995698,0.077404,-0.127859,0.282667,Daily Stress Index (DSI),Low risk,"<p>1a.1: PY; 1a.2: PY. Quote: &quot;Using a random<br/>number generator in Stata, two authors (JEL and ILG) randomly assigned villages in a 1:1:1 ratio to one of three study groups, stratified by sub-county&quot;</p><p>1a.3: NI.  No useful information is reported to evaluate this element.</p><p>1b.1: Y. Note: from protocol it is clear that recruitment of both adults and children as well as baseline assessments, took place before randomization to study arms </p>",Low risk,"<p>2.1 a: NI; 2.1b:PY; 2.2: PY. Note: No information provided on whether participants knew that they were in a trial, due to the nature of the intervention they (as those delivering the intervention) were most likely aware of intervention allocation. Quote: &quot;Due to the nature of the intervention, masking of<br/>participants and community health volunteers who<br/>delivered the intervention was not possible&quot;</p><p>2.3: PN. Note: No evidence to suggest deviations from the intended intervention that arose because of the trial context.</p><p>2.4: NA.</p><p>2.5: NA.</p><p>2.6: Y. Note: Data was analyzed on an intention-to-treat basis.</p><p>2.7: NA.</p>",Low risk,<p>3.1a PY. Note: all 60 clusters that recruited participants were analyzed; </p><p>3.1b: PY. Note: 92 participants out of 1152 were lost at follow-up (8%).</p><p>3.2: NA.</p><p>3.3: NA; 3.4: NA.</p>,Some concerns,"<p>4.1: PN.  The outcome measure (CES-D) is widely established and used across contexts. </p><p>4.2: PN. Note: No evidence to suggest that measurement or ascertainment of the outcome differed between intervention groups.</p><p>4.3a: NI; 4.3b: PY. Note: No information provided on whether participants knew that they were in a trial, participants (outcome assessors) were most likely aware of the group allocation due to the nature of the intervention. Efforts were made to keep the data collection teams as masked to group status as possible. </p><p>4.4: PY; 4.5: PN. Note: Knowledge of the assigned intervention could influence participant-reported outcomes, but there is no reason to believe that it did.</p>",Low risk,"<p>5.1: PY. Note: No evidence to suggest otherwise, protocol and paper do not show discrepancies.</p><p>5.2: PN. Note: No evidence to suggest outcome selection. All outcomes mentioned in the protocol, methods, and results were reported.</p><p>5.3: PN. Note: No evidence to suggest analyses selection. All analyses mentioned in the protocol, methods, and results were reported.</p>",Some concerns,"<p>The study is judged to raise some concerns in one domain (4), but not to be at high risk of bias for any domain.</p>"
10,3,Distress/PTSD symptoms at 0-1 months—indicated prevention adults,Other,SUBGROUP_AND_OVERALL,Novelli 2018,2018,0.0,0.0,30.4,15.39,0,15,35.33,13.55,0,15,0.0,0.0,5.100451,-0.330829,-1.05212,0.390463,Zarit Burden Interview (ZBI),Low risk,"<p>1.1: Y; 1.2: Y. Quote: &quot;The 30 dyads were randomized to an EG and a CG, by randomization in blocks of 4 generated by a computer, performed by a blinded research assistant.&quot;</p><p>1.3: N. Quote: &quot;There was no statistical difference between the groups with regard to baseline characteristics&quot;</p>",Low risk,"<p>2.1: PY; 2.2: PY. Note: Due to the nature of the intervention, caregivers and people who delivering the intervention were most likely aware of the assignment. May be different for patients given the nature of their disorder. </p><p>2.3: N. Note: No evidence of deviations from protocol.</p><p>2.4: NA.</p><p>2.5: NA.</p><p>2.6: PY. Note: 32 out of the 33 randomized dyads were included in post-test analyses. No explicit mention of approach used. </p><p>2.7: NA.</p>",Low risk,"<p>3.1: Y. Quote: &quot;With regard to the total sample, there was a 2-dyad sample loss at the start of the TAP-BR application, because of subject desistance, and 2 new dyads were included in this group; hence, the final sample was of 15 dyads in each group.<br/>There was no loss in the CG because retention strategies were applied.&quot;; &quot;There was no sample loss in the postintervention evaluation.&quot;</p><p>3.2: NA.</p><p>3.3: NA.</p><p>3.4: NA.</p>",Some concerns,"<p>4.1: N. Note: Zarit scale has been validated for use in Brazil</p><p>4.2: PN. Note: No evidence to suggest differences in measurement between intervention and control. </p><p>4.3: PY. Note: Outcome assessors (participants) were most likely aware of intervention allocation. CHWs collecting data were blinded.</p><p>4.4: PY; 4.5: PN. Note: Knowledge of the assigned intervention could influence participant-reported outcomes, but there is no reason to believe that it did</p>",Low risk,"<p>5.1: PY. Note: no evidence to suggest otherwise, methods and results do not show discrepancies. </p><p>5.2: PN. Note: No evidence to suggest outcome selection. All outcomes mentioned in the methods are reported.</p><p>5.3: PN. Note: No evidence to suggest analyses selection. All analyses mentioned in the methods were reported. </p>",Some concerns,"<p>The study is judged to raise some concerns in one domain (4), but not to be at high risk of bias for any domain.</p>"
10,3,Distress/PTSD symptoms at 0-1 months—indicated prevention adults,Other,SUBGROUP_AND_OVERALL,Rajeswari 2020,2020,0.0,0.0,40.52,8.61,0,120,77.56,8.89,0,119,0.0,0.0,5.648104,-4.219477,-4.677488,-3.761467, Calvin Hobel Scale,Some concerns,"<p>1.1: PY; 1.2: NI. Quote: &quot;The women were assigned using a lottery method to intervention and control groups, 125 in each group&quot;</p><p>1.3: PN. Quote: &quot;Majority were in the age group of 25–29 years (intervention group 60 [48%]; control group 57 [45.60%]).It was seen that 37 (29.60%) in the intervention group and 35 (28.0%) in the control group had high school education, 63 (50.40%) of the intervention group and 59 (47.20%) of the control group were residing in suburban area, 72 (57.60%) in the intervention group and 68 (54.40%) in the control group belonged to nuclear families.; &quot;No formal testing is reported</p>",Low risk,"<p>2.1: PY. 2.2: Y.  Note: Due to the nature of the intervention participants were most likely aware of the intervention. Research team members were aware of the intervention during its delivery.</p><p>2.3: PN. Note: No evidence of deviations</p><p>2.4: NA.</p><p>2.5: NA.</p><p>2.6: PY. No mention of approach to estimate effect of assignment to intervention. Out of the 250 participants randomized, 239 were analyzed.</p><p>2.7: NA.</p>",Low risk,"<p>3.1: Y. Note: 125 randomized to intervention, 120 analysed at follow-up. 125 allocated to control, 119 analysed (about 4% were lost)</p><p>3.2: NA.</p><p>3.3: NA.</p><p>3.4: NA.</p>",Some concerns,"<p>4.1: NI. Note: While information on validity for this sample are reported, the measure has been validated across other contexts</p><p>4.2: PN. Note: no evidence to suggest differences in measurement between intervention and control.</p><p>4.3: PY. Note: Outcome assessors (mothers) were most likely aware of intervention allocation.</p><p>4.4: PY. Note: Knowledge of the assigned intervention could influence participant-reported outcomes, but there is no reason to believe that it did</p><p>4.5: PN.</p>",Low risk,"<p>5.1: PY.  Note: no evidence to suggest otherwise, methods and results do not show discrepancies.</p><p>5.2: PN.  Note: No evidence to suggest outcome selection. All outcomes mentioned in the methods were reported. </p><p>5.3: PN. Note: no evidence to suggest analyses selection. All outcomes mentioned in the methods and results were reported. </p>",Some concerns,"<p>The study is judged to raise some concerns in two domains (1 and 4), but not to be at high risk of bias for any domain.</p>"
10,3,Distress/PTSD symptoms at 0-1 months—indicated prevention adults,Other,SUBGROUP_AND_OVERALL,Rodriguez 2021,2021,0.0,0.0,7.09,4.3,0,27,6.33,2.9,0,27,0.0,0.0,5.502757,0.204227,-0.330706,0.739159,Distress Subscale of the Depression Anxiety Stress Scale (DASS-21),Low risk,"<p>1.1: Y. Note: Title mentions RCT design. Quote: &quot;Students who completed the web-based baseline assessment measures were randomly assigned to a brief, 4-week internet-based mindfulness intervention (MIND), or to the intervention plus peer counselor support (MIND+).&quot; </p><p>1.2: Y. Quote: &quot;The randomization sequence was sourced through random.org [49], an automated, web-based randomization service that generates randomness using atmospheric noise. Using random.org, two 25-person blocks were used to randomize the participants into 2 equally-sized groups.&quot;</p><p>1.3: PN. Note: No significant differences at baseline.</p>",Some concerns,"<p>2.1: PY; 2.2: PY. Note: Due to the nature of the intervention, participants and the interventionists were most likely aware of the allocation.</p><p>2.3: PN. Note: No evidence to suggest issues to implement intervention. </p><p>2.4: NA</p><p>2.5: NA</p><p>2.6: NI. Note: No explicit mention of the analysis used to estimate the effect of assignment to intervention.</p><p>2.7: N. Note: There was not a substantial impact of the failure to analyse participants in the group to which they were randomized.</p>",High risk,<p>3.1: PN. Note: Drop-out: 31 of 56.</p><p>3.2: PN. Note: Proportions of lost to follow-up between control and intervention are not comparable (n= 20 and n= 11).</p><p>3.3: NI; 3.4: NI. Note: No information about documented reasons that withdrawal are related to the outcome.</p>,Some concerns,"<p>4.1: N. Note: The selected outcome method (DASS-21) is widely validated and established.</p><p>4.2: PN. Note: No evidence to suggest differences in measurement between intervention and control.</p><p>4.3: PY. Note: Outcome assessors (participants) were most likely aware of intervention allocation.</p><p>4.4: PY; 4.5: PN. Note: Knowledge of the assigned intervention could influence participant-reported outcomes, but there is no reason to believe that it did.</p>",High risk,"<p>5.1: PY. Note: No evidence to suggest otherwise, methods and results do not show discrepancies.</p><p>5.2: PY. Note: Evidence to suggest outcome selection. The outcome &quot;stress&quot; (PSS) mentioned in the methods, it was not reported in the results.</p><p>5.3: PY: Evidence to suggest analyses selection. The outcome &quot;stress&quot; (PSS) mentioned in the methods, it was not reported in the results.</p>",High risk,<p>The study is judged to be at high risk of bias<b> </b>in two domains (3 and 5).</p>
10,3,Distress/PTSD symptoms at 0-1 months—indicated prevention adults,Community setting,SUBGROUP_AND_OVERALL,Acarturk 2022,2022,0.0,0.0,12.66,4.95,0,237,13.5,5.1,0,266,0.0,0.0,6.020842,-0.166751,-0.342129,0.008626,General Health Questionnaire (GHQ-12),Low risk,"<p>1.1: Y. Quote: &quot;Participants were randomly assigned either to the Self-Help Plus arm or to ECAU only, in a 1:1 ratio.&quot; 1.2: Y. Quote &quot;The randomization schedule was generated by Castor Electronic Data Capture (EDC). (..)  Research team members involved in<br/>recruitment were able to access the web-based software to randomize each newly enrolled participant, but were not able to access the randomization list, and were not aware of the block size.&quot;</p><p>1.3: N. Note: No significant differences at baseline. </p>",Low risk,<p>2.1: PY; 2.2: PY. Note: Due to the nature of the intervention participants and the interventionists were most likely aware of the allocation.</p><p>2.3: PN. Note: No evidence to suggest issues to implement intervention.</p><p>2.4: NA.</p><p>2.5: NA.</p><p>2.6: Y. Quote: &quot;We followed an intent-to-treat approach for analysis of primary and secondary outcomes&quot;</p><p>2.7: NA.</p>,Low risk,<p>3.1: PY. Quote: &quot; The distribution of participants lost to follow-up was similar between the study groups (15.53% vs. 14.06%)&quot;</p><p>3.2: NA.</p><p>3.3: NA.</p><p>3.4: NA.</p>,Some concerns,"<p>4.1: N. Note: The selected outcome method (PHQ-9) is widely validated and established.</p><p>4.2: PN. Note: No evidence to suggest differences in measurement between intervention and control. </p><p>4.3: PY. Note: Outcome assessors (participants) were most likely aware of intervention allocation. </p><p>4.4: PY; 4.5: PN. Note: Knowledge of the assigned intervention could influence participant-reported outcomes, but there is no reason to believe that it did.</p>",Low risk,"<p>5.1: PY. Note: no evidence to suggest otherwise, methods and results do not show discrepancies. </p><p>5.2: PN. Note: No evidence to suggest outcome selection. All outcomes mentioned in the methods are reported.</p><p>5.3: PN. Note: No evidence to suggest analyses selection. All analyses mentioned in the methods were reported. </p>",Some concerns,"<p>The study is judged to raise some concerns in one domain (4), but not to be at high risk of bias for any domain.</p>"
10,3,Distress/PTSD symptoms at 0-1 months—indicated prevention adults,Community setting,SUBGROUP_AND_OVERALL,Chomat 2019,2019,0.0,0.0,36.7,10.7,0,68,35.7,11.4,0,53,0.0,0.0,5.810189,0.090242,-0.269072,0.449555,Psychosocial Distress Subscale of the Hopkins Symptom Checklist (HSCL-25),Low risk,<p>1.1: Y; 1.2: PY. Note: Remaining names were allocated to the control group with a delayed circle intervention&quot;<br/>Quote: &quot;in a study of this nature it is virtually impossible to keep allocation to groups concealed after the intervention starts&quot;</p><p>1.3: PN. Note: Not significant differences at baseline.</p>,Low risk,"<p>2.1: PY; 2.2: PY.  Quote: In a study of this nature it is virtually impossible to keep allocation to groups concealed after the intervention starts. However, we made no announcements as to the allocation to any of the participants. Given the nature of the intervention, masking was not possible either&quot;</p><p>2.3: PN.  Note: There is no reasons to believe it.</p><p>2.4: NA.</p><p>2.5: NA.</p><p>2.6: Y.  Quote: all primary and secondary analyses followed the intention to treat principle&quot;</p><p>2.7: NA.</p><p> </p>",Low risk,"<p>3.1: PY.  Quote: &quot;147 (81 intervention, 66 control) completed it at baseline, and 121 (68 intervention, 53 control) post-intervention.&quot;</p><p>3.2: NA.</p><p>3.3: NA.</p><p>3.4: NA.</p>",Some concerns,"<p>4.1: N. Note: The selected outcome method is widely validated and established. The selected outcome measure was adapted to fit the local context.</p><p>4.2: N. Note: No evidence to suggest differences in measurement between intervention and control groups. </p><p>4.3: PY.  Note: Outcome assessors were most likely aware of intervention allocation.</p><p>4.4: PY. Note: Knowledge o fthe assigned intervention could influence participant-reported outcomes, but there is no reason to believe that it did. </p><p>4.5: PN.</p>",Low risk,"<p>5.1: PY.  Note: No protocol available. No evidence to suggest otherwise, methods and results do not show discrepancies. </p><p>5.2: PN. Note: No protocol available. No evidence to suggest otherwise, methods and results do not show discrepancies. </p><p>5.3: PN. Note: No evidence to suggest analyses selection. All outcomes mentioned in the methods and results were reported.</p>",Some concerns,"<p>The study is judged to raise some concerns in one domain (4), but not to be at high risk of bias for any domain.</p>"
10,3,Distress/PTSD symptoms at 0-1 months—indicated prevention adults,Community setting,SUBGROUP_AND_OVERALL,Lachman 2017,2017,0.0,0.0,20.53,8.2,0,34,22.4,7.63,0,34,0.0,0.0,5.613495,-0.233414,-0.71049,0.243662,Parenting Stress Index Short Form (PSI-SF),Low risk,"<p>1.1: Y; 1.2:Y. Quote: &quot;An external researcher not directly involved in the study conducted the randomization procedures remotely in Oxford, United<br/>Kingdom. Participants were randomly assigned on a 1:1 ratio to an intervention or wait-list control group after baseline data collection<br/>using a concealed computerized program, SealedEnvelope™.&quot;; &quot;Our implementing partner, Clowns Without Borders South Africa, notified participants of their<br/>allocation status via telephone.&quot;</p><p>1.3:PN.</p>",Low risk,"<p>2.1:Y; 2.2:Y. Quote: &quot;Although program implementers and participants were aware of their allocation status, researchers<br/>conducting self-report interviews and observational assessments were blind to allocation.&quot;</p><p>2.3: PN. Note: No evidence to suggest issues to implement intervention</p><p>2.4:NA.</p><p>2.5:NA.</p><p>2.6:Y. Quote: &quot;Data analyses were conducted with an intention-to-treat design&quot;</p><p>2.7:NA.</p>",Low risk,<p>3.1:Y. Note: 3 out of the 68 participants randomized were lost at follow-up (2.9%).</p><p>3.2:NA.</p><p>3.3:NA.</p><p>3.4:NA.</p>,Some concerns,"<p>4.1:PN. Note: The selected outcome method is widely validated and established, appropriate for the local context, and assessed in its psychometric properties for this sample. </p><p>4.2:PN. Note: No evidence to suggest differences in measurement between intervention and control. </p><p>4.3:Y. Note: Outcome assessors (participants) were most likely aware of intervention allocation. The research assistants administering the questionnaires were blinded.</p><p>4.4: PY; 4.5:PN. Note: Knowledge of the assigned intervention could influence participant-reported outcomes, but there is no reason to believe that it did</p>",Some concerns,"<p>5.1:PY. Note: No evidence to suggest otherwise, the protocol and manuscript do not show discrepancies. </p><p>5.2: PY. Note: A few of the secondary outcomes mentioned in the protocol (e.g. ASSIST, Grover-Counter Scale of Cognitive Development) were not reported in this manuscript. </p><p>5.3: PN. Note: No evidence to suggest analyses selection. All analyses mentioned in the protocol and methods were reported in the results. </p>",Some concerns,"<p>The study is judged to raise some concerns in two domains (4 and 5), but not to be at high risk of bias for any domain.</p>"
10,3,Distress/PTSD symptoms at 0-1 months—indicated prevention adults,Community setting,SUBGROUP_AND_OVERALL,Lachman 2020,2020,0.0,0.0,21.08,9.56,0,29,21.29,10.74,0,24,0.0,0.0,5.490938,-0.020466,-0.561337,0.520405,Parenting Stress Scale (PSS),Low risk,"<p>1a.1: Y; 1a.2: Y. Quote: &quot;Cluster randomisation was conducted at village level prior to baseline assessments, to reduce the likelihood of contamination between arms. An external researcher used concealed computer-generated codes to randomly allocate eight villages into three treatment arms and a control arm &quot;; &quot;The implementing partner notified the participating families of their allocation status after baseline data collection.&quot;</p><p>1a.3: NI. No useful information is reported to evaluate this element.</p><p>1b.1: PN. Note: randomization was conducted prior to the recruitment of participants</p><p>1b.2: PN. Note: groups were comparable at baseline, see Table 1. </p>",Low risk,"<p>2.1a: NI; 2.1b: PY; 2.2: PY. Note: No information provided on whether participants knew that they were in a trial, due to the nature of the intervention they (as those delivering the intervention) were aware of intervention allocation. </p><p>2.3: PN. Note: No evidence to indicate deviations from protocol.</p><p>2.4: NA.</p><p>2.5: NA.</p><p>2.6: Y. Note: Data was analysed on an intention-to-treat basis.</p><p>2.7: NA.</p>",Low risk,"<p>3.1a.: Y. Note: all included clusters were analyzed; 3.1b: PY. Note: data were available for nearly all participants within the cluster. Quote:&quot;Study retention was considerably higher than anticipated with 94.8% adults (n=235/248), 87.5% children (n=154/176) and 87.8% in their early childhood (n=122/139) assessments completed at post-treatment, with no differences between arms&quot;</p><p>3.2: NA.</p><p>3.3: NA.</p><p>3.4: NA.</p>",Some concerns,"<p>4.1: PN. Note: The outcome measure is widely established and validated for use across different contexts.</p><p>4.2: PN. Note: No evidence to suggest differences in measurement between intervention and control.</p><p>4.3a: NI; 4.3b: PY. Note: No information provided on whether participants knew that they were in a trial, participants (outcome assessors) were most likely aware of the group allocation due to the nature of the intervention.</p><p>4.4: PY; 4.5: PN. Note: Knowledge of the assigned intervention could influence participant-reported outcomes, but there is no reason to believe that it did.</p>",Low risk,"<p>5.1: PY. Note: No evidence to suggest otherwise, methods and results do not show discrepancies.</p><p>5.2: PN. Note: No evidence to suggest outcomes selection. All outcomes mentioned in the methods and results were reported. </p><p>5.3: PN. Note: No evidence to suggest analyses selection. All outcomes mentioned in the methods and results were reported. </p>",Some concerns,"<p>The study is judged to raise some concerns in one domain (4), but not to be at high risk of bias for any domain.</p>"
10,3,Distress/PTSD symptoms at 0-1 months—indicated prevention adults,Community setting,SUBGROUP_AND_OVERALL,Sangraula 2020,2020,0.0,0.0,11.9,6.6,0,6,17.6,6.0,0,6,0.0,0.0,3.956287,-0.83422,-2.036853,0.368414,General Health Questionnaire (GHQ-12),Low risk,"<p>1a.1: PY. 1a.2: PY. Quote: &quot;A randomization procedure was used, in which names of the two VDCs were written on cards and placed into a hat. The District Public Health Officer (DPHO) was to draw one card from the hat which would be allocated as the intervention arm VDC and the VDC in the remaining card would be allocated to the control arm. Program staff, including community psychosocial workers (CPSWs) and research assistants (RAs) were only assigned to either VDC after the random drawing to reduce risk of unblinding. </p><p>1a.3: PN.  There is no evidencde to suggest problems in the randomization process</p><p>1b.1: PN. it appears the randomization was conducted prior to the recruitment of participants.</p><p>1b.2: PN. It is unlikely that the selection of inidividual participants was affected by knowledge of the intervention assigned to the cluster. </p><p>1b.3: PN. there is no evidence to indicate imbalances in baseline values to indicate differentail identification or recruitment of individual participants. </p>",Low risk,"<p>2.1 a:NI. 2.1b: PN. 2.2: PN. Quote: &quot;CPSWs, RAs, trial participants, and local mhGAP trained health workers were blinded to the allocation of the study conditions. The VDCs of the two arms were separated by another VDC which worked as a buffer and physical barrier against contamination between the two arms. CPSWs in both arms were instructed not to disclose the treatment that any participants received except with their clinical supervisors. The trial statistician was blinded to treatment arm during analysis. &quot;</p><p>2.3: NA.</p><p>2.4: NA.</p><p>2.5: NA. </p><p>2.6: PY. Data was analysed for most participants randomized.</p>",Low risk,<p>3.1a: Y. all included clusters were analyzed; </p><p>3.1b: PY. data were available for nearly all participants within the cluster</p><p>3.2: NA.</p><p>3.3: NA.</p><p>3.4: NA.</p>,Low risk,"<p>4.1: PN. The outcome measure (PHQ-9) is widely established and used across contexts, included the one of the trial</p><p>4.2: PN. No evidence to suggest that measurement or ascertainment of the outcome differed between intervention groups.</p><p>4.3a:NI. 4.3b: PN.  No information provided on whether participants knew that they were in a trial, participants (outcome assessors) were blinded</p>",Low risk,"<p>5.1: PY. No evidence to suggest otherwise, protocol and paper do not show discrepancies.</p><p>5.2: PN. No evidence to suggest outcome selection. All outcomes mentioned in the protocol, methods and results were reported.</p><p>5.3: PN. No evidence to suggest analyses selection. All analyses mentioned in the protocol, methods and results were reported.</p>",Low risk,<p>The study is judged to be at low risk of bias for all domains.</p>
10,3,Distress/PTSD symptoms at 0-1 months—indicated prevention adults,Community setting,SUBGROUP_AND_OVERALL,Ward 2020,2020,0.0,0.0,127.56,21.16,0,148,123.12,21.22,0,128,0.0,0.0,5.964731,0.20898,-0.028245,0.446205,Parenting Stress Index (PSI),Low risk,<p>1.1: PY; 1.2: PY.  Quote: &quot;Randomization was conducted after data collection by an off-site statistician with no other contact with the trial&quot;.&quot;</p><p>1.3: PN. Baseline characteristics were overall comparable across groups as demonstrated by Table 1.</p>,High risk,"<p>2.1: PY; 2.2: PY.  Due to the nature of the intervention participants and personnel were moslt likely aware of their assigned intervention.</p><p>2.3: PY. There is some evidence to suggest possible contamination between the intervention and control group. Quote: &quot;In addition, in the dense living environments of informal settlements, it is possible that there was contamination between intervention and control groups.&quot;</p><p>2.4: PY. Contamination could have affected the outcomes.</p><p>2.5: PY. Contamination is more liekly to affect the participants in the control group.</p><p>2.6: PY. No explicit mention of the analysis used to estimate the effect of assignment to intervention, but data was analyzed for almost all randomized participants. Quote: &quot;For caregiver self-report, the follow-up rate was 97.0% at t1 and 91.9% at t&quot;. </p><p>2.7: NA.</p>",Low risk,"<p>3.1: PY.  Data was availalble for almost all randomized participants. Quote: &quot;For caregiver self-report, the follow-up rate was 97.0% at t1 and 91.9% at t&quot;</p><p>3.2: NA. </p><p>3.3: NA.</p><p>3.4: NA.</p>",Some concerns,"<p>4.1: PN. The selected outcome method is widely validated and established across contexts and demonstrated good psychometric properties in the study</p><p>4.2: PN. Note: No evidence to suggest differences in measurement between intervention and control. </p><p>4.3: PY. Outcome assessors (participants) were most likely aware of intervention allocation. </p><p>4.4: PY. Knowledge of the assigned intervention could influence participant-reported outcomes, but there is no reason to believe that it did</p><p>4.5: PN.</p>",Low risk,"<p>5.1: PY.  No evidence to suggest otherwise, methods and results do not show discrepancies.. </p><p>5.2: PN. No evidence to suggest outcome selection.. </p><p>5.3: PN. No evidence to suggest analyses selection. All analyses mentioned in the methods were reported.</p>",High risk,<p>The study is judged to be at high risk of bias<b> </b>in one domain (2).</p>
10,3,Distress/PTSD symptoms at 0-1 months—indicated prevention adults,School,SUBGROUP_AND_OVERALL,Rao 2017,2017,0.0,0.0,9.26,6.77,0,30,12.53,5.55,0,30,0.0,0.0,5.541482,-0.5214,-1.036581,-0.006219,General Health Questionnaire (GHQ-12),Low risk,"<p>1.1: Y; 1.2: PY. Quote: &quot;All the subjects were given a serial number based on<br/>alphabetical order of their names. The participants were<br/>randomly divided into an MSRT group (n = 30) and a control<br/>group (n = 30) using computer-based random number<br/>generating software.&quot;</p><p>1.3: N. Quote:&quot;No significant differences existed in participants’ ages,<br/>socioeconomic statuses, and educational backgrounds<br/>between the groups.&quot;</p>",Low risk,"<p>2.1: PY; 2.2: PY.  Note: Due to the nature of the intervention, caregivers and people who delivering the intervention were most likely aware of the assignment. May be different for patients given the nature of their disorder. </p><p>2.3: PN.  Note: No evidence to suggest issues in recruitment and engagement nor failures to implement intervention</p><p>2.4: NA.</p><p>2.5: NA.</p><p>2.6: PY.  Note: No explicit mention of the analysis used to estimate the effect of assignment to intervention. Results table are reported for all the randomized participants (n=30 participants in the intervention and n=30 in the control group).</p><p>2.7: NA.</p>",Low risk,"<p>3.1: PY.  Note: Tables indicate that the number of participants for cases and controls is equal to 30. There is no specification on number of participants that may have been lost at follow-up. Tables report data for the 60 randomized participants. As the methods indicate that only participants attending 70% + of sessions would be included in the study, it can be deduced that no losses at follow-up could be observed.  </p><p>3.2: NA. </p><p>3.3: NA.</p><p>3.4: NA.</p>",Some concerns,"<p>4.1: N.  Quote: &quot;valid and reliable tool&quot;; &quot;It is the most widely<br/>used psychological instrument for measuring the perception<br/>of stress. It consists of 10 items.&quot; </p><p>4.2: PN. Note: no evidence to suggest differences in measurement between intervention and control.</p><p>4.3: Y. Note: Outcome assessors (mothers) were most likely aware of intervention allocation.</p><p>4.4: PY. Note: Knowledge of the assigned intervention could influence participant-reported outcomes, but there is no reason to believe that it did</p><p>4.5: PN.  </p>",Low risk,"<p>5.1: PY.  Note: no evidence to suggest otherwise, methods and results do not show discrepancies.</p><p>5.2: PN.  Note: No evidence to suggest outcome selection. All outcomes mentioned in the methods were reported. </p><p>5.3: PN. Note: no evidence to suggest analyses selection. All outcomes mentioned in the methods and results were reported. </p>",Some concerns,"<p>The study is judged to raise some concerns in one domain (4), but not to be at high risk of bias for any domain.</p>"
